solid OpenSCAD_Model
  facet normal 0.998796 -0.0490603 0
    outer loop
      vertex 54.7352 -5.39094 5
      vertex 55 0 0
      vertex 55 0 5
    endloop
  endfacet
  facet normal 0.998796 -0.0490603 0
    outer loop
      vertex 55 0 0
      vertex 54.7352 -5.39094 5
      vertex 54.7352 -5.39094 0
    endloop
  endfacet
  facet normal -0.998796 -0.0490603 0
    outer loop
      vertex -54.7352 -5.39094 0
      vertex -55 0 5
      vertex -55 0 0
    endloop
  endfacet
  facet normal -0.998796 -0.0490603 0
    outer loop
      vertex -55 0 5
      vertex -54.7352 -5.39094 0
      vertex -54.7352 -5.39094 5
    endloop
  endfacet
  facet normal 0.0490603 -0.998796 0
    outer loop
      vertex 0 -55 0
      vertex 5.39094 -54.7352 5
      vertex 0 -55 5
    endloop
  endfacet
  facet normal 0.0490603 -0.998796 0
    outer loop
      vertex 5.39094 -54.7352 5
      vertex 0 -55 0
      vertex 5.39094 -54.7352 0
    endloop
  endfacet
  facet normal 0.740956 -0.671553 0
    outer loop
      vertex 38.8909 -38.8909 5
      vertex 42.5156 -34.8916 0
      vertex 42.5156 -34.8916 5
    endloop
  endfacet
  facet normal 0.740956 -0.671553 0
    outer loop
      vertex 42.5156 -34.8916 0
      vertex 38.8909 -38.8909 5
      vertex 38.8909 -38.8909 0
    endloop
  endfacet
  facet normal -0.671553 -0.740956 0
    outer loop
      vertex -38.8909 -38.8909 0
      vertex -34.8916 -42.5156 5
      vertex -38.8909 -38.8909 5
    endloop
  endfacet
  facet normal -0.671553 -0.740956 -0
    outer loop
      vertex -34.8916 -42.5156 5
      vertex -38.8909 -38.8909 0
      vertex -34.8916 -42.5156 0
    endloop
  endfacet
  facet normal -0.336884 -0.941546 0
    outer loop
      vertex -21.0476 -50.8134 0
      vertex -15.9657 -52.6317 5
      vertex -21.0476 -50.8134 5
    endloop
  endfacet
  facet normal -0.336884 -0.941546 -0
    outer loop
      vertex -15.9657 -52.6317 5
      vertex -21.0476 -50.8134 0
      vertex -15.9657 -52.6317 0
    endloop
  endfacet
  facet normal 0.941546 -0.336884 0
    outer loop
      vertex 50.8134 -21.0476 5
      vertex 52.6317 -15.9657 0
      vertex 52.6317 -15.9657 5
    endloop
  endfacet
  facet normal 0.941546 -0.336884 0
    outer loop
      vertex 52.6317 -15.9657 0
      vertex 50.8134 -21.0476 5
      vertex 50.8134 -21.0476 0
    endloop
  endfacet
  facet normal 0.427557 -0.903989 0
    outer loop
      vertex 21.0476 -50.8134 0
      vertex 25.9268 -48.5057 5
      vertex 21.0476 -50.8134 5
    endloop
  endfacet
  facet normal 0.427557 -0.903989 0
    outer loop
      vertex 25.9268 -48.5057 5
      vertex 21.0476 -50.8134 0
      vertex 25.9268 -48.5057 0
    endloop
  endfacet
  facet normal 0.595699 -0.803208 0
    outer loop
      vertex 30.5564 -45.7308 0
      vertex 34.8916 -42.5156 5
      vertex 30.5564 -45.7308 5
    endloop
  endfacet
  facet normal 0.595699 -0.803208 0
    outer loop
      vertex 34.8916 -42.5156 5
      vertex 30.5564 -45.7308 0
      vertex 34.8916 -42.5156 0
    endloop
  endfacet
  facet normal -0.903989 -0.427557 0
    outer loop
      vertex -48.5057 -25.9268 0
      vertex -50.8134 -21.0476 5
      vertex -50.8134 -21.0476 0
    endloop
  endfacet
  facet normal -0.903989 -0.427557 0
    outer loop
      vertex -50.8134 -21.0476 5
      vertex -48.5057 -25.9268 0
      vertex -48.5057 -25.9268 5
    endloop
  endfacet
  facet normal -0.146735 -0.989176 0
    outer loop
      vertex -10.73 -53.9432 0
      vertex -5.39094 -54.7352 5
      vertex -10.73 -53.9432 5
    endloop
  endfacet
  facet normal -0.146735 -0.989176 -0
    outer loop
      vertex -5.39094 -54.7352 5
      vertex -10.73 -53.9432 0
      vertex -5.39094 -54.7352 0
    endloop
  endfacet
  facet normal 0.941546 0.336884 0
    outer loop
      vertex 52.6317 15.9657 5
      vertex 50.8134 21.0476 0
      vertex 50.8134 21.0476 5
    endloop
  endfacet
  facet normal 0.941546 0.336884 0
    outer loop
      vertex 50.8134 21.0476 0
      vertex 52.6317 15.9657 5
      vertex 52.6317 15.9657 0
    endloop
  endfacet
  facet normal 0 0 1
    outer loop
      vertex -40.8666 24.4323 5
      vertex -37.4161 25.0007 5
      vertex -40.8227 24.6737 5
    endloop
  endfacet
  facet normal 0 0 1
    outer loop
      vertex -40.9339 24.1964 5
      vertex -37.4161 25.0007 5
      vertex -40.8666 24.4323 5
    endloop
  endfacet
  facet normal 0 0 1
    outer loop
      vertex -37.4161 25.0007 5
      vertex -40.9339 24.1964 5
      vertex -39.6865 21.2129 5
    endloop
  endfacet
  facet normal -0 0 1
    outer loop
      vertex -41.0241 23.9682 5
      vertex -39.6865 21.2129 5
      vertex -40.9339 24.1964 5
    endloop
  endfacet
  facet normal -0 0 1
    outer loop
      vertex -41.1362 23.75 5
      vertex -39.6865 21.2129 5
      vertex -41.0241 23.9682 5
    endloop
  endfacet
  facet normal -0 0 1
    outer loop
      vertex -41.2692 23.5438 5
      vertex -39.6865 21.2129 5
      vertex -41.1362 23.75 5
    endloop
  endfacet
  facet normal -0 0 1
    outer loop
      vertex -41.4217 23.3516 5
      vertex -39.6865 21.2129 5
      vertex -41.2692 23.5438 5
    endloop
  endfacet
  facet normal -0 0 1
    outer loop
      vertex -41.5923 23.1753 5
      vertex -39.6865 21.2129 5
      vertex -41.4217 23.3516 5
    endloop
  endfacet
  facet normal -0 0 1
    outer loop
      vertex -41.7794 23.0166 5
      vertex -39.6865 21.2129 5
      vertex -41.5923 23.1753 5
    endloop
  endfacet
  facet normal -0 0 1
    outer loop
      vertex -41.9811 22.877 5
      vertex -39.6865 21.2129 5
      vertex -41.7794 23.0166 5
    endloop
  endfacet
  facet normal -0 0 1
    outer loop
      vertex -42.1955 22.7578 5
      vertex -39.6865 21.2129 5
      vertex -41.9811 22.877 5
    endloop
  endfacet
  facet normal -0 0 1
    outer loop
      vertex -42.4206 22.6602 5
      vertex -39.6865 21.2129 5
      vertex -42.1955 22.7578 5
    endloop
  endfacet
  facet normal -0 0 1
    outer loop
      vertex -42.6542 22.5852 5
      vertex -39.6865 21.2129 5
      vertex -42.4206 22.6602 5
    endloop
  endfacet
  facet normal 0 0 1
    outer loop
      vertex -39.6865 21.2129 5
      vertex -42.6542 22.5852 5
      vertex -41.5746 17.2208 5
    endloop
  endfacet
  facet normal -0 0 1
    outer loop
      vertex -42.894 22.5334 5
      vertex -41.5746 17.2208 5
      vertex -42.6542 22.5852 5
    endloop
  endfacet
  facet normal -0 0 1
    outer loop
      vertex -43.1378 22.5054 5
      vertex -41.5746 17.2208 5
      vertex -42.894 22.5334 5
    endloop
  endfacet
  facet normal -0 0 1
    outer loop
      vertex -43.3831 22.5013 5
      vertex -41.5746 17.2208 5
      vertex -43.1378 22.5054 5
    endloop
  endfacet
  facet normal 0 0 1
    outer loop
      vertex -43.6276 22.5214 5
      vertex -41.5746 17.2208 5
      vertex -43.3831 22.5013 5
    endloop
  endfacet
  facet normal 0 0 1
    outer loop
      vertex -43.869 22.5653 5
      vertex -41.5746 17.2208 5
      vertex -43.6276 22.5214 5
    endloop
  endfacet
  facet normal 0 0 1
    outer loop
      vertex -44.1049 22.6327 5
      vertex -41.5746 17.2208 5
      vertex -43.869 22.5653 5
    endloop
  endfacet
  facet normal 0 0 1
    outer loop
      vertex -44.333 22.7228 5
      vertex -41.5746 17.2208 5
      vertex -44.1049 22.6327 5
    endloop
  endfacet
  facet normal -0 0 1
    outer loop
      vertex -50.8134 21.0476 5
      vertex -41.5746 17.2208 5
      vertex -44.333 22.7228 5
    endloop
  endfacet
  facet normal 0 0 1
    outer loop
      vertex -41.5746 17.2208 5
      vertex -50.8134 21.0476 5
      vertex -43.0623 13.0628 5
    endloop
  endfacet
  facet normal 0 0 1
    outer loop
      vertex -50.8134 21.0476 5
      vertex -44.333 22.7228 5
      vertex -44.5513 22.8349 5
    endloop
  endfacet
  facet normal 0 0 1
    outer loop
      vertex -50.8134 21.0476 5
      vertex -44.5513 22.8349 5
      vertex -44.7575 22.9679 5
    endloop
  endfacet
  facet normal 0 0 1
    outer loop
      vertex -43.0623 13.0628 5
      vertex -52.6317 15.9657 5
      vertex -44.1353 8.77906 5
    endloop
  endfacet
  facet normal 0 0 1
    outer loop
      vertex -50.8134 21.0476 5
      vertex -44.7575 22.9679 5
      vertex -44.9496 23.1204 5
    endloop
  endfacet
  facet normal -0 0 1
    outer loop
      vertex -53.9432 10.73 5
      vertex -44.1353 8.77906 5
      vertex -52.6317 15.9657 5
    endloop
  endfacet
  facet normal 0 0 1
    outer loop
      vertex -50.8134 21.0476 5
      vertex -44.9496 23.1204 5
      vertex -45.1259 23.291 5
    endloop
  endfacet
  facet normal 0 0 1
    outer loop
      vertex 10.73 -53.9432 5
      vertex 2.48796 -49.755 5
      vertex 2.5 -50 5
    endloop
  endfacet
  facet normal 0 0 1
    outer loop
      vertex 8.77906 -44.1353 5
      vertex 2.45196 -49.5123 5
      vertex 2.48796 -49.755 5
    endloop
  endfacet
  facet normal 0 0 1
    outer loop
      vertex 4.41077 -44.7833 5
      vertex 2.39235 -49.2743 5
      vertex 2.45196 -49.5123 5
    endloop
  endfacet
  facet normal 0 0 1
    outer loop
      vertex 4.41077 -44.7833 5
      vertex 2.3097 -49.0433 5
      vertex 2.39235 -49.2743 5
    endloop
  endfacet
  facet normal 0 0 1
    outer loop
      vertex 4.41077 -44.7833 5
      vertex 2.2048 -48.8215 5
      vertex 2.3097 -49.0433 5
    endloop
  endfacet
  facet normal 0 0 1
    outer loop
      vertex 4.41077 -44.7833 5
      vertex 2.07867 -48.6111 5
      vertex 2.2048 -48.8215 5
    endloop
  endfacet
  facet normal 0 0 1
    outer loop
      vertex 4.41077 -44.7833 5
      vertex 1.93253 -48.414 5
      vertex 2.07867 -48.6111 5
    endloop
  endfacet
  facet normal 0 0 1
    outer loop
      vertex 4.41077 -44.7833 5
      vertex 1.76777 -48.2322 5
      vertex 1.93253 -48.414 5
    endloop
  endfacet
  facet normal 0 0 1
    outer loop
      vertex 4.41077 -44.7833 5
      vertex 1.58598 -48.0675 5
      vertex 1.76777 -48.2322 5
    endloop
  endfacet
  facet normal 0 0 1
    outer loop
      vertex 4.41077 -44.7833 5
      vertex 1.38893 -47.9213 5
      vertex 1.58598 -48.0675 5
    endloop
  endfacet
  facet normal 0 0 1
    outer loop
      vertex 4.41077 -44.7833 5
      vertex 1.17849 -47.7952 5
      vertex 1.38893 -47.9213 5
    endloop
  endfacet
  facet normal -0 0 1
    outer loop
      vertex 0 -45 5
      vertex 1.17849 -47.7952 5
      vertex 4.41077 -44.7833 5
    endloop
  endfacet
  facet normal 0 0 1
    outer loop
      vertex 1.17849 -47.7952 5
      vertex 0 -45 5
      vertex 0.956708 -47.6903 5
    endloop
  endfacet
  facet normal 0 0 1
    outer loop
      vertex 0.956708 -47.6903 5
      vertex 0 -45 5
      vertex 0.725711 -47.6077 5
    endloop
  endfacet
  facet normal 0 0 1
    outer loop
      vertex 0.725711 -47.6077 5
      vertex 0 -45 5
      vertex 0.487725 -47.548 5
    endloop
  endfacet
  facet normal 0 0 1
    outer loop
      vertex 0.487725 -47.548 5
      vertex 0 -45 5
      vertex 0.245043 -47.512 5
    endloop
  endfacet
  facet normal 0 0 1
    outer loop
      vertex 0 -45 5
      vertex 0 -47.5 5
      vertex 0.245043 -47.512 5
    endloop
  endfacet
  facet normal 0 0 1
    outer loop
      vertex 0 -45 5
      vertex -0.245043 -47.512 5
      vertex 0 -47.5 5
    endloop
  endfacet
  facet normal 0 0 1
    outer loop
      vertex 0 -45 5
      vertex -0.487725 -47.548 5
      vertex -0.245043 -47.512 5
    endloop
  endfacet
  facet normal 0 0 1
    outer loop
      vertex 0 -45 5
      vertex -0.725711 -47.6077 5
      vertex -0.487725 -47.548 5
    endloop
  endfacet
  facet normal 0 0 1
    outer loop
      vertex 0 -45 5
      vertex -0.956708 -47.6903 5
      vertex -0.725711 -47.6077 5
    endloop
  endfacet
  facet normal 0 0 1
    outer loop
      vertex 0 -45 5
      vertex -1.17849 -47.7952 5
      vertex -0.956708 -47.6903 5
    endloop
  endfacet
  facet normal 0 0 1
    outer loop
      vertex -4.41077 -44.7833 5
      vertex -1.17849 -47.7952 5
      vertex 0 -45 5
    endloop
  endfacet
  facet normal 0 0 1
    outer loop
      vertex -1.17849 -47.7952 5
      vertex -4.41077 -44.7833 5
      vertex -1.38893 -47.9213 5
    endloop
  endfacet
  facet normal 0 0 1
    outer loop
      vertex -1.38893 -47.9213 5
      vertex -4.41077 -44.7833 5
      vertex -1.58598 -48.0675 5
    endloop
  endfacet
  facet normal 0 0 1
    outer loop
      vertex -1.58598 -48.0675 5
      vertex -4.41077 -44.7833 5
      vertex -1.76777 -48.2322 5
    endloop
  endfacet
  facet normal 0 0 1
    outer loop
      vertex -1.76777 -48.2322 5
      vertex -4.41077 -44.7833 5
      vertex -1.93253 -48.414 5
    endloop
  endfacet
  facet normal 0 0 1
    outer loop
      vertex -1.93253 -48.414 5
      vertex -4.41077 -44.7833 5
      vertex -2.07867 -48.6111 5
    endloop
  endfacet
  facet normal 0 0 1
    outer loop
      vertex -2.45196 -49.5123 5
      vertex -8.77906 -44.1353 5
      vertex -2.48796 -49.755 5
    endloop
  endfacet
  facet normal 0 0 1
    outer loop
      vertex -8.77906 -44.1353 5
      vertex -2.45196 -49.5123 5
      vertex -4.41077 -44.7833 5
    endloop
  endfacet
  facet normal 0 0 1
    outer loop
      vertex -2.39235 -49.2743 5
      vertex -4.41077 -44.7833 5
      vertex -2.45196 -49.5123 5
    endloop
  endfacet
  facet normal 0 0 1
    outer loop
      vertex -2.3097 -49.0433 5
      vertex -4.41077 -44.7833 5
      vertex -2.39235 -49.2743 5
    endloop
  endfacet
  facet normal 0 0 1
    outer loop
      vertex -2.2048 -48.8215 5
      vertex -4.41077 -44.7833 5
      vertex -2.3097 -49.0433 5
    endloop
  endfacet
  facet normal 0 0 1
    outer loop
      vertex -2.07867 -48.6111 5
      vertex -4.41077 -44.7833 5
      vertex -2.2048 -48.8215 5
    endloop
  endfacet
  facet normal -0 0 1
    outer loop
      vertex 44.5513 22.8349 5
      vertex 50.8134 21.0476 5
      vertex 44.7575 22.9679 5
    endloop
  endfacet
  facet normal 0 0 1
    outer loop
      vertex 52.6317 15.9657 5
      vertex 44.7833 4.41077 5
      vertex 45 0 5
    endloop
  endfacet
  facet normal -0 0 1
    outer loop
      vertex 44.333 22.7228 5
      vertex 50.8134 21.0476 5
      vertex 44.5513 22.8349 5
    endloop
  endfacet
  facet normal 0 0 1
    outer loop
      vertex 50.8134 21.0476 5
      vertex 41.5746 17.2208 5
      vertex 52.6317 15.9657 5
    endloop
  endfacet
  facet normal 0 0 1
    outer loop
      vertex 50.8134 21.0476 5
      vertex 44.333 22.7228 5
      vertex 41.5746 17.2208 5
    endloop
  endfacet
  facet normal 0 0 1
    outer loop
      vertex 52.6317 15.9657 5
      vertex 44.1353 8.77906 5
      vertex 44.7833 4.41077 5
    endloop
  endfacet
  facet normal 0 0 1
    outer loop
      vertex 41.5746 17.2208 5
      vertex 44.333 22.7228 5
      vertex 44.1049 22.6327 5
    endloop
  endfacet
  facet normal 0 0 1
    outer loop
      vertex 41.5746 17.2208 5
      vertex 44.1049 22.6327 5
      vertex 43.869 22.5653 5
    endloop
  endfacet
  facet normal 0 0 1
    outer loop
      vertex 41.5746 17.2208 5
      vertex 43.869 22.5653 5
      vertex 43.6276 22.5214 5
    endloop
  endfacet
  facet normal 0 0 1
    outer loop
      vertex 41.5746 17.2208 5
      vertex 43.6276 22.5214 5
      vertex 43.3831 22.5013 5
    endloop
  endfacet
  facet normal 0 0 1
    outer loop
      vertex 41.5746 17.2208 5
      vertex 43.3831 22.5013 5
      vertex 43.1378 22.5054 5
    endloop
  endfacet
  facet normal 0 0 1
    outer loop
      vertex 52.6317 15.9657 5
      vertex 43.0623 13.0628 5
      vertex 44.1353 8.77906 5
    endloop
  endfacet
  facet normal 0 0 1
    outer loop
      vertex 41.5746 17.2208 5
      vertex 43.1378 22.5054 5
      vertex 42.894 22.5334 5
    endloop
  endfacet
  facet normal 0 0 1
    outer loop
      vertex 41.5746 17.2208 5
      vertex 42.894 22.5334 5
      vertex 42.6542 22.5852 5
    endloop
  endfacet
  facet normal 0 0 1
    outer loop
      vertex 39.6865 21.2129 5
      vertex 42.6542 22.5852 5
      vertex 42.4206 22.6602 5
    endloop
  endfacet
  facet normal 0 0 1
    outer loop
      vertex 39.6865 21.2129 5
      vertex 42.4206 22.6602 5
      vertex 42.1955 22.7578 5
    endloop
  endfacet
  facet normal 0 0 1
    outer loop
      vertex 39.6865 21.2129 5
      vertex 42.1955 22.7578 5
      vertex 41.9811 22.877 5
    endloop
  endfacet
  facet normal 0 0 1
    outer loop
      vertex 39.6865 21.2129 5
      vertex 41.9811 22.877 5
      vertex 41.7794 23.0166 5
    endloop
  endfacet
  facet normal 0 0 1
    outer loop
      vertex 39.6865 21.2129 5
      vertex 41.7794 23.0166 5
      vertex 41.5923 23.1753 5
    endloop
  endfacet
  facet normal 0 0 1
    outer loop
      vertex 52.6317 15.9657 5
      vertex 41.5746 17.2208 5
      vertex 43.0623 13.0628 5
    endloop
  endfacet
  facet normal 0 0 1
    outer loop
      vertex 39.6865 21.2129 5
      vertex 41.5923 23.1753 5
      vertex 41.4217 23.3516 5
    endloop
  endfacet
  facet normal 0 0 1
    outer loop
      vertex 39.6865 21.2129 5
      vertex 41.4217 23.3516 5
      vertex 41.2692 23.5438 5
    endloop
  endfacet
  facet normal 0 0 1
    outer loop
      vertex 39.6865 21.2129 5
      vertex 41.2692 23.5438 5
      vertex 41.1362 23.75 5
    endloop
  endfacet
  facet normal 0 0 1
    outer loop
      vertex 39.6865 21.2129 5
      vertex 41.1362 23.75 5
      vertex 41.0241 23.9682 5
    endloop
  endfacet
  facet normal 0 0 1
    outer loop
      vertex 39.6865 21.2129 5
      vertex 41.0241 23.9682 5
      vertex 40.9339 24.1964 5
    endloop
  endfacet
  facet normal 0 0 1
    outer loop
      vertex 37.4161 25.0007 5
      vertex 40.9339 24.1964 5
      vertex 40.8666 24.4323 5
    endloop
  endfacet
  facet normal 0 0 1
    outer loop
      vertex 37.4161 25.0007 5
      vertex 40.8666 24.4323 5
      vertex 40.8227 24.6737 5
    endloop
  endfacet
  facet normal 0 0 1
    outer loop
      vertex 42.6542 22.5852 5
      vertex 39.6865 21.2129 5
      vertex 41.5746 17.2208 5
    endloop
  endfacet
  facet normal 0 0 1
    outer loop
      vertex 37.4161 25.0007 5
      vertex 40.8227 24.6737 5
      vertex 40.8026 24.9182 5
    endloop
  endfacet
  facet normal 0 0 1
    outer loop
      vertex 45 0 5
      vertex 55 0 5
      vertex 54.7352 5.39094 5
    endloop
  endfacet
  facet normal 0 0 1
    outer loop
      vertex 45 0 5
      vertex 54.7352 5.39094 5
      vertex 53.9432 10.73 5
    endloop
  endfacet
  facet normal 0 0 1
    outer loop
      vertex 55 0 5
      vertex 45 0 5
      vertex 54.7352 -5.39094 5
    endloop
  endfacet
  facet normal 0 0 1
    outer loop
      vertex 45 0 5
      vertex 53.9432 10.73 5
      vertex 52.6317 15.9657 5
    endloop
  endfacet
  facet normal -0 0 1
    outer loop
      vertex 44.7833 -4.41077 5
      vertex 54.7352 -5.39094 5
      vertex 45 0 5
    endloop
  endfacet
  facet normal -0 0 1
    outer loop
      vertex 44.9496 23.1204 5
      vertex 50.8134 21.0476 5
      vertex 45.1259 23.291 5
    endloop
  endfacet
  facet normal 0 0 1
    outer loop
      vertex 54.7352 -5.39094 5
      vertex 44.7833 -4.41077 5
      vertex 53.9432 -10.73 5
    endloop
  endfacet
  facet normal -0 0 1
    outer loop
      vertex 45.641 24.1194 5
      vertex 50.8134 21.0476 5
      vertex 48.5057 25.9268 5
    endloop
  endfacet
  facet normal -0 0 1
    outer loop
      vertex 44.1353 -8.77906 5
      vertex 53.9432 -10.73 5
      vertex 44.7833 -4.41077 5
    endloop
  endfacet
  facet normal 0 0 1
    outer loop
      vertex 45.7959 24.8365 5
      vertex 48.5057 25.9268 5
      vertex 45.7999 25.0818 5
    endloop
  endfacet
  facet normal 0 0 1
    outer loop
      vertex 48.5057 25.9268 5
      vertex 45.7799 25.3263 5
      vertex 45.7999 25.0818 5
    endloop
  endfacet
  facet normal 0 0 1
    outer loop
      vertex 48.5057 25.9268 5
      vertex 45.736 25.5677 5
      vertex 45.7799 25.3263 5
    endloop
  endfacet
  facet normal -0 0 1
    outer loop
      vertex 45.1809 26.6484 5
      vertex 48.5057 25.9268 5
      vertex 45.7308 30.5564 5
    endloop
  endfacet
  facet normal 0 0 1
    outer loop
      vertex 48.5057 25.9268 5
      vertex 45.6686 25.8036 5
      vertex 45.736 25.5677 5
    endloop
  endfacet
  facet normal 0 0 1
    outer loop
      vertex 48.5057 25.9268 5
      vertex 45.5784 26.0318 5
      vertex 45.6686 25.8036 5
    endloop
  endfacet
  facet normal 0 0 1
    outer loop
      vertex 48.5057 25.9268 5
      vertex 45.4663 26.25 5
      vertex 45.5784 26.0318 5
    endloop
  endfacet
  facet normal 0 0 1
    outer loop
      vertex 48.5057 25.9268 5
      vertex 45.3334 26.4562 5
      vertex 45.4663 26.25 5
    endloop
  endfacet
  facet normal 0 0 1
    outer loop
      vertex 48.5057 25.9268 5
      vertex 45.1809 26.6484 5
      vertex 45.3334 26.4562 5
    endloop
  endfacet
  facet normal 0 0 1
    outer loop
      vertex 45.7308 30.5564 5
      vertex 45.0103 26.8247 5
      vertex 45.1809 26.6484 5
    endloop
  endfacet
  facet normal 0 0 1
    outer loop
      vertex 45.7308 30.5564 5
      vertex 44.8232 26.9834 5
      vertex 45.0103 26.8247 5
    endloop
  endfacet
  facet normal 0 0 1
    outer loop
      vertex 45.7308 30.5564 5
      vertex 44.6214 27.123 5
      vertex 44.8232 26.9834 5
    endloop
  endfacet
  facet normal 0 0 1
    outer loop
      vertex 45.7308 30.5564 5
      vertex 44.407 27.2422 5
      vertex 44.6214 27.123 5
    endloop
  endfacet
  facet normal 0 0 1
    outer loop
      vertex 45.7308 30.5564 5
      vertex 44.1819 27.3398 5
      vertex 44.407 27.2422 5
    endloop
  endfacet
  facet normal 0 0 1
    outer loop
      vertex 45.7308 30.5564 5
      vertex 43.9483 27.4148 5
      vertex 44.1819 27.3398 5
    endloop
  endfacet
  facet normal 0 0 1
    outer loop
      vertex 45.7308 30.5564 5
      vertex 43.7085 27.4666 5
      vertex 43.9483 27.4148 5
    endloop
  endfacet
  facet normal 0 0 1
    outer loop
      vertex 45.7308 30.5564 5
      vertex 43.4648 27.4946 5
      vertex 43.7085 27.4666 5
    endloop
  endfacet
  facet normal 0 0 1
    outer loop
      vertex 45.7308 30.5564 5
      vertex 43.2195 27.4987 5
      vertex 43.4648 27.4946 5
    endloop
  endfacet
  facet normal 0 0 1
    outer loop
      vertex 45.7308 30.5564 5
      vertex 42.975 27.4786 5
      vertex 43.2195 27.4987 5
    endloop
  endfacet
  facet normal 0 0 1
    outer loop
      vertex 45.7308 30.5564 5
      vertex 42.7336 27.4347 5
      vertex 42.975 27.4786 5
    endloop
  endfacet
  facet normal 0 0 1
    outer loop
      vertex 42.5156 34.8916 5
      vertex 42.7336 27.4347 5
      vertex 45.7308 30.5564 5
    endloop
  endfacet
  facet normal 0 0 1
    outer loop
      vertex 42.5156 34.8916 5
      vertex 42.4977 27.3673 5
      vertex 42.7336 27.4347 5
    endloop
  endfacet
  facet normal 0 0 1
    outer loop
      vertex 42.5156 34.8916 5
      vertex 42.2695 27.2772 5
      vertex 42.4977 27.3673 5
    endloop
  endfacet
  facet normal 0 0 1
    outer loop
      vertex 42.5156 34.8916 5
      vertex 42.0513 27.1651 5
      vertex 42.2695 27.2772 5
    endloop
  endfacet
  facet normal 0 0 1
    outer loop
      vertex 42.5156 34.8916 5
      vertex 41.8451 27.0321 5
      vertex 42.0513 27.1651 5
    endloop
  endfacet
  facet normal -0 0 1
    outer loop
      vertex 34.7855 28.5477 5
      vertex 41.8451 27.0321 5
      vertex 42.5156 34.8916 5
    endloop
  endfacet
  facet normal 0 0 1
    outer loop
      vertex 41.8451 27.0321 5
      vertex 34.7855 28.5477 5
      vertex 41.6529 26.8796 5
    endloop
  endfacet
  facet normal 0 0 1
    outer loop
      vertex 41.6529 26.8796 5
      vertex 34.7855 28.5477 5
      vertex 41.4766 26.709 5
    endloop
  endfacet
  facet normal 0 0 1
    outer loop
      vertex 41.4766 26.709 5
      vertex 34.7855 28.5477 5
      vertex 41.3179 26.5219 5
    endloop
  endfacet
  facet normal 0 0 1
    outer loop
      vertex 41.3179 26.5219 5
      vertex 34.7855 28.5477 5
      vertex 41.1783 26.3202 5
    endloop
  endfacet
  facet normal 0 -0 1
    outer loop
      vertex 37.4161 25.0007 5
      vertex 41.1783 26.3202 5
      vertex 34.7855 28.5477 5
    endloop
  endfacet
  facet normal 0 0 1
    outer loop
      vertex 41.1783 26.3202 5
      vertex 37.4161 25.0007 5
      vertex 41.0591 26.1057 5
    endloop
  endfacet
  facet normal 0 0 1
    outer loop
      vertex 41.0591 26.1057 5
      vertex 37.4161 25.0007 5
      vertex 40.9615 25.8806 5
    endloop
  endfacet
  facet normal -0 0 1
    outer loop
      vertex 37.4161 25.0007 5
      vertex 40.8026 24.9182 5
      vertex 40.8066 25.1635 5
    endloop
  endfacet
  facet normal 0 0 1
    outer loop
      vertex 37.4161 25.0007 5
      vertex 40.8066 25.1635 5
      vertex 40.8347 25.4072 5
    endloop
  endfacet
  facet normal 0 0 1
    outer loop
      vertex 40.9615 25.8806 5
      vertex 37.4161 25.0007 5
      vertex 40.8865 25.647 5
    endloop
  endfacet
  facet normal 0 0 1
    outer loop
      vertex 34.7855 28.5477 5
      vertex 42.5156 34.8916 5
      vertex 38.8909 38.8909 5
    endloop
  endfacet
  facet normal 0 0 1
    outer loop
      vertex 40.9339 24.1964 5
      vertex 37.4161 25.0007 5
      vertex 39.6865 21.2129 5
    endloop
  endfacet
  facet normal 0 0 1
    outer loop
      vertex 31.8198 31.8198 5
      vertex 38.8909 38.8909 5
      vertex 34.8916 42.5156 5
    endloop
  endfacet
  facet normal 0 0 1
    outer loop
      vertex 40.8865 25.647 5
      vertex 37.4161 25.0007 5
      vertex 40.8347 25.4072 5
    endloop
  endfacet
  facet normal 0 0 1
    outer loop
      vertex 38.8909 38.8909 5
      vertex 31.8198 31.8198 5
      vertex 34.7855 28.5477 5
    endloop
  endfacet
  facet normal 0 0 1
    outer loop
      vertex 28.5477 34.7855 5
      vertex 34.8916 42.5156 5
      vertex 30.5564 45.7308 5
    endloop
  endfacet
  facet normal 0 0 1
    outer loop
      vertex 34.8916 42.5156 5
      vertex 28.5477 34.7855 5
      vertex 31.8198 31.8198 5
    endloop
  endfacet
  facet normal 0 0 1
    outer loop
      vertex 25.0007 37.4161 5
      vertex 30.5564 45.7308 5
      vertex 25.9268 48.5057 5
    endloop
  endfacet
  facet normal 0 0 1
    outer loop
      vertex 30.5564 45.7308 5
      vertex 25.0007 37.4161 5
      vertex 28.5477 34.7855 5
    endloop
  endfacet
  facet normal 0 0 1
    outer loop
      vertex 25.9268 48.5057 5
      vertex 21.2129 39.6865 5
      vertex 25.0007 37.4161 5
    endloop
  endfacet
  facet normal 0 0 1
    outer loop
      vertex 21.0476 50.8134 5
      vertex 21.2129 39.6865 5
      vertex 25.9268 48.5057 5
    endloop
  endfacet
  facet normal 0 0 1
    outer loop
      vertex 21.0476 50.8134 5
      vertex 17.2208 41.5746 5
      vertex 21.2129 39.6865 5
    endloop
  endfacet
  facet normal 0 0 1
    outer loop
      vertex 15.9657 52.6317 5
      vertex 17.2208 41.5746 5
      vertex 21.0476 50.8134 5
    endloop
  endfacet
  facet normal 0 0 1
    outer loop
      vertex 15.9657 52.6317 5
      vertex 13.0628 43.0623 5
      vertex 17.2208 41.5746 5
    endloop
  endfacet
  facet normal 0 0 1
    outer loop
      vertex 10.73 53.9432 5
      vertex 13.0628 43.0623 5
      vertex 15.9657 52.6317 5
    endloop
  endfacet
  facet normal 0 0 1
    outer loop
      vertex 10.73 53.9432 5
      vertex 8.77906 44.1353 5
      vertex 13.0628 43.0623 5
    endloop
  endfacet
  facet normal 0 0 1
    outer loop
      vertex 5.39094 54.7352 5
      vertex 8.77906 44.1353 5
      vertex 10.73 53.9432 5
    endloop
  endfacet
  facet normal 0 0 1
    outer loop
      vertex 5.39094 54.7352 5
      vertex 4.41077 44.7833 5
      vertex 8.77906 44.1353 5
    endloop
  endfacet
  facet normal 0 0 1
    outer loop
      vertex 0 55 5
      vertex 4.41077 44.7833 5
      vertex 5.39094 54.7352 5
    endloop
  endfacet
  facet normal 0 0 1
    outer loop
      vertex 0 55 5
      vertex 0 45 5
      vertex 4.41077 44.7833 5
    endloop
  endfacet
  facet normal 0 0 1
    outer loop
      vertex 0 55 5
      vertex -4.41077 44.7833 5
      vertex 0 45 5
    endloop
  endfacet
  facet normal -0 0 1
    outer loop
      vertex -5.39094 54.7352 5
      vertex -4.41077 44.7833 5
      vertex 0 55 5
    endloop
  endfacet
  facet normal 0 0 1
    outer loop
      vertex -5.39094 54.7352 5
      vertex -8.77906 44.1353 5
      vertex -4.41077 44.7833 5
    endloop
  endfacet
  facet normal -0 0 1
    outer loop
      vertex -10.73 53.9432 5
      vertex -8.77906 44.1353 5
      vertex -5.39094 54.7352 5
    endloop
  endfacet
  facet normal 0 0 1
    outer loop
      vertex -10.73 53.9432 5
      vertex -13.0628 43.0623 5
      vertex -8.77906 44.1353 5
    endloop
  endfacet
  facet normal -0 0 1
    outer loop
      vertex -15.9657 52.6317 5
      vertex -13.0628 43.0623 5
      vertex -10.73 53.9432 5
    endloop
  endfacet
  facet normal 0 0 1
    outer loop
      vertex -15.9657 52.6317 5
      vertex -17.2208 41.5746 5
      vertex -13.0628 43.0623 5
    endloop
  endfacet
  facet normal -0 0 1
    outer loop
      vertex -21.0476 50.8134 5
      vertex -17.2208 41.5746 5
      vertex -15.9657 52.6317 5
    endloop
  endfacet
  facet normal 0 0 1
    outer loop
      vertex -21.0476 50.8134 5
      vertex -21.2129 39.6865 5
      vertex -17.2208 41.5746 5
    endloop
  endfacet
  facet normal -0 0 1
    outer loop
      vertex -25.9268 48.5057 5
      vertex -21.2129 39.6865 5
      vertex -21.0476 50.8134 5
    endloop
  endfacet
  facet normal 0 0 1
    outer loop
      vertex -21.2129 39.6865 5
      vertex -25.9268 48.5057 5
      vertex -25.0007 37.4161 5
    endloop
  endfacet
  facet normal -0 0 1
    outer loop
      vertex -30.5564 45.7308 5
      vertex -25.0007 37.4161 5
      vertex -25.9268 48.5057 5
    endloop
  endfacet
  facet normal 0 0 1
    outer loop
      vertex -25.0007 37.4161 5
      vertex -30.5564 45.7308 5
      vertex -28.5477 34.7855 5
    endloop
  endfacet
  facet normal -0 0 1
    outer loop
      vertex -34.8916 42.5156 5
      vertex -28.5477 34.7855 5
      vertex -30.5564 45.7308 5
    endloop
  endfacet
  facet normal 0 0 1
    outer loop
      vertex -28.5477 34.7855 5
      vertex -34.8916 42.5156 5
      vertex -31.8198 31.8198 5
    endloop
  endfacet
  facet normal -0 0 1
    outer loop
      vertex -38.8909 38.8909 5
      vertex -31.8198 31.8198 5
      vertex -34.8916 42.5156 5
    endloop
  endfacet
  facet normal 0 0 1
    outer loop
      vertex -31.8198 31.8198 5
      vertex -38.8909 38.8909 5
      vertex -34.7855 28.5477 5
    endloop
  endfacet
  facet normal -0 0 1
    outer loop
      vertex -42.5156 34.8916 5
      vertex -34.7855 28.5477 5
      vertex -38.8909 38.8909 5
    endloop
  endfacet
  facet normal 0 -0 1
    outer loop
      vertex -41.8451 27.0321 5
      vertex -34.7855 28.5477 5
      vertex -42.5156 34.8916 5
    endloop
  endfacet
  facet normal -0 -0 1
    outer loop
      vertex -40.8066 25.1635 5
      vertex -37.4161 25.0007 5
      vertex -40.8347 25.4072 5
    endloop
  endfacet
  facet normal 0 0 1
    outer loop
      vertex -40.8227 24.6737 5
      vertex -37.4161 25.0007 5
      vertex -40.8026 24.9182 5
    endloop
  endfacet
  facet normal 0 -0 1
    outer loop
      vertex -40.8026 24.9182 5
      vertex -37.4161 25.0007 5
      vertex -40.8066 25.1635 5
    endloop
  endfacet
  facet normal 0 0 1
    outer loop
      vertex -37.4161 25.0007 5
      vertex -40.8865 25.647 5
      vertex -40.8347 25.4072 5
    endloop
  endfacet
  facet normal 0 0 1
    outer loop
      vertex -37.4161 25.0007 5
      vertex -40.9615 25.8806 5
      vertex -40.8865 25.647 5
    endloop
  endfacet
  facet normal 0 0 1
    outer loop
      vertex -37.4161 25.0007 5
      vertex -41.0591 26.1057 5
      vertex -40.9615 25.8806 5
    endloop
  endfacet
  facet normal 0 0 1
    outer loop
      vertex -37.4161 25.0007 5
      vertex -41.1783 26.3202 5
      vertex -41.0591 26.1057 5
    endloop
  endfacet
  facet normal 0 0 1
    outer loop
      vertex -37.4161 25.0007 5
      vertex -41.3179 26.5219 5
      vertex -41.1783 26.3202 5
    endloop
  endfacet
  facet normal 0 -0 1
    outer loop
      vertex -41.3179 26.5219 5
      vertex -34.7855 28.5477 5
      vertex -41.4766 26.709 5
    endloop
  endfacet
  facet normal 0 0 1
    outer loop
      vertex -34.7855 28.5477 5
      vertex -41.3179 26.5219 5
      vertex -37.4161 25.0007 5
    endloop
  endfacet
  facet normal 0 0 1
    outer loop
      vertex -34.7855 28.5477 5
      vertex -41.6529 26.8796 5
      vertex -41.4766 26.709 5
    endloop
  endfacet
  facet normal 0 0 1
    outer loop
      vertex -34.7855 28.5477 5
      vertex -41.8451 27.0321 5
      vertex -41.6529 26.8796 5
    endloop
  endfacet
  facet normal 0 0 1
    outer loop
      vertex -41.8451 27.0321 5
      vertex -42.5156 34.8916 5
      vertex -42.0513 27.1651 5
    endloop
  endfacet
  facet normal 0 0 1
    outer loop
      vertex -42.0513 27.1651 5
      vertex -42.5156 34.8916 5
      vertex -42.2695 27.2772 5
    endloop
  endfacet
  facet normal 0 0 1
    outer loop
      vertex -42.2695 27.2772 5
      vertex -42.5156 34.8916 5
      vertex -42.4977 27.3673 5
    endloop
  endfacet
  facet normal 0 0 1
    outer loop
      vertex -42.5156 34.8916 5
      vertex -42.7336 27.4347 5
      vertex -42.4977 27.3673 5
    endloop
  endfacet
  facet normal -0 0 1
    outer loop
      vertex -45.7308 30.5564 5
      vertex -42.7336 27.4347 5
      vertex -42.5156 34.8916 5
    endloop
  endfacet
  facet normal 0 0 1
    outer loop
      vertex -42.7336 27.4347 5
      vertex -45.7308 30.5564 5
      vertex -42.975 27.4786 5
    endloop
  endfacet
  facet normal 0 0 1
    outer loop
      vertex -42.975 27.4786 5
      vertex -45.7308 30.5564 5
      vertex -43.2195 27.4987 5
    endloop
  endfacet
  facet normal 0 0 1
    outer loop
      vertex -43.2195 27.4987 5
      vertex -45.7308 30.5564 5
      vertex -43.4648 27.4946 5
    endloop
  endfacet
  facet normal 0 0 1
    outer loop
      vertex -43.4648 27.4946 5
      vertex -45.7308 30.5564 5
      vertex -43.7085 27.4666 5
    endloop
  endfacet
  facet normal 0 0 1
    outer loop
      vertex -43.7085 27.4666 5
      vertex -45.7308 30.5564 5
      vertex -43.9483 27.4148 5
    endloop
  endfacet
  facet normal 0 0 1
    outer loop
      vertex -43.9483 27.4148 5
      vertex -45.7308 30.5564 5
      vertex -44.1819 27.3398 5
    endloop
  endfacet
  facet normal 0 0 1
    outer loop
      vertex -44.1819 27.3398 5
      vertex -45.7308 30.5564 5
      vertex -44.407 27.2422 5
    endloop
  endfacet
  facet normal 0 0 1
    outer loop
      vertex -44.407 27.2422 5
      vertex -45.7308 30.5564 5
      vertex -44.6214 27.123 5
    endloop
  endfacet
  facet normal 0 0 1
    outer loop
      vertex -44.6214 27.123 5
      vertex -45.7308 30.5564 5
      vertex -44.8232 26.9834 5
    endloop
  endfacet
  facet normal 0 0 1
    outer loop
      vertex -44.8232 26.9834 5
      vertex -45.7308 30.5564 5
      vertex -45.0103 26.8247 5
    endloop
  endfacet
  facet normal 0 0 1
    outer loop
      vertex -45.0103 26.8247 5
      vertex -45.7308 30.5564 5
      vertex -45.1809 26.6484 5
    endloop
  endfacet
  facet normal 0 0 1
    outer loop
      vertex -48.5057 25.9268 5
      vertex -45.1809 26.6484 5
      vertex -45.7308 30.5564 5
    endloop
  endfacet
  facet normal 0 0 1
    outer loop
      vertex -45.1809 26.6484 5
      vertex -48.5057 25.9268 5
      vertex -45.3334 26.4562 5
    endloop
  endfacet
  facet normal 0 0 1
    outer loop
      vertex -45.3334 26.4562 5
      vertex -48.5057 25.9268 5
      vertex -45.4663 26.25 5
    endloop
  endfacet
  facet normal 0 0 1
    outer loop
      vertex -45.4663 26.25 5
      vertex -48.5057 25.9268 5
      vertex -45.5784 26.0318 5
    endloop
  endfacet
  facet normal 0 0 1
    outer loop
      vertex -45.5784 26.0318 5
      vertex -48.5057 25.9268 5
      vertex -45.6686 25.8036 5
    endloop
  endfacet
  facet normal 0 0 1
    outer loop
      vertex -45.6686 25.8036 5
      vertex -48.5057 25.9268 5
      vertex -45.736 25.5677 5
    endloop
  endfacet
  facet normal 0 0 1
    outer loop
      vertex -45.736 25.5677 5
      vertex -48.5057 25.9268 5
      vertex -45.7799 25.3263 5
    endloop
  endfacet
  facet normal 0 0 1
    outer loop
      vertex -45.7799 25.3263 5
      vertex -48.5057 25.9268 5
      vertex -45.7999 25.0818 5
    endloop
  endfacet
  facet normal 0 0 1
    outer loop
      vertex 45.7679 24.5928 5
      vertex 48.5057 25.9268 5
      vertex 45.7959 24.8365 5
    endloop
  endfacet
  facet normal 0 0 1
    outer loop
      vertex 45.7161 24.353 5
      vertex 48.5057 25.9268 5
      vertex 45.7679 24.5928 5
    endloop
  endfacet
  facet normal 0 0 1
    outer loop
      vertex 53.9432 -10.73 5
      vertex 44.1353 -8.77906 5
      vertex 52.6317 -15.9657 5
    endloop
  endfacet
  facet normal 0 0 1
    outer loop
      vertex 45.641 24.1194 5
      vertex 48.5057 25.9268 5
      vertex 45.7161 24.353 5
    endloop
  endfacet
  facet normal 0 0 1
    outer loop
      vertex 50.8134 21.0476 5
      vertex 45.641 24.1194 5
      vertex 45.5434 23.8943 5
    endloop
  endfacet
  facet normal 0 0 1
    outer loop
      vertex 50.8134 21.0476 5
      vertex 45.5434 23.8943 5
      vertex 45.4243 23.6798 5
    endloop
  endfacet
  facet normal 0 0 1
    outer loop
      vertex 50.8134 21.0476 5
      vertex 45.4243 23.6798 5
      vertex 45.2847 23.4781 5
    endloop
  endfacet
  facet normal 0 0 1
    outer loop
      vertex 50.8134 21.0476 5
      vertex 45.2847 23.4781 5
      vertex 45.1259 23.291 5
    endloop
  endfacet
  facet normal -0 0 1
    outer loop
      vertex 44.7575 22.9679 5
      vertex 50.8134 21.0476 5
      vertex 44.9496 23.1204 5
    endloop
  endfacet
  facet normal -0 0 1
    outer loop
      vertex 43.0623 -13.0628 5
      vertex 52.6317 -15.9657 5
      vertex 44.1353 -8.77906 5
    endloop
  endfacet
  facet normal 0 0 1
    outer loop
      vertex 52.6317 -15.9657 5
      vertex 43.0623 -13.0628 5
      vertex 50.8134 -21.0476 5
    endloop
  endfacet
  facet normal -0 0 1
    outer loop
      vertex 41.5746 -17.2208 5
      vertex 50.8134 -21.0476 5
      vertex 43.0623 -13.0628 5
    endloop
  endfacet
  facet normal 0 0 1
    outer loop
      vertex 50.8134 -21.0476 5
      vertex 41.5746 -17.2208 5
      vertex 48.5057 -25.9268 5
    endloop
  endfacet
  facet normal -0 0 1
    outer loop
      vertex 39.6865 -21.2129 5
      vertex 48.5057 -25.9268 5
      vertex 41.5746 -17.2208 5
    endloop
  endfacet
  facet normal 0 0 1
    outer loop
      vertex 48.5057 -25.9268 5
      vertex 39.6865 -21.2129 5
      vertex 45.7308 -30.5564 5
    endloop
  endfacet
  facet normal -0 0 1
    outer loop
      vertex 37.4161 -25.0007 5
      vertex 45.7308 -30.5564 5
      vertex 39.6865 -21.2129 5
    endloop
  endfacet
  facet normal 0 0 1
    outer loop
      vertex 45.7308 -30.5564 5
      vertex 37.4161 -25.0007 5
      vertex 42.5156 -34.8916 5
    endloop
  endfacet
  facet normal -0 0 1
    outer loop
      vertex 34.7855 -28.5477 5
      vertex 42.5156 -34.8916 5
      vertex 37.4161 -25.0007 5
    endloop
  endfacet
  facet normal 0 0 1
    outer loop
      vertex 42.5156 -34.8916 5
      vertex 34.7855 -28.5477 5
      vertex 38.8909 -38.8909 5
    endloop
  endfacet
  facet normal -0 0 1
    outer loop
      vertex 31.8198 -31.8198 5
      vertex 38.8909 -38.8909 5
      vertex 34.7855 -28.5477 5
    endloop
  endfacet
  facet normal 0 0 1
    outer loop
      vertex 38.8909 -38.8909 5
      vertex 31.8198 -31.8198 5
      vertex 34.8916 -42.5156 5
    endloop
  endfacet
  facet normal -0 0 1
    outer loop
      vertex 28.5477 -34.7855 5
      vertex 34.8916 -42.5156 5
      vertex 31.8198 -31.8198 5
    endloop
  endfacet
  facet normal 0 0 1
    outer loop
      vertex 34.8916 -42.5156 5
      vertex 28.5477 -34.7855 5
      vertex 30.5564 -45.7308 5
    endloop
  endfacet
  facet normal -0 0 1
    outer loop
      vertex 25.0007 -37.4161 5
      vertex 30.5564 -45.7308 5
      vertex 28.5477 -34.7855 5
    endloop
  endfacet
  facet normal 0 0 1
    outer loop
      vertex 30.5564 -45.7308 5
      vertex 25.0007 -37.4161 5
      vertex 25.9268 -48.5057 5
    endloop
  endfacet
  facet normal -0 0 1
    outer loop
      vertex 21.2129 -39.6865 5
      vertex 25.9268 -48.5057 5
      vertex 25.0007 -37.4161 5
    endloop
  endfacet
  facet normal 0 0 1
    outer loop
      vertex 21.2129 -39.6865 5
      vertex 21.0476 -50.8134 5
      vertex 25.9268 -48.5057 5
    endloop
  endfacet
  facet normal -0 0 1
    outer loop
      vertex 17.2208 -41.5746 5
      vertex 21.0476 -50.8134 5
      vertex 21.2129 -39.6865 5
    endloop
  endfacet
  facet normal 0 0 1
    outer loop
      vertex 17.2208 -41.5746 5
      vertex 15.9657 -52.6317 5
      vertex 21.0476 -50.8134 5
    endloop
  endfacet
  facet normal -0 0 1
    outer loop
      vertex 13.0628 -43.0623 5
      vertex 15.9657 -52.6317 5
      vertex 17.2208 -41.5746 5
    endloop
  endfacet
  facet normal 0 0 1
    outer loop
      vertex 13.0628 -43.0623 5
      vertex 10.73 -53.9432 5
      vertex 15.9657 -52.6317 5
    endloop
  endfacet
  facet normal -0 0 1
    outer loop
      vertex 8.77906 -44.1353 5
      vertex 10.73 -53.9432 5
      vertex 13.0628 -43.0623 5
    endloop
  endfacet
  facet normal -0 0 1
    outer loop
      vertex 2.48796 -49.755 5
      vertex 10.73 -53.9432 5
      vertex 8.77906 -44.1353 5
    endloop
  endfacet
  facet normal 0 0 1
    outer loop
      vertex 2.45196 -49.5123 5
      vertex 8.77906 -44.1353 5
      vertex 4.41077 -44.7833 5
    endloop
  endfacet
  facet normal 0 0 1
    outer loop
      vertex 10.73 -53.9432 5
      vertex 2.5 -50 5
      vertex 5.39094 -54.7352 5
    endloop
  endfacet
  facet normal -0 0 1
    outer loop
      vertex 2.48796 -50.245 5
      vertex 5.39094 -54.7352 5
      vertex 2.5 -50 5
    endloop
  endfacet
  facet normal -0 0 1
    outer loop
      vertex 2.45196 -50.4877 5
      vertex 5.39094 -54.7352 5
      vertex 2.48796 -50.245 5
    endloop
  endfacet
  facet normal -0 0 1
    outer loop
      vertex 2.39235 -50.7257 5
      vertex 5.39094 -54.7352 5
      vertex 2.45196 -50.4877 5
    endloop
  endfacet
  facet normal -0 0 1
    outer loop
      vertex 2.3097 -50.9567 5
      vertex 5.39094 -54.7352 5
      vertex 2.39235 -50.7257 5
    endloop
  endfacet
  facet normal -0 0 1
    outer loop
      vertex 2.2048 -51.1785 5
      vertex 5.39094 -54.7352 5
      vertex 2.3097 -50.9567 5
    endloop
  endfacet
  facet normal -0 0 1
    outer loop
      vertex 2.07867 -51.3889 5
      vertex 5.39094 -54.7352 5
      vertex 2.2048 -51.1785 5
    endloop
  endfacet
  facet normal -0 0 1
    outer loop
      vertex 1.93253 -51.586 5
      vertex 5.39094 -54.7352 5
      vertex 2.07867 -51.3889 5
    endloop
  endfacet
  facet normal -0 0 1
    outer loop
      vertex 1.76777 -51.7678 5
      vertex 5.39094 -54.7352 5
      vertex 1.93253 -51.586 5
    endloop
  endfacet
  facet normal -0 0 1
    outer loop
      vertex 1.58598 -51.9325 5
      vertex 5.39094 -54.7352 5
      vertex 1.76777 -51.7678 5
    endloop
  endfacet
  facet normal -0 0 1
    outer loop
      vertex 1.38893 -52.0787 5
      vertex 5.39094 -54.7352 5
      vertex 1.58598 -51.9325 5
    endloop
  endfacet
  facet normal -0 0 1
    outer loop
      vertex 1.17849 -52.2048 5
      vertex 5.39094 -54.7352 5
      vertex 1.38893 -52.0787 5
    endloop
  endfacet
  facet normal 0 0 1
    outer loop
      vertex 0 -55 5
      vertex 1.17849 -52.2048 5
      vertex 0.956708 -52.3097 5
    endloop
  endfacet
  facet normal 0 0 1
    outer loop
      vertex 0 -55 5
      vertex 0.956708 -52.3097 5
      vertex 0.725711 -52.3923 5
    endloop
  endfacet
  facet normal 0 0 1
    outer loop
      vertex 0 -55 5
      vertex 0.725711 -52.3923 5
      vertex 0.487725 -52.452 5
    endloop
  endfacet
  facet normal 0 0 1
    outer loop
      vertex 0 -55 5
      vertex 0.487725 -52.452 5
      vertex 0.245043 -52.488 5
    endloop
  endfacet
  facet normal 0 0 1
    outer loop
      vertex 0 -55 5
      vertex 0.245043 -52.488 5
      vertex 0 -52.5 5
    endloop
  endfacet
  facet normal 0 0 1
    outer loop
      vertex 1.17849 -52.2048 5
      vertex 0 -55 5
      vertex 5.39094 -54.7352 5
    endloop
  endfacet
  facet normal 0 0 1
    outer loop
      vertex -0.245043 -52.488 5
      vertex 0 -55 5
      vertex 0 -52.5 5
    endloop
  endfacet
  facet normal 0 0 1
    outer loop
      vertex -0.487725 -52.452 5
      vertex 0 -55 5
      vertex -0.245043 -52.488 5
    endloop
  endfacet
  facet normal 0 0 1
    outer loop
      vertex -0.725711 -52.3923 5
      vertex 0 -55 5
      vertex -0.487725 -52.452 5
    endloop
  endfacet
  facet normal 0 0 1
    outer loop
      vertex -0.956708 -52.3097 5
      vertex 0 -55 5
      vertex -0.725711 -52.3923 5
    endloop
  endfacet
  facet normal 0 0 1
    outer loop
      vertex -1.17849 -52.2048 5
      vertex 0 -55 5
      vertex -0.956708 -52.3097 5
    endloop
  endfacet
  facet normal 0 0 1
    outer loop
      vertex -1.38893 -52.0787 5
      vertex 0 -55 5
      vertex -1.17849 -52.2048 5
    endloop
  endfacet
  facet normal 0 0 1
    outer loop
      vertex -5.39094 -54.7352 5
      vertex -1.38893 -52.0787 5
      vertex -1.58598 -51.9325 5
    endloop
  endfacet
  facet normal 0 0 1
    outer loop
      vertex -5.39094 -54.7352 5
      vertex -1.58598 -51.9325 5
      vertex -1.76777 -51.7678 5
    endloop
  endfacet
  facet normal 0 0 1
    outer loop
      vertex -5.39094 -54.7352 5
      vertex -1.76777 -51.7678 5
      vertex -1.93253 -51.586 5
    endloop
  endfacet
  facet normal 0 0 1
    outer loop
      vertex -5.39094 -54.7352 5
      vertex -1.93253 -51.586 5
      vertex -2.07867 -51.3889 5
    endloop
  endfacet
  facet normal 0 0 1
    outer loop
      vertex -5.39094 -54.7352 5
      vertex -2.07867 -51.3889 5
      vertex -2.2048 -51.1785 5
    endloop
  endfacet
  facet normal 0 0 1
    outer loop
      vertex -10.73 -53.9432 5
      vertex -2.48796 -49.755 5
      vertex -8.77906 -44.1353 5
    endloop
  endfacet
  facet normal 0 0 1
    outer loop
      vertex -2.48796 -49.755 5
      vertex -10.73 -53.9432 5
      vertex -2.5 -50 5
    endloop
  endfacet
  facet normal 0 -0 1
    outer loop
      vertex -5.39094 -54.7352 5
      vertex -2.5 -50 5
      vertex -10.73 -53.9432 5
    endloop
  endfacet
  facet normal 0 0 1
    outer loop
      vertex -1.38893 -52.0787 5
      vertex -5.39094 -54.7352 5
      vertex 0 -55 5
    endloop
  endfacet
  facet normal 0 0 1
    outer loop
      vertex -2.3097 -50.9567 5
      vertex -5.39094 -54.7352 5
      vertex -2.2048 -51.1785 5
    endloop
  endfacet
  facet normal 0 0 1
    outer loop
      vertex -2.39235 -50.7257 5
      vertex -5.39094 -54.7352 5
      vertex -2.3097 -50.9567 5
    endloop
  endfacet
  facet normal 0 0 1
    outer loop
      vertex -2.5 -50 5
      vertex -5.39094 -54.7352 5
      vertex -2.48796 -50.245 5
    endloop
  endfacet
  facet normal 0 0 1
    outer loop
      vertex -2.48796 -50.245 5
      vertex -5.39094 -54.7352 5
      vertex -2.45196 -50.4877 5
    endloop
  endfacet
  facet normal 0 0 1
    outer loop
      vertex -2.45196 -50.4877 5
      vertex -5.39094 -54.7352 5
      vertex -2.39235 -50.7257 5
    endloop
  endfacet
  facet normal 0 0 1
    outer loop
      vertex -13.0628 -43.0623 5
      vertex -10.73 -53.9432 5
      vertex -8.77906 -44.1353 5
    endloop
  endfacet
  facet normal 0 0 1
    outer loop
      vertex -13.0628 -43.0623 5
      vertex -15.9657 -52.6317 5
      vertex -10.73 -53.9432 5
    endloop
  endfacet
  facet normal 0 0 1
    outer loop
      vertex -17.2208 -41.5746 5
      vertex -15.9657 -52.6317 5
      vertex -13.0628 -43.0623 5
    endloop
  endfacet
  facet normal 0 0 1
    outer loop
      vertex -17.2208 -41.5746 5
      vertex -21.0476 -50.8134 5
      vertex -15.9657 -52.6317 5
    endloop
  endfacet
  facet normal 0 0 1
    outer loop
      vertex -21.2129 -39.6865 5
      vertex -21.0476 -50.8134 5
      vertex -17.2208 -41.5746 5
    endloop
  endfacet
  facet normal 0 0 1
    outer loop
      vertex -25.9268 -48.5057 5
      vertex -21.2129 -39.6865 5
      vertex -25.0007 -37.4161 5
    endloop
  endfacet
  facet normal 0 0 1
    outer loop
      vertex -21.2129 -39.6865 5
      vertex -25.9268 -48.5057 5
      vertex -21.0476 -50.8134 5
    endloop
  endfacet
  facet normal 0 0 1
    outer loop
      vertex -30.5564 -45.7308 5
      vertex -25.0007 -37.4161 5
      vertex -28.5477 -34.7855 5
    endloop
  endfacet
  facet normal 0 0 1
    outer loop
      vertex -25.0007 -37.4161 5
      vertex -30.5564 -45.7308 5
      vertex -25.9268 -48.5057 5
    endloop
  endfacet
  facet normal 0 0 1
    outer loop
      vertex -34.8916 -42.5156 5
      vertex -28.5477 -34.7855 5
      vertex -31.8198 -31.8198 5
    endloop
  endfacet
  facet normal 0 0 1
    outer loop
      vertex -38.8909 -38.8909 5
      vertex -31.8198 -31.8198 5
      vertex -34.7855 -28.5477 5
    endloop
  endfacet
  facet normal 0 0 1
    outer loop
      vertex -28.5477 -34.7855 5
      vertex -34.8916 -42.5156 5
      vertex -30.5564 -45.7308 5
    endloop
  endfacet
  facet normal 0 0 1
    outer loop
      vertex -42.5156 -34.8916 5
      vertex -34.7855 -28.5477 5
      vertex -37.4161 -25.0007 5
    endloop
  endfacet
  facet normal 0 0 1
    outer loop
      vertex -31.8198 -31.8198 5
      vertex -38.8909 -38.8909 5
      vertex -34.8916 -42.5156 5
    endloop
  endfacet
  facet normal 0 0 1
    outer loop
      vertex -45.7308 -30.5564 5
      vertex -37.4161 -25.0007 5
      vertex -39.6865 -21.2129 5
    endloop
  endfacet
  facet normal 0 0 1
    outer loop
      vertex -48.5057 -25.9268 5
      vertex -39.6865 -21.2129 5
      vertex -41.5746 -17.2208 5
    endloop
  endfacet
  facet normal 0 0 1
    outer loop
      vertex -34.7855 -28.5477 5
      vertex -42.5156 -34.8916 5
      vertex -38.8909 -38.8909 5
    endloop
  endfacet
  facet normal 0 0 1
    outer loop
      vertex -50.8134 -21.0476 5
      vertex -41.5746 -17.2208 5
      vertex -43.0623 -13.0628 5
    endloop
  endfacet
  facet normal 0 0 1
    outer loop
      vertex -52.6317 -15.9657 5
      vertex -43.0623 -13.0628 5
      vertex -44.1353 -8.77906 5
    endloop
  endfacet
  facet normal 0 0 1
    outer loop
      vertex -53.9432 -10.73 5
      vertex -44.1353 -8.77906 5
      vertex -44.7833 -4.41077 5
    endloop
  endfacet
  facet normal 0 0 1
    outer loop
      vertex -50.8134 21.0476 5
      vertex -45.1259 23.291 5
      vertex -45.2847 23.4781 5
    endloop
  endfacet
  facet normal 0 0 1
    outer loop
      vertex -50.8134 21.0476 5
      vertex -45.2847 23.4781 5
      vertex -45.4243 23.6798 5
    endloop
  endfacet
  facet normal 0 0 1
    outer loop
      vertex -50.8134 21.0476 5
      vertex -45.4243 23.6798 5
      vertex -45.5434 23.8943 5
    endloop
  endfacet
  facet normal 0 0 1
    outer loop
      vertex -50.8134 21.0476 5
      vertex -45.5434 23.8943 5
      vertex -45.641 24.1194 5
    endloop
  endfacet
  facet normal 0 0 1
    outer loop
      vertex -48.5057 25.9268 5
      vertex -45.641 24.1194 5
      vertex -45.7161 24.353 5
    endloop
  endfacet
  facet normal 0 0 1
    outer loop
      vertex -37.4161 -25.0007 5
      vertex -45.7308 -30.5564 5
      vertex -42.5156 -34.8916 5
    endloop
  endfacet
  facet normal 0 0 1
    outer loop
      vertex -54.7352 -5.39094 5
      vertex -44.7833 -4.41077 5
      vertex -45 0 5
    endloop
  endfacet
  facet normal 0 0 1
    outer loop
      vertex -44.1353 8.77906 5
      vertex -53.9432 10.73 5
      vertex -44.7833 4.41077 5
    endloop
  endfacet
  facet normal 0 0 1
    outer loop
      vertex -48.5057 25.9268 5
      vertex -45.7161 24.353 5
      vertex -45.7679 24.5928 5
    endloop
  endfacet
  facet normal 0 0 1
    outer loop
      vertex -48.5057 25.9268 5
      vertex -45.7679 24.5928 5
      vertex -45.7959 24.8365 5
    endloop
  endfacet
  facet normal 0 0 1
    outer loop
      vertex -48.5057 25.9268 5
      vertex -45.7959 24.8365 5
      vertex -45.7999 25.0818 5
    endloop
  endfacet
  facet normal 0 0 1
    outer loop
      vertex -45.641 24.1194 5
      vertex -48.5057 25.9268 5
      vertex -50.8134 21.0476 5
    endloop
  endfacet
  facet normal 0 0 1
    outer loop
      vertex -39.6865 -21.2129 5
      vertex -48.5057 -25.9268 5
      vertex -45.7308 -30.5564 5
    endloop
  endfacet
  facet normal 0 0 1
    outer loop
      vertex -43.0623 13.0628 5
      vertex -50.8134 21.0476 5
      vertex -52.6317 15.9657 5
    endloop
  endfacet
  facet normal 0 0 1
    outer loop
      vertex -41.5746 -17.2208 5
      vertex -50.8134 -21.0476 5
      vertex -48.5057 -25.9268 5
    endloop
  endfacet
  facet normal -0 0 1
    outer loop
      vertex -54.7352 5.39094 5
      vertex -44.7833 4.41077 5
      vertex -53.9432 10.73 5
    endloop
  endfacet
  facet normal 0 0 1
    outer loop
      vertex -43.0623 -13.0628 5
      vertex -52.6317 -15.9657 5
      vertex -50.8134 -21.0476 5
    endloop
  endfacet
  facet normal 0 0 1
    outer loop
      vertex -44.7833 4.41077 5
      vertex -54.7352 5.39094 5
      vertex -45 0 5
    endloop
  endfacet
  facet normal 0 0 1
    outer loop
      vertex -44.1353 -8.77906 5
      vertex -53.9432 -10.73 5
      vertex -52.6317 -15.9657 5
    endloop
  endfacet
  facet normal 0 0 1
    outer loop
      vertex -45 0 5
      vertex -54.7352 5.39094 5
      vertex -55 0 5
    endloop
  endfacet
  facet normal 0 0 1
    outer loop
      vertex -44.7833 -4.41077 5
      vertex -54.7352 -5.39094 5
      vertex -53.9432 -10.73 5
    endloop
  endfacet
  facet normal 0 0 1
    outer loop
      vertex -45 0 5
      vertex -55 0 5
      vertex -54.7352 -5.39094 5
    endloop
  endfacet
  facet normal 0.97003 -0.242985 0
    outer loop
      vertex 52.6317 -15.9657 5
      vertex 53.9432 -10.73 0
      vertex 53.9432 -10.73 5
    endloop
  endfacet
  facet normal 0.97003 -0.242985 0
    outer loop
      vertex 53.9432 -10.73 0
      vertex 52.6317 -15.9657 5
      vertex 52.6317 -15.9657 0
    endloop
  endfacet
  facet normal 0.989176 -0.146735 0
    outer loop
      vertex 53.9432 -10.73 5
      vertex 54.7352 -5.39094 0
      vertex 54.7352 -5.39094 5
    endloop
  endfacet
  facet normal 0.989176 -0.146735 0
    outer loop
      vertex 54.7352 -5.39094 0
      vertex 53.9432 -10.73 5
      vertex 53.9432 -10.73 0
    endloop
  endfacet
  facet normal 0.857727 -0.514106 0
    outer loop
      vertex 45.7308 -30.5564 5
      vertex 48.5057 -25.9268 0
      vertex 48.5057 -25.9268 5
    endloop
  endfacet
  facet normal 0.857727 -0.514106 0
    outer loop
      vertex 48.5057 -25.9268 0
      vertex 45.7308 -30.5564 5
      vertex 45.7308 -30.5564 0
    endloop
  endfacet
  facet normal 0.803208 -0.595699 0
    outer loop
      vertex 42.5156 -34.8916 5
      vertex 45.7308 -30.5564 0
      vertex 45.7308 -30.5564 5
    endloop
  endfacet
  facet normal 0.803208 -0.595699 0
    outer loop
      vertex 45.7308 -30.5564 0
      vertex 42.5156 -34.8916 5
      vertex 42.5156 -34.8916 0
    endloop
  endfacet
  facet normal 0.903989 -0.427557 0
    outer loop
      vertex 48.5057 -25.9268 5
      vertex 50.8134 -21.0476 0
      vertex 50.8134 -21.0476 5
    endloop
  endfacet
  facet normal 0.903989 -0.427557 0
    outer loop
      vertex 50.8134 -21.0476 0
      vertex 48.5057 -25.9268 5
      vertex 48.5057 -25.9268 0
    endloop
  endfacet
  facet normal 0.242985 -0.97003 0
    outer loop
      vertex 10.73 -53.9432 0
      vertex 15.9657 -52.6317 5
      vertex 10.73 -53.9432 5
    endloop
  endfacet
  facet normal 0.242985 -0.97003 0
    outer loop
      vertex 15.9657 -52.6317 5
      vertex 10.73 -53.9432 0
      vertex 15.9657 -52.6317 0
    endloop
  endfacet
  facet normal 0.336884 -0.941546 0
    outer loop
      vertex 15.9657 -52.6317 0
      vertex 21.0476 -50.8134 5
      vertex 15.9657 -52.6317 5
    endloop
  endfacet
  facet normal 0.336884 -0.941546 0
    outer loop
      vertex 21.0476 -50.8134 5
      vertex 15.9657 -52.6317 0
      vertex 21.0476 -50.8134 0
    endloop
  endfacet
  facet normal 0.146735 -0.989176 0
    outer loop
      vertex 5.39094 -54.7352 0
      vertex 10.73 -53.9432 5
      vertex 5.39094 -54.7352 5
    endloop
  endfacet
  facet normal 0.146735 -0.989176 0
    outer loop
      vertex 10.73 -53.9432 5
      vertex 5.39094 -54.7352 0
      vertex 10.73 -53.9432 0
    endloop
  endfacet
  facet normal 0.514106 -0.857727 0
    outer loop
      vertex 25.9268 -48.5057 0
      vertex 30.5564 -45.7308 5
      vertex 25.9268 -48.5057 5
    endloop
  endfacet
  facet normal 0.514106 -0.857727 0
    outer loop
      vertex 30.5564 -45.7308 5
      vertex 25.9268 -48.5057 0
      vertex 30.5564 -45.7308 0
    endloop
  endfacet
  facet normal 0.671553 -0.740956 0
    outer loop
      vertex 34.8916 -42.5156 0
      vertex 38.8909 -38.8909 5
      vertex 34.8916 -42.5156 5
    endloop
  endfacet
  facet normal 0.671553 -0.740956 0
    outer loop
      vertex 38.8909 -38.8909 5
      vertex 34.8916 -42.5156 0
      vertex 38.8909 -38.8909 0
    endloop
  endfacet
  facet normal -0.97003 -0.242985 0
    outer loop
      vertex -52.6317 -15.9657 0
      vertex -53.9432 -10.73 5
      vertex -53.9432 -10.73 0
    endloop
  endfacet
  facet normal -0.97003 -0.242985 0
    outer loop
      vertex -53.9432 -10.73 5
      vertex -52.6317 -15.9657 0
      vertex -52.6317 -15.9657 5
    endloop
  endfacet
  facet normal -0.803208 -0.595699 0
    outer loop
      vertex -42.5156 -34.8916 0
      vertex -45.7308 -30.5564 5
      vertex -45.7308 -30.5564 0
    endloop
  endfacet
  facet normal -0.803208 -0.595699 0
    outer loop
      vertex -45.7308 -30.5564 5
      vertex -42.5156 -34.8916 0
      vertex -42.5156 -34.8916 5
    endloop
  endfacet
  facet normal -0.740956 -0.671553 0
    outer loop
      vertex -38.8909 -38.8909 0
      vertex -42.5156 -34.8916 5
      vertex -42.5156 -34.8916 0
    endloop
  endfacet
  facet normal -0.740956 -0.671553 0
    outer loop
      vertex -42.5156 -34.8916 5
      vertex -38.8909 -38.8909 0
      vertex -38.8909 -38.8909 5
    endloop
  endfacet
  facet normal -0.857727 -0.514106 0
    outer loop
      vertex -45.7308 -30.5564 0
      vertex -48.5057 -25.9268 5
      vertex -48.5057 -25.9268 0
    endloop
  endfacet
  facet normal -0.857727 -0.514106 0
    outer loop
      vertex -48.5057 -25.9268 5
      vertex -45.7308 -30.5564 0
      vertex -45.7308 -30.5564 5
    endloop
  endfacet
  facet normal -0.941546 -0.336884 0
    outer loop
      vertex -50.8134 -21.0476 0
      vertex -52.6317 -15.9657 5
      vertex -52.6317 -15.9657 0
    endloop
  endfacet
  facet normal -0.941546 -0.336884 0
    outer loop
      vertex -52.6317 -15.9657 5
      vertex -50.8134 -21.0476 0
      vertex -50.8134 -21.0476 5
    endloop
  endfacet
  facet normal -0.989176 -0.146735 0
    outer loop
      vertex -53.9432 -10.73 0
      vertex -54.7352 -5.39094 5
      vertex -54.7352 -5.39094 0
    endloop
  endfacet
  facet normal -0.989176 -0.146735 0
    outer loop
      vertex -54.7352 -5.39094 5
      vertex -53.9432 -10.73 0
      vertex -53.9432 -10.73 5
    endloop
  endfacet
  facet normal 0 0 -1
    outer loop
      vertex 45 0 0
      vertex 55 0 0
      vertex 54.7352 -5.39094 0
    endloop
  endfacet
  facet normal 0 0 -1
    outer loop
      vertex 44.7833 -4.41077 0
      vertex 54.7352 -5.39094 0
      vertex 53.9432 -10.73 0
    endloop
  endfacet
  facet normal 0 0 -1
    outer loop
      vertex 55 0 0
      vertex 45 0 0
      vertex 54.7352 5.39094 0
    endloop
  endfacet
  facet normal 0 0 -1
    outer loop
      vertex 44.1353 -8.77906 0
      vertex 53.9432 -10.73 0
      vertex 52.6317 -15.9657 0
    endloop
  endfacet
  facet normal 0 0 -1
    outer loop
      vertex 44.7833 4.41077 0
      vertex 54.7352 5.39094 0
      vertex 45 0 0
    endloop
  endfacet
  facet normal 0 0 -1
    outer loop
      vertex 43.0623 -13.0628 0
      vertex 52.6317 -15.9657 0
      vertex 50.8134 -21.0476 0
    endloop
  endfacet
  facet normal -0 0 -1
    outer loop
      vertex 54.7352 5.39094 0
      vertex 44.7833 4.41077 0
      vertex 53.9432 10.73 0
    endloop
  endfacet
  facet normal 0 0 -1
    outer loop
      vertex 41.5746 -17.2208 0
      vertex 50.8134 -21.0476 0
      vertex 48.5057 -25.9268 0
    endloop
  endfacet
  facet normal 0 0 -1
    outer loop
      vertex 44.1353 8.77906 0
      vertex 53.9432 10.73 0
      vertex 44.7833 4.41077 0
    endloop
  endfacet
  facet normal 0 0 -1
    outer loop
      vertex 39.6865 -21.2129 0
      vertex 48.5057 -25.9268 0
      vertex 45.7308 -30.5564 0
    endloop
  endfacet
  facet normal -0 0 -1
    outer loop
      vertex 53.9432 10.73 0
      vertex 44.1353 8.77906 0
      vertex 52.6317 15.9657 0
    endloop
  endfacet
  facet normal 0 0 -1
    outer loop
      vertex 43.0623 13.0628 0
      vertex 52.6317 15.9657 0
      vertex 44.1353 8.77906 0
    endloop
  endfacet
  facet normal 0 0 -1
    outer loop
      vertex 54.7352 -5.39094 0
      vertex 44.7833 -4.41077 0
      vertex 45 0 0
    endloop
  endfacet
  facet normal 0 0 -1
    outer loop
      vertex 53.9432 -10.73 0
      vertex 44.1353 -8.77906 0
      vertex 44.7833 -4.41077 0
    endloop
  endfacet
  facet normal 0 0 -1
    outer loop
      vertex 52.6317 -15.9657 0
      vertex 43.0623 -13.0628 0
      vertex 44.1353 -8.77906 0
    endloop
  endfacet
  facet normal 0 0 -1
    outer loop
      vertex 37.4161 -25.0007 0
      vertex 45.7308 -30.5564 0
      vertex 42.5156 -34.8916 0
    endloop
  endfacet
  facet normal 0 0 -1
    outer loop
      vertex 50.8134 -21.0476 0
      vertex 41.5746 -17.2208 0
      vertex 43.0623 -13.0628 0
    endloop
  endfacet
  facet normal 0 0 -1
    outer loop
      vertex 48.5057 -25.9268 0
      vertex 39.6865 -21.2129 0
      vertex 41.5746 -17.2208 0
    endloop
  endfacet
  facet normal 0 0 -1
    outer loop
      vertex 34.7855 -28.5477 0
      vertex 42.5156 -34.8916 0
      vertex 38.8909 -38.8909 0
    endloop
  endfacet
  facet normal 0 0 -1
    outer loop
      vertex 45.7308 -30.5564 0
      vertex 37.4161 -25.0007 0
      vertex 39.6865 -21.2129 0
    endloop
  endfacet
  facet normal 0 0 -1
    outer loop
      vertex 31.8198 -31.8198 0
      vertex 38.8909 -38.8909 0
      vertex 34.8916 -42.5156 0
    endloop
  endfacet
  facet normal 0 0 -1
    outer loop
      vertex 42.5156 -34.8916 0
      vertex 34.7855 -28.5477 0
      vertex 37.4161 -25.0007 0
    endloop
  endfacet
  facet normal 0 0 -1
    outer loop
      vertex 38.8909 -38.8909 0
      vertex 31.8198 -31.8198 0
      vertex 34.7855 -28.5477 0
    endloop
  endfacet
  facet normal 0 0 -1
    outer loop
      vertex 28.5477 -34.7855 0
      vertex 34.8916 -42.5156 0
      vertex 30.5564 -45.7308 0
    endloop
  endfacet
  facet normal 0 0 -1
    outer loop
      vertex 34.8916 -42.5156 0
      vertex 28.5477 -34.7855 0
      vertex 31.8198 -31.8198 0
    endloop
  endfacet
  facet normal 0 0 -1
    outer loop
      vertex 25.0007 -37.4161 0
      vertex 30.5564 -45.7308 0
      vertex 25.9268 -48.5057 0
    endloop
  endfacet
  facet normal 0 0 -1
    outer loop
      vertex 30.5564 -45.7308 0
      vertex 25.0007 -37.4161 0
      vertex 28.5477 -34.7855 0
    endloop
  endfacet
  facet normal 0 0 -1
    outer loop
      vertex 25.9268 -48.5057 0
      vertex 21.2129 -39.6865 0
      vertex 25.0007 -37.4161 0
    endloop
  endfacet
  facet normal 0 0 -1
    outer loop
      vertex 21.0476 -50.8134 0
      vertex 21.2129 -39.6865 0
      vertex 25.9268 -48.5057 0
    endloop
  endfacet
  facet normal 0 0 -1
    outer loop
      vertex 21.0476 -50.8134 0
      vertex 17.2208 -41.5746 0
      vertex 21.2129 -39.6865 0
    endloop
  endfacet
  facet normal 0 0 -1
    outer loop
      vertex 15.9657 -52.6317 0
      vertex 17.2208 -41.5746 0
      vertex 21.0476 -50.8134 0
    endloop
  endfacet
  facet normal 0 0 -1
    outer loop
      vertex 15.9657 -52.6317 0
      vertex 13.0628 -43.0623 0
      vertex 17.2208 -41.5746 0
    endloop
  endfacet
  facet normal 0 0 -1
    outer loop
      vertex 10.73 -53.9432 0
      vertex 13.0628 -43.0623 0
      vertex 15.9657 -52.6317 0
    endloop
  endfacet
  facet normal 0 0 -1
    outer loop
      vertex 10.73 -53.9432 0
      vertex 8.77906 -44.1353 0
      vertex 13.0628 -43.0623 0
    endloop
  endfacet
  facet normal 0 0 -1
    outer loop
      vertex 5.39094 -54.7352 0
      vertex 8.77906 -44.1353 0
      vertex 10.73 -53.9432 0
    endloop
  endfacet
  facet normal 0 0 -1
    outer loop
      vertex 5.39094 -54.7352 0
      vertex 4.41077 -44.7833 0
      vertex 8.77906 -44.1353 0
    endloop
  endfacet
  facet normal 0 0 -1
    outer loop
      vertex 0 -55 0
      vertex 4.41077 -44.7833 0
      vertex 5.39094 -54.7352 0
    endloop
  endfacet
  facet normal 0 0 -1
    outer loop
      vertex 0 -55 0
      vertex 0 -45 0
      vertex 4.41077 -44.7833 0
    endloop
  endfacet
  facet normal 0 0 -1
    outer loop
      vertex 0 -55 0
      vertex -4.41077 -44.7833 0
      vertex 0 -45 0
    endloop
  endfacet
  facet normal 0 0 -1
    outer loop
      vertex -5.39094 -54.7352 0
      vertex -4.41077 -44.7833 0
      vertex 0 -55 0
    endloop
  endfacet
  facet normal 0 0 -1
    outer loop
      vertex -5.39094 -54.7352 0
      vertex -8.77906 -44.1353 0
      vertex -4.41077 -44.7833 0
    endloop
  endfacet
  facet normal 0 0 -1
    outer loop
      vertex -10.73 -53.9432 0
      vertex -8.77906 -44.1353 0
      vertex -5.39094 -54.7352 0
    endloop
  endfacet
  facet normal 0 0 -1
    outer loop
      vertex -10.73 -53.9432 0
      vertex -13.0628 -43.0623 0
      vertex -8.77906 -44.1353 0
    endloop
  endfacet
  facet normal 0 0 -1
    outer loop
      vertex -15.9657 -52.6317 0
      vertex -13.0628 -43.0623 0
      vertex -10.73 -53.9432 0
    endloop
  endfacet
  facet normal 0 0 -1
    outer loop
      vertex -15.9657 -52.6317 0
      vertex -17.2208 -41.5746 0
      vertex -13.0628 -43.0623 0
    endloop
  endfacet
  facet normal 0 0 -1
    outer loop
      vertex -21.0476 -50.8134 0
      vertex -17.2208 -41.5746 0
      vertex -15.9657 -52.6317 0
    endloop
  endfacet
  facet normal 0 0 -1
    outer loop
      vertex -21.0476 -50.8134 0
      vertex -21.2129 -39.6865 0
      vertex -17.2208 -41.5746 0
    endloop
  endfacet
  facet normal 0 0 -1
    outer loop
      vertex -25.9268 -48.5057 0
      vertex -21.2129 -39.6865 0
      vertex -21.0476 -50.8134 0
    endloop
  endfacet
  facet normal -0 0 -1
    outer loop
      vertex -21.2129 -39.6865 0
      vertex -25.9268 -48.5057 0
      vertex -25.0007 -37.4161 0
    endloop
  endfacet
  facet normal 0 0 -1
    outer loop
      vertex -30.5564 -45.7308 0
      vertex -25.0007 -37.4161 0
      vertex -25.9268 -48.5057 0
    endloop
  endfacet
  facet normal -0 0 -1
    outer loop
      vertex -25.0007 -37.4161 0
      vertex -30.5564 -45.7308 0
      vertex -28.5477 -34.7855 0
    endloop
  endfacet
  facet normal 0 0 -1
    outer loop
      vertex -34.8916 -42.5156 0
      vertex -28.5477 -34.7855 0
      vertex -30.5564 -45.7308 0
    endloop
  endfacet
  facet normal -0 0 -1
    outer loop
      vertex -28.5477 -34.7855 0
      vertex -34.8916 -42.5156 0
      vertex -31.8198 -31.8198 0
    endloop
  endfacet
  facet normal 0 0 -1
    outer loop
      vertex -38.8909 -38.8909 0
      vertex -31.8198 -31.8198 0
      vertex -34.8916 -42.5156 0
    endloop
  endfacet
  facet normal -0 0 -1
    outer loop
      vertex -31.8198 -31.8198 0
      vertex -38.8909 -38.8909 0
      vertex -34.7855 -28.5477 0
    endloop
  endfacet
  facet normal 0 0 -1
    outer loop
      vertex -42.5156 -34.8916 0
      vertex -34.7855 -28.5477 0
      vertex -38.8909 -38.8909 0
    endloop
  endfacet
  facet normal -0 0 -1
    outer loop
      vertex -34.7855 -28.5477 0
      vertex -42.5156 -34.8916 0
      vertex -37.4161 -25.0007 0
    endloop
  endfacet
  facet normal 0 0 -1
    outer loop
      vertex -45.7308 -30.5564 0
      vertex -37.4161 -25.0007 0
      vertex -42.5156 -34.8916 0
    endloop
  endfacet
  facet normal -0 0 -1
    outer loop
      vertex -37.4161 -25.0007 0
      vertex -45.7308 -30.5564 0
      vertex -39.6865 -21.2129 0
    endloop
  endfacet
  facet normal 0 0 -1
    outer loop
      vertex -48.5057 -25.9268 0
      vertex -39.6865 -21.2129 0
      vertex -45.7308 -30.5564 0
    endloop
  endfacet
  facet normal -0 0 -1
    outer loop
      vertex -39.6865 -21.2129 0
      vertex -48.5057 -25.9268 0
      vertex -41.5746 -17.2208 0
    endloop
  endfacet
  facet normal 0 0 -1
    outer loop
      vertex -50.8134 -21.0476 0
      vertex -41.5746 -17.2208 0
      vertex -48.5057 -25.9268 0
    endloop
  endfacet
  facet normal 0 0 -1
    outer loop
      vertex -52.6317 -15.9657 0
      vertex -43.0623 -13.0628 0
      vertex -50.8134 -21.0476 0
    endloop
  endfacet
  facet normal -0 0 -1
    outer loop
      vertex -41.5746 -17.2208 0
      vertex -50.8134 -21.0476 0
      vertex -43.0623 -13.0628 0
    endloop
  endfacet
  facet normal -0 0 -1
    outer loop
      vertex 52.6317 15.9657 0
      vertex 43.0623 13.0628 0
      vertex 50.8134 21.0476 0
    endloop
  endfacet
  facet normal 0 0 -1
    outer loop
      vertex 41.5746 17.2208 0
      vertex 50.8134 21.0476 0
      vertex 43.0623 13.0628 0
    endloop
  endfacet
  facet normal -0 0 -1
    outer loop
      vertex 50.8134 21.0476 0
      vertex 41.5746 17.2208 0
      vertex 48.5057 25.9268 0
    endloop
  endfacet
  facet normal 0 0 -1
    outer loop
      vertex 39.6865 21.2129 0
      vertex 48.5057 25.9268 0
      vertex 41.5746 17.2208 0
    endloop
  endfacet
  facet normal -0 0 -1
    outer loop
      vertex 48.5057 25.9268 0
      vertex 39.6865 21.2129 0
      vertex 45.7308 30.5564 0
    endloop
  endfacet
  facet normal 0 0 -1
    outer loop
      vertex 37.4161 25.0007 0
      vertex 45.7308 30.5564 0
      vertex 39.6865 21.2129 0
    endloop
  endfacet
  facet normal -0 0 -1
    outer loop
      vertex 45.7308 30.5564 0
      vertex 37.4161 25.0007 0
      vertex 42.5156 34.8916 0
    endloop
  endfacet
  facet normal 0 0 -1
    outer loop
      vertex 34.7855 28.5477 0
      vertex 42.5156 34.8916 0
      vertex 37.4161 25.0007 0
    endloop
  endfacet
  facet normal -0 0 -1
    outer loop
      vertex 42.5156 34.8916 0
      vertex 34.7855 28.5477 0
      vertex 38.8909 38.8909 0
    endloop
  endfacet
  facet normal 0 0 -1
    outer loop
      vertex 31.8198 31.8198 0
      vertex 38.8909 38.8909 0
      vertex 34.7855 28.5477 0
    endloop
  endfacet
  facet normal -0 0 -1
    outer loop
      vertex 38.8909 38.8909 0
      vertex 31.8198 31.8198 0
      vertex 34.8916 42.5156 0
    endloop
  endfacet
  facet normal 0 0 -1
    outer loop
      vertex 28.5477 34.7855 0
      vertex 34.8916 42.5156 0
      vertex 31.8198 31.8198 0
    endloop
  endfacet
  facet normal -0 0 -1
    outer loop
      vertex 34.8916 42.5156 0
      vertex 28.5477 34.7855 0
      vertex 30.5564 45.7308 0
    endloop
  endfacet
  facet normal 0 0 -1
    outer loop
      vertex 25.0007 37.4161 0
      vertex 30.5564 45.7308 0
      vertex 28.5477 34.7855 0
    endloop
  endfacet
  facet normal -0 0 -1
    outer loop
      vertex 30.5564 45.7308 0
      vertex 25.0007 37.4161 0
      vertex 25.9268 48.5057 0
    endloop
  endfacet
  facet normal 0 0 -1
    outer loop
      vertex 21.2129 39.6865 0
      vertex 25.9268 48.5057 0
      vertex 25.0007 37.4161 0
    endloop
  endfacet
  facet normal 0 0 -1
    outer loop
      vertex 21.2129 39.6865 0
      vertex 21.0476 50.8134 0
      vertex 25.9268 48.5057 0
    endloop
  endfacet
  facet normal 0 0 -1
    outer loop
      vertex 17.2208 41.5746 0
      vertex 21.0476 50.8134 0
      vertex 21.2129 39.6865 0
    endloop
  endfacet
  facet normal 0 0 -1
    outer loop
      vertex 17.2208 41.5746 0
      vertex 15.9657 52.6317 0
      vertex 21.0476 50.8134 0
    endloop
  endfacet
  facet normal 0 0 -1
    outer loop
      vertex 13.0628 43.0623 0
      vertex 15.9657 52.6317 0
      vertex 17.2208 41.5746 0
    endloop
  endfacet
  facet normal 0 0 -1
    outer loop
      vertex 13.0628 43.0623 0
      vertex 10.73 53.9432 0
      vertex 15.9657 52.6317 0
    endloop
  endfacet
  facet normal 0 0 -1
    outer loop
      vertex 8.77906 44.1353 0
      vertex 10.73 53.9432 0
      vertex 13.0628 43.0623 0
    endloop
  endfacet
  facet normal 0 0 -1
    outer loop
      vertex 8.77906 44.1353 0
      vertex 5.39094 54.7352 0
      vertex 10.73 53.9432 0
    endloop
  endfacet
  facet normal 0 0 -1
    outer loop
      vertex 4.41077 44.7833 0
      vertex 5.39094 54.7352 0
      vertex 8.77906 44.1353 0
    endloop
  endfacet
  facet normal 0 0 -1
    outer loop
      vertex 0 45 0
      vertex 5.39094 54.7352 0
      vertex 4.41077 44.7833 0
    endloop
  endfacet
  facet normal 0 0 -1
    outer loop
      vertex 0 45 0
      vertex 0 55 0
      vertex 5.39094 54.7352 0
    endloop
  endfacet
  facet normal 0 0 -1
    outer loop
      vertex -4.41077 44.7833 0
      vertex 0 55 0
      vertex 0 45 0
    endloop
  endfacet
  facet normal 0 0 -1
    outer loop
      vertex -4.41077 44.7833 0
      vertex -5.39094 54.7352 0
      vertex 0 55 0
    endloop
  endfacet
  facet normal 0 0 -1
    outer loop
      vertex -8.77906 44.1353 0
      vertex -5.39094 54.7352 0
      vertex -4.41077 44.7833 0
    endloop
  endfacet
  facet normal 0 0 -1
    outer loop
      vertex -8.77906 44.1353 0
      vertex -10.73 53.9432 0
      vertex -5.39094 54.7352 0
    endloop
  endfacet
  facet normal 0 0 -1
    outer loop
      vertex -13.0628 43.0623 0
      vertex -10.73 53.9432 0
      vertex -8.77906 44.1353 0
    endloop
  endfacet
  facet normal 0 0 -1
    outer loop
      vertex -13.0628 43.0623 0
      vertex -15.9657 52.6317 0
      vertex -10.73 53.9432 0
    endloop
  endfacet
  facet normal 0 0 -1
    outer loop
      vertex -17.2208 41.5746 0
      vertex -15.9657 52.6317 0
      vertex -13.0628 43.0623 0
    endloop
  endfacet
  facet normal 0 0 -1
    outer loop
      vertex -17.2208 41.5746 0
      vertex -21.0476 50.8134 0
      vertex -15.9657 52.6317 0
    endloop
  endfacet
  facet normal 0 0 -1
    outer loop
      vertex -21.2129 39.6865 0
      vertex -21.0476 50.8134 0
      vertex -17.2208 41.5746 0
    endloop
  endfacet
  facet normal 0 0 -1
    outer loop
      vertex -25.9268 48.5057 0
      vertex -21.2129 39.6865 0
      vertex -25.0007 37.4161 0
    endloop
  endfacet
  facet normal 0 0 -1
    outer loop
      vertex -21.2129 39.6865 0
      vertex -25.9268 48.5057 0
      vertex -21.0476 50.8134 0
    endloop
  endfacet
  facet normal 0 0 -1
    outer loop
      vertex -30.5564 45.7308 0
      vertex -25.0007 37.4161 0
      vertex -28.5477 34.7855 0
    endloop
  endfacet
  facet normal 0 0 -1
    outer loop
      vertex -25.0007 37.4161 0
      vertex -30.5564 45.7308 0
      vertex -25.9268 48.5057 0
    endloop
  endfacet
  facet normal 0 0 -1
    outer loop
      vertex -34.8916 42.5156 0
      vertex -28.5477 34.7855 0
      vertex -31.8198 31.8198 0
    endloop
  endfacet
  facet normal 0 0 -1
    outer loop
      vertex -38.8909 38.8909 0
      vertex -31.8198 31.8198 0
      vertex -34.7855 28.5477 0
    endloop
  endfacet
  facet normal 0 0 -1
    outer loop
      vertex -28.5477 34.7855 0
      vertex -34.8916 42.5156 0
      vertex -30.5564 45.7308 0
    endloop
  endfacet
  facet normal 0 0 -1
    outer loop
      vertex -42.5156 34.8916 0
      vertex -34.7855 28.5477 0
      vertex -37.4161 25.0007 0
    endloop
  endfacet
  facet normal 0 0 -1
    outer loop
      vertex -31.8198 31.8198 0
      vertex -38.8909 38.8909 0
      vertex -34.8916 42.5156 0
    endloop
  endfacet
  facet normal 0 0 -1
    outer loop
      vertex -45.7308 30.5564 0
      vertex -37.4161 25.0007 0
      vertex -39.6865 21.2129 0
    endloop
  endfacet
  facet normal 0 0 -1
    outer loop
      vertex -48.5057 25.9268 0
      vertex -39.6865 21.2129 0
      vertex -41.5746 17.2208 0
    endloop
  endfacet
  facet normal 0 0 -1
    outer loop
      vertex -34.7855 28.5477 0
      vertex -42.5156 34.8916 0
      vertex -38.8909 38.8909 0
    endloop
  endfacet
  facet normal 0 0 -1
    outer loop
      vertex -50.8134 21.0476 0
      vertex -41.5746 17.2208 0
      vertex -43.0623 13.0628 0
    endloop
  endfacet
  facet normal 0 0 -1
    outer loop
      vertex -52.6317 15.9657 0
      vertex -43.0623 13.0628 0
      vertex -44.1353 8.77906 0
    endloop
  endfacet
  facet normal 0 0 -1
    outer loop
      vertex -53.9432 10.73 0
      vertex -44.1353 8.77906 0
      vertex -44.7833 4.41077 0
    endloop
  endfacet
  facet normal 0 0 -1
    outer loop
      vertex -37.4161 25.0007 0
      vertex -45.7308 30.5564 0
      vertex -42.5156 34.8916 0
    endloop
  endfacet
  facet normal 0 0 -1
    outer loop
      vertex -54.7352 5.39094 0
      vertex -44.7833 4.41077 0
      vertex -45 0 0
    endloop
  endfacet
  facet normal -0 0 -1
    outer loop
      vertex -43.0623 -13.0628 0
      vertex -52.6317 -15.9657 0
      vertex -44.1353 -8.77906 0
    endloop
  endfacet
  facet normal 0 0 -1
    outer loop
      vertex -53.9432 -10.73 0
      vertex -44.1353 -8.77906 0
      vertex -52.6317 -15.9657 0
    endloop
  endfacet
  facet normal 0 0 -1
    outer loop
      vertex -39.6865 21.2129 0
      vertex -48.5057 25.9268 0
      vertex -45.7308 30.5564 0
    endloop
  endfacet
  facet normal -0 0 -1
    outer loop
      vertex -44.1353 -8.77906 0
      vertex -53.9432 -10.73 0
      vertex -44.7833 -4.41077 0
    endloop
  endfacet
  facet normal 0 0 -1
    outer loop
      vertex -41.5746 17.2208 0
      vertex -50.8134 21.0476 0
      vertex -48.5057 25.9268 0
    endloop
  endfacet
  facet normal 0 0 -1
    outer loop
      vertex -54.7352 -5.39094 0
      vertex -44.7833 -4.41077 0
      vertex -53.9432 -10.73 0
    endloop
  endfacet
  facet normal 0 0 -1
    outer loop
      vertex -43.0623 13.0628 0
      vertex -52.6317 15.9657 0
      vertex -50.8134 21.0476 0
    endloop
  endfacet
  facet normal -0 0 -1
    outer loop
      vertex -44.7833 -4.41077 0
      vertex -54.7352 -5.39094 0
      vertex -45 0 0
    endloop
  endfacet
  facet normal 0 0 -1
    outer loop
      vertex -44.1353 8.77906 0
      vertex -53.9432 10.73 0
      vertex -52.6317 15.9657 0
    endloop
  endfacet
  facet normal 0 0 -1
    outer loop
      vertex -55 0 0
      vertex -45 0 0
      vertex -54.7352 -5.39094 0
    endloop
  endfacet
  facet normal 0 0 -1
    outer loop
      vertex -44.7833 4.41077 0
      vertex -54.7352 5.39094 0
      vertex -53.9432 10.73 0
    endloop
  endfacet
  facet normal 0 0 -1
    outer loop
      vertex -45 0 0
      vertex -55 0 0
      vertex -54.7352 5.39094 0
    endloop
  endfacet
  facet normal -0.514106 -0.857727 0
    outer loop
      vertex -30.5564 -45.7308 0
      vertex -25.9268 -48.5057 5
      vertex -30.5564 -45.7308 5
    endloop
  endfacet
  facet normal -0.514106 -0.857727 -0
    outer loop
      vertex -25.9268 -48.5057 5
      vertex -30.5564 -45.7308 0
      vertex -25.9268 -48.5057 0
    endloop
  endfacet
  facet normal -0.427557 -0.903989 0
    outer loop
      vertex -25.9268 -48.5057 0
      vertex -21.0476 -50.8134 5
      vertex -25.9268 -48.5057 5
    endloop
  endfacet
  facet normal -0.427557 -0.903989 -0
    outer loop
      vertex -21.0476 -50.8134 5
      vertex -25.9268 -48.5057 0
      vertex -21.0476 -50.8134 0
    endloop
  endfacet
  facet normal -0.595699 -0.803208 0
    outer loop
      vertex -34.8916 -42.5156 0
      vertex -30.5564 -45.7308 5
      vertex -34.8916 -42.5156 5
    endloop
  endfacet
  facet normal -0.595699 -0.803208 -0
    outer loop
      vertex -30.5564 -45.7308 5
      vertex -34.8916 -42.5156 0
      vertex -30.5564 -45.7308 0
    endloop
  endfacet
  facet normal -0.242985 -0.97003 0
    outer loop
      vertex -15.9657 -52.6317 0
      vertex -10.73 -53.9432 5
      vertex -15.9657 -52.6317 5
    endloop
  endfacet
  facet normal -0.242985 -0.97003 -0
    outer loop
      vertex -10.73 -53.9432 5
      vertex -15.9657 -52.6317 0
      vertex -10.73 -53.9432 0
    endloop
  endfacet
  facet normal -0.0490603 -0.998796 0
    outer loop
      vertex -5.39094 -54.7352 0
      vertex 0 -55 5
      vertex -5.39094 -54.7352 5
    endloop
  endfacet
  facet normal -0.0490603 -0.998796 -0
    outer loop
      vertex 0 -55 5
      vertex -5.39094 -54.7352 0
      vertex 0 -55 0
    endloop
  endfacet
  facet normal 0.998796 0.0490603 0
    outer loop
      vertex 55 0 5
      vertex 54.7352 5.39094 0
      vertex 54.7352 5.39094 5
    endloop
  endfacet
  facet normal 0.998796 0.0490603 0
    outer loop
      vertex 54.7352 5.39094 0
      vertex 55 0 5
      vertex 55 0 0
    endloop
  endfacet
  facet normal 0.0490603 0.998796 -0
    outer loop
      vertex 5.39094 54.7352 0
      vertex 0 55 5
      vertex 5.39094 54.7352 5
    endloop
  endfacet
  facet normal 0.0490603 0.998796 0
    outer loop
      vertex 0 55 5
      vertex 5.39094 54.7352 0
      vertex 0 55 0
    endloop
  endfacet
  facet normal 0.242985 0.97003 -0
    outer loop
      vertex 15.9657 52.6317 0
      vertex 10.73 53.9432 5
      vertex 15.9657 52.6317 5
    endloop
  endfacet
  facet normal 0.242985 0.97003 0
    outer loop
      vertex 10.73 53.9432 5
      vertex 15.9657 52.6317 0
      vertex 10.73 53.9432 0
    endloop
  endfacet
  facet normal 0.595699 0.803208 -0
    outer loop
      vertex 34.8916 42.5156 0
      vertex 30.5564 45.7308 5
      vertex 34.8916 42.5156 5
    endloop
  endfacet
  facet normal 0.595699 0.803208 0
    outer loop
      vertex 30.5564 45.7308 5
      vertex 34.8916 42.5156 0
      vertex 30.5564 45.7308 0
    endloop
  endfacet
  facet normal 0.427557 0.903989 -0
    outer loop
      vertex 25.9268 48.5057 0
      vertex 21.0476 50.8134 5
      vertex 25.9268 48.5057 5
    endloop
  endfacet
  facet normal 0.427557 0.903989 0
    outer loop
      vertex 21.0476 50.8134 5
      vertex 25.9268 48.5057 0
      vertex 21.0476 50.8134 0
    endloop
  endfacet
  facet normal 0.740956 0.671553 0
    outer loop
      vertex 42.5156 34.8916 5
      vertex 38.8909 38.8909 0
      vertex 38.8909 38.8909 5
    endloop
  endfacet
  facet normal 0.740956 0.671553 0
    outer loop
      vertex 38.8909 38.8909 0
      vertex 42.5156 34.8916 5
      vertex 42.5156 34.8916 0
    endloop
  endfacet
  facet normal -0.671553 0.740956 0
    outer loop
      vertex -34.8916 42.5156 0
      vertex -38.8909 38.8909 5
      vertex -34.8916 42.5156 5
    endloop
  endfacet
  facet normal -0.671553 0.740956 0
    outer loop
      vertex -38.8909 38.8909 5
      vertex -34.8916 42.5156 0
      vertex -38.8909 38.8909 0
    endloop
  endfacet
  facet normal -0.514106 0.857727 0
    outer loop
      vertex -25.9268 48.5057 0
      vertex -30.5564 45.7308 5
      vertex -25.9268 48.5057 5
    endloop
  endfacet
  facet normal -0.514106 0.857727 0
    outer loop
      vertex -30.5564 45.7308 5
      vertex -25.9268 48.5057 0
      vertex -30.5564 45.7308 0
    endloop
  endfacet
  facet normal -0.336884 0.941546 0
    outer loop
      vertex -15.9657 52.6317 0
      vertex -21.0476 50.8134 5
      vertex -15.9657 52.6317 5
    endloop
  endfacet
  facet normal -0.336884 0.941546 0
    outer loop
      vertex -21.0476 50.8134 5
      vertex -15.9657 52.6317 0
      vertex -21.0476 50.8134 0
    endloop
  endfacet
  facet normal -0.146735 0.989176 0
    outer loop
      vertex -5.39094 54.7352 0
      vertex -10.73 53.9432 5
      vertex -5.39094 54.7352 5
    endloop
  endfacet
  facet normal -0.146735 0.989176 0
    outer loop
      vertex -10.73 53.9432 5
      vertex -5.39094 54.7352 0
      vertex -10.73 53.9432 0
    endloop
  endfacet
  facet normal -0.803208 0.595699 0
    outer loop
      vertex -45.7308 30.5564 0
      vertex -42.5156 34.8916 5
      vertex -42.5156 34.8916 0
    endloop
  endfacet
  facet normal -0.803208 0.595699 0
    outer loop
      vertex -42.5156 34.8916 5
      vertex -45.7308 30.5564 0
      vertex -45.7308 30.5564 5
    endloop
  endfacet
  facet normal -0.903989 0.427557 0
    outer loop
      vertex -50.8134 21.0476 0
      vertex -48.5057 25.9268 5
      vertex -48.5057 25.9268 0
    endloop
  endfacet
  facet normal -0.903989 0.427557 0
    outer loop
      vertex -48.5057 25.9268 5
      vertex -50.8134 21.0476 0
      vertex -50.8134 21.0476 5
    endloop
  endfacet
  facet normal -0.857727 0.514106 0
    outer loop
      vertex -48.5057 25.9268 0
      vertex -45.7308 30.5564 5
      vertex -45.7308 30.5564 0
    endloop
  endfacet
  facet normal -0.857727 0.514106 0
    outer loop
      vertex -45.7308 30.5564 5
      vertex -48.5057 25.9268 0
      vertex -48.5057 25.9268 5
    endloop
  endfacet
  facet normal -0.97003 0.242985 0
    outer loop
      vertex -53.9432 10.73 0
      vertex -52.6317 15.9657 5
      vertex -52.6317 15.9657 0
    endloop
  endfacet
  facet normal -0.97003 0.242985 0
    outer loop
      vertex -52.6317 15.9657 5
      vertex -53.9432 10.73 0
      vertex -53.9432 10.73 5
    endloop
  endfacet
  facet normal -0.941546 0.336884 0
    outer loop
      vertex -52.6317 15.9657 0
      vertex -50.8134 21.0476 5
      vertex -50.8134 21.0476 0
    endloop
  endfacet
  facet normal -0.941546 0.336884 0
    outer loop
      vertex -50.8134 21.0476 5
      vertex -52.6317 15.9657 0
      vertex -52.6317 15.9657 5
    endloop
  endfacet
  facet normal -0.998796 0.0490603 0
    outer loop
      vertex -55 0 0
      vertex -54.7352 5.39094 5
      vertex -54.7352 5.39094 0
    endloop
  endfacet
  facet normal -0.998796 0.0490603 0
    outer loop
      vertex -54.7352 5.39094 5
      vertex -55 0 0
      vertex -55 0 5
    endloop
  endfacet
  facet normal 0.146735 0.989176 -0
    outer loop
      vertex 10.73 53.9432 0
      vertex 5.39094 54.7352 5
      vertex 10.73 53.9432 5
    endloop
  endfacet
  facet normal 0.146735 0.989176 0
    outer loop
      vertex 5.39094 54.7352 5
      vertex 10.73 53.9432 0
      vertex 5.39094 54.7352 0
    endloop
  endfacet
  facet normal 0.336884 0.941546 -0
    outer loop
      vertex 21.0476 50.8134 0
      vertex 15.9657 52.6317 5
      vertex 21.0476 50.8134 5
    endloop
  endfacet
  facet normal 0.336884 0.941546 0
    outer loop
      vertex 15.9657 52.6317 5
      vertex 21.0476 50.8134 0
      vertex 15.9657 52.6317 0
    endloop
  endfacet
  facet normal 0.671553 0.740956 -0
    outer loop
      vertex 38.8909 38.8909 0
      vertex 34.8916 42.5156 5
      vertex 38.8909 38.8909 5
    endloop
  endfacet
  facet normal 0.671553 0.740956 0
    outer loop
      vertex 34.8916 42.5156 5
      vertex 38.8909 38.8909 0
      vertex 34.8916 42.5156 0
    endloop
  endfacet
  facet normal 0.514106 0.857727 -0
    outer loop
      vertex 30.5564 45.7308 0
      vertex 25.9268 48.5057 5
      vertex 30.5564 45.7308 5
    endloop
  endfacet
  facet normal 0.514106 0.857727 0
    outer loop
      vertex 25.9268 48.5057 5
      vertex 30.5564 45.7308 0
      vertex 25.9268 48.5057 0
    endloop
  endfacet
  facet normal 0.803208 0.595699 0
    outer loop
      vertex 45.7308 30.5564 5
      vertex 42.5156 34.8916 0
      vertex 42.5156 34.8916 5
    endloop
  endfacet
  facet normal 0.803208 0.595699 0
    outer loop
      vertex 42.5156 34.8916 0
      vertex 45.7308 30.5564 5
      vertex 45.7308 30.5564 0
    endloop
  endfacet
  facet normal 0.857727 0.514106 0
    outer loop
      vertex 48.5057 25.9268 5
      vertex 45.7308 30.5564 0
      vertex 45.7308 30.5564 5
    endloop
  endfacet
  facet normal 0.857727 0.514106 0
    outer loop
      vertex 45.7308 30.5564 0
      vertex 48.5057 25.9268 5
      vertex 48.5057 25.9268 0
    endloop
  endfacet
  facet normal 0.903989 0.427557 0
    outer loop
      vertex 50.8134 21.0476 5
      vertex 48.5057 25.9268 0
      vertex 48.5057 25.9268 5
    endloop
  endfacet
  facet normal 0.903989 0.427557 0
    outer loop
      vertex 48.5057 25.9268 0
      vertex 50.8134 21.0476 5
      vertex 50.8134 21.0476 0
    endloop
  endfacet
  facet normal 0.989176 0.146735 0
    outer loop
      vertex 54.7352 5.39094 5
      vertex 53.9432 10.73 0
      vertex 53.9432 10.73 5
    endloop
  endfacet
  facet normal 0.989176 0.146735 0
    outer loop
      vertex 53.9432 10.73 0
      vertex 54.7352 5.39094 5
      vertex 54.7352 5.39094 0
    endloop
  endfacet
  facet normal 0.97003 0.242985 0
    outer loop
      vertex 53.9432 10.73 5
      vertex 52.6317 15.9657 0
      vertex 52.6317 15.9657 5
    endloop
  endfacet
  facet normal 0.97003 0.242985 0
    outer loop
      vertex 52.6317 15.9657 0
      vertex 53.9432 10.73 5
      vertex 53.9432 10.73 0
    endloop
  endfacet
  facet normal -0.595699 0.803208 0
    outer loop
      vertex -30.5564 45.7308 0
      vertex -34.8916 42.5156 5
      vertex -30.5564 45.7308 5
    endloop
  endfacet
  facet normal -0.595699 0.803208 0
    outer loop
      vertex -34.8916 42.5156 5
      vertex -30.5564 45.7308 0
      vertex -34.8916 42.5156 0
    endloop
  endfacet
  facet normal -0.427557 0.903989 0
    outer loop
      vertex -21.0476 50.8134 0
      vertex -25.9268 48.5057 5
      vertex -21.0476 50.8134 5
    endloop
  endfacet
  facet normal -0.427557 0.903989 0
    outer loop
      vertex -25.9268 48.5057 5
      vertex -21.0476 50.8134 0
      vertex -25.9268 48.5057 0
    endloop
  endfacet
  facet normal -0.242985 0.97003 0
    outer loop
      vertex -10.73 53.9432 0
      vertex -15.9657 52.6317 5
      vertex -10.73 53.9432 5
    endloop
  endfacet
  facet normal -0.242985 0.97003 0
    outer loop
      vertex -15.9657 52.6317 5
      vertex -10.73 53.9432 0
      vertex -15.9657 52.6317 0
    endloop
  endfacet
  facet normal -0.0490603 0.998796 0
    outer loop
      vertex 0 55 0
      vertex -5.39094 54.7352 5
      vertex 0 55 5
    endloop
  endfacet
  facet normal -0.0490603 0.998796 0
    outer loop
      vertex -5.39094 54.7352 5
      vertex 0 55 0
      vertex -5.39094 54.7352 0
    endloop
  endfacet
  facet normal -0.740956 0.671553 0
    outer loop
      vertex -42.5156 34.8916 0
      vertex -38.8909 38.8909 5
      vertex -38.8909 38.8909 0
    endloop
  endfacet
  facet normal -0.740956 0.671553 0
    outer loop
      vertex -38.8909 38.8909 5
      vertex -42.5156 34.8916 0
      vertex -42.5156 34.8916 5
    endloop
  endfacet
  facet normal -0.989176 0.146735 0
    outer loop
      vertex -54.7352 5.39094 0
      vertex -53.9432 10.73 5
      vertex -53.9432 10.73 0
    endloop
  endfacet
  facet normal -0.989176 0.146735 0
    outer loop
      vertex -53.9432 10.73 5
      vertex -54.7352 5.39094 0
      vertex -54.7352 5.39094 5
    endloop
  endfacet
  facet normal -0.998795 0.0490706 0
    outer loop
      vertex 44.7833 -4.41077 0
      vertex 45 0 5
      vertex 45 0 0
    endloop
  endfacet
  facet normal -0.998795 0.0490706 0
    outer loop
      vertex 45 0 5
      vertex 44.7833 -4.41077 0
      vertex 44.7833 -4.41077 5
    endloop
  endfacet
  facet normal 0.998795 0.0490706 0
    outer loop
      vertex -44.7833 -4.41077 5
      vertex -45 0 0
      vertex -45 0 5
    endloop
  endfacet
  facet normal 0.998795 0.0490706 0
    outer loop
      vertex -45 0 0
      vertex -44.7833 -4.41077 5
      vertex -44.7833 -4.41077 0
    endloop
  endfacet
  facet normal -0.0490706 0.998795 0
    outer loop
      vertex 4.41077 -44.7833 0
      vertex 0 -45 5
      vertex 4.41077 -44.7833 5
    endloop
  endfacet
  facet normal -0.0490706 0.998795 0
    outer loop
      vertex 0 -45 5
      vertex 4.41077 -44.7833 0
      vertex 0 -45 0
    endloop
  endfacet
  facet normal 0.0490706 -0.998795 0
    outer loop
      vertex -4.41077 44.7833 0
      vertex 0 45 5
      vertex -4.41077 44.7833 5
    endloop
  endfacet
  facet normal 0.0490706 -0.998795 0
    outer loop
      vertex 0 45 5
      vertex -4.41077 44.7833 0
      vertex 0 45 0
    endloop
  endfacet
  facet normal -0.740946 0.671564 0
    outer loop
      vertex 31.8198 -31.8198 0
      vertex 34.7855 -28.5477 5
      vertex 34.7855 -28.5477 0
    endloop
  endfacet
  facet normal -0.740946 0.671564 0
    outer loop
      vertex 34.7855 -28.5477 5
      vertex 31.8198 -31.8198 0
      vertex 31.8198 -31.8198 5
    endloop
  endfacet
  facet normal 0.671564 0.740946 -0
    outer loop
      vertex -28.5477 -34.7855 0
      vertex -31.8198 -31.8198 5
      vertex -28.5477 -34.7855 5
    endloop
  endfacet
  facet normal 0.671564 0.740946 0
    outer loop
      vertex -31.8198 -31.8198 5
      vertex -28.5477 -34.7855 0
      vertex -31.8198 -31.8198 0
    endloop
  endfacet
  facet normal 0.336879 0.941548 -0
    outer loop
      vertex -13.0628 -43.0623 0
      vertex -17.2208 -41.5746 5
      vertex -13.0628 -43.0623 5
    endloop
  endfacet
  facet normal 0.336879 0.941548 0
    outer loop
      vertex -17.2208 -41.5746 5
      vertex -13.0628 -43.0623 0
      vertex -17.2208 -41.5746 0
    endloop
  endfacet
  facet normal 0.970032 -0.242976 0
    outer loop
      vertex -44.1353 8.77906 5
      vertex -43.0623 13.0628 0
      vertex -43.0623 13.0628 5
    endloop
  endfacet
  facet normal 0.970032 -0.242976 0
    outer loop
      vertex -43.0623 13.0628 0
      vertex -44.1353 8.77906 5
      vertex -44.1353 8.77906 0
    endloop
  endfacet
  facet normal -0.903991 0.427551 0
    outer loop
      vertex 39.6865 -21.2129 0
      vertex 41.5746 -17.2208 5
      vertex 41.5746 -17.2208 0
    endloop
  endfacet
  facet normal -0.903991 0.427551 0
    outer loop
      vertex 41.5746 -17.2208 5
      vertex 39.6865 -21.2129 0
      vertex 39.6865 -21.2129 5
    endloop
  endfacet
  facet normal -0.857721 0.514116 0
    outer loop
      vertex 37.4161 -25.0007 0
      vertex 39.6865 -21.2129 5
      vertex 39.6865 -21.2129 0
    endloop
  endfacet
  facet normal -0.857721 0.514116 0
    outer loop
      vertex 39.6865 -21.2129 5
      vertex 37.4161 -25.0007 0
      vertex 37.4161 -25.0007 5
    endloop
  endfacet
  facet normal -0.427551 0.903991 0
    outer loop
      vertex 21.2129 -39.6865 0
      vertex 17.2208 -41.5746 5
      vertex 21.2129 -39.6865 5
    endloop
  endfacet
  facet normal -0.427551 0.903991 0
    outer loop
      vertex 17.2208 -41.5746 5
      vertex 21.2129 -39.6865 0
      vertex 17.2208 -41.5746 0
    endloop
  endfacet
  facet normal 0.857721 0.514116 0
    outer loop
      vertex -37.4161 -25.0007 5
      vertex -39.6865 -21.2129 0
      vertex -39.6865 -21.2129 5
    endloop
  endfacet
  facet normal 0.857721 0.514116 0
    outer loop
      vertex -39.6865 -21.2129 0
      vertex -37.4161 -25.0007 5
      vertex -37.4161 -25.0007 0
    endloop
  endfacet
  facet normal 0.803211 0.595694 0
    outer loop
      vertex -34.7855 -28.5477 5
      vertex -37.4161 -25.0007 0
      vertex -37.4161 -25.0007 5
    endloop
  endfacet
  facet normal 0.803211 0.595694 0
    outer loop
      vertex -37.4161 -25.0007 0
      vertex -34.7855 -28.5477 5
      vertex -34.7855 -28.5477 0
    endloop
  endfacet
  facet normal 0.146736 0.989176 -0
    outer loop
      vertex -4.41077 -44.7833 0
      vertex -8.77906 -44.1353 5
      vertex -4.41077 -44.7833 5
    endloop
  endfacet
  facet normal 0.146736 0.989176 0
    outer loop
      vertex -8.77906 -44.1353 5
      vertex -4.41077 -44.7833 0
      vertex -8.77906 -44.1353 0
    endloop
  endfacet
  facet normal -0.903991 -0.427551 0
    outer loop
      vertex 41.5746 17.2208 0
      vertex 39.6865 21.2129 5
      vertex 39.6865 21.2129 0
    endloop
  endfacet
  facet normal -0.903991 -0.427551 0
    outer loop
      vertex 39.6865 21.2129 5
      vertex 41.5746 17.2208 0
      vertex 41.5746 17.2208 5
    endloop
  endfacet
  facet normal -0.242976 -0.970032 0
    outer loop
      vertex 8.77906 44.1353 0
      vertex 13.0628 43.0623 5
      vertex 8.77906 44.1353 5
    endloop
  endfacet
  facet normal -0.242976 -0.970032 -0
    outer loop
      vertex 13.0628 43.0623 5
      vertex 8.77906 44.1353 0
      vertex 13.0628 43.0623 0
    endloop
  endfacet
  facet normal -0.671564 -0.740946 0
    outer loop
      vertex 28.5477 34.7855 0
      vertex 31.8198 31.8198 5
      vertex 28.5477 34.7855 5
    endloop
  endfacet
  facet normal -0.671564 -0.740946 -0
    outer loop
      vertex 31.8198 31.8198 5
      vertex 28.5477 34.7855 0
      vertex 31.8198 31.8198 0
    endloop
  endfacet
  facet normal -0.970032 -0.242976 0
    outer loop
      vertex 44.1353 8.77906 0
      vertex 43.0623 13.0628 5
      vertex 43.0623 13.0628 0
    endloop
  endfacet
  facet normal -0.970032 -0.242976 0
    outer loop
      vertex 43.0623 13.0628 5
      vertex 44.1353 8.77906 0
      vertex 44.1353 8.77906 5
    endloop
  endfacet
  facet normal 0.336879 -0.941548 0
    outer loop
      vertex -17.2208 41.5746 0
      vertex -13.0628 43.0623 5
      vertex -17.2208 41.5746 5
    endloop
  endfacet
  facet normal 0.336879 -0.941548 0
    outer loop
      vertex -13.0628 43.0623 5
      vertex -17.2208 41.5746 0
      vertex -13.0628 43.0623 0
    endloop
  endfacet
  facet normal 0.740946 -0.671564 0
    outer loop
      vertex -34.7855 28.5477 5
      vertex -31.8198 31.8198 0
      vertex -31.8198 31.8198 5
    endloop
  endfacet
  facet normal 0.740946 -0.671564 0
    outer loop
      vertex -31.8198 31.8198 0
      vertex -34.7855 28.5477 5
      vertex -34.7855 28.5477 0
    endloop
  endfacet
  facet normal 0.803211 -0.595694 0
    outer loop
      vertex -37.4161 25.0007 5
      vertex -34.7855 28.5477 0
      vertex -34.7855 28.5477 5
    endloop
  endfacet
  facet normal 0.803211 -0.595694 0
    outer loop
      vertex -34.7855 28.5477 0
      vertex -37.4161 25.0007 5
      vertex -37.4161 25.0007 0
    endloop
  endfacet
  facet normal -0.970032 0.242976 0
    outer loop
      vertex 43.0623 -13.0628 0
      vertex 44.1353 -8.77906 5
      vertex 44.1353 -8.77906 0
    endloop
  endfacet
  facet normal -0.970032 0.242976 0
    outer loop
      vertex 44.1353 -8.77906 5
      vertex 43.0623 -13.0628 0
      vertex 43.0623 -13.0628 5
    endloop
  endfacet
  facet normal -0.989176 0.146736 0
    outer loop
      vertex 44.1353 -8.77906 0
      vertex 44.7833 -4.41077 5
      vertex 44.7833 -4.41077 0
    endloop
  endfacet
  facet normal -0.989176 0.146736 0
    outer loop
      vertex 44.7833 -4.41077 5
      vertex 44.1353 -8.77906 0
      vertex 44.1353 -8.77906 5
    endloop
  endfacet
  facet normal -0.941548 0.336879 0
    outer loop
      vertex 41.5746 -17.2208 0
      vertex 43.0623 -13.0628 5
      vertex 43.0623 -13.0628 0
    endloop
  endfacet
  facet normal -0.941548 0.336879 0
    outer loop
      vertex 43.0623 -13.0628 5
      vertex 41.5746 -17.2208 0
      vertex 41.5746 -17.2208 5
    endloop
  endfacet
  facet normal -0.803211 0.595694 0
    outer loop
      vertex 34.7855 -28.5477 0
      vertex 37.4161 -25.0007 5
      vertex 37.4161 -25.0007 0
    endloop
  endfacet
  facet normal -0.803211 0.595694 0
    outer loop
      vertex 37.4161 -25.0007 5
      vertex 34.7855 -28.5477 0
      vertex 34.7855 -28.5477 5
    endloop
  endfacet
  facet normal -0.242976 0.970032 0
    outer loop
      vertex 13.0628 -43.0623 0
      vertex 8.77906 -44.1353 5
      vertex 13.0628 -43.0623 5
    endloop
  endfacet
  facet normal -0.242976 0.970032 0
    outer loop
      vertex 8.77906 -44.1353 5
      vertex 13.0628 -43.0623 0
      vertex 8.77906 -44.1353 0
    endloop
  endfacet
  facet normal -0.336879 0.941548 0
    outer loop
      vertex 17.2208 -41.5746 0
      vertex 13.0628 -43.0623 5
      vertex 17.2208 -41.5746 5
    endloop
  endfacet
  facet normal -0.336879 0.941548 0
    outer loop
      vertex 13.0628 -43.0623 5
      vertex 17.2208 -41.5746 0
      vertex 13.0628 -43.0623 0
    endloop
  endfacet
  facet normal -0.146736 0.989176 0
    outer loop
      vertex 8.77906 -44.1353 0
      vertex 4.41077 -44.7833 5
      vertex 8.77906 -44.1353 5
    endloop
  endfacet
  facet normal -0.146736 0.989176 0
    outer loop
      vertex 4.41077 -44.7833 5
      vertex 8.77906 -44.1353 0
      vertex 4.41077 -44.7833 0
    endloop
  endfacet
  facet normal -0.595694 0.803211 0
    outer loop
      vertex 28.5477 -34.7855 0
      vertex 25.0007 -37.4161 5
      vertex 28.5477 -34.7855 5
    endloop
  endfacet
  facet normal -0.595694 0.803211 0
    outer loop
      vertex 25.0007 -37.4161 5
      vertex 28.5477 -34.7855 0
      vertex 25.0007 -37.4161 0
    endloop
  endfacet
  facet normal -0.514116 0.857721 0
    outer loop
      vertex 25.0007 -37.4161 0
      vertex 21.2129 -39.6865 5
      vertex 25.0007 -37.4161 5
    endloop
  endfacet
  facet normal -0.514116 0.857721 0
    outer loop
      vertex 21.2129 -39.6865 5
      vertex 25.0007 -37.4161 0
      vertex 21.2129 -39.6865 0
    endloop
  endfacet
  facet normal -0.671564 0.740946 0
    outer loop
      vertex 31.8198 -31.8198 0
      vertex 28.5477 -34.7855 5
      vertex 31.8198 -31.8198 5
    endloop
  endfacet
  facet normal -0.671564 0.740946 0
    outer loop
      vertex 28.5477 -34.7855 5
      vertex 31.8198 -31.8198 0
      vertex 28.5477 -34.7855 0
    endloop
  endfacet
  facet normal 0.970032 0.242976 0
    outer loop
      vertex -43.0623 -13.0628 5
      vertex -44.1353 -8.77906 0
      vertex -44.1353 -8.77906 5
    endloop
  endfacet
  facet normal 0.970032 0.242976 0
    outer loop
      vertex -44.1353 -8.77906 0
      vertex -43.0623 -13.0628 5
      vertex -43.0623 -13.0628 0
    endloop
  endfacet
  facet normal 0.903991 0.427551 0
    outer loop
      vertex -39.6865 -21.2129 5
      vertex -41.5746 -17.2208 0
      vertex -41.5746 -17.2208 5
    endloop
  endfacet
  facet normal 0.903991 0.427551 0
    outer loop
      vertex -41.5746 -17.2208 0
      vertex -39.6865 -21.2129 5
      vertex -39.6865 -21.2129 0
    endloop
  endfacet
  facet normal 0.941548 0.336879 0
    outer loop
      vertex -41.5746 -17.2208 5
      vertex -43.0623 -13.0628 0
      vertex -43.0623 -13.0628 5
    endloop
  endfacet
  facet normal 0.941548 0.336879 0
    outer loop
      vertex -43.0623 -13.0628 0
      vertex -41.5746 -17.2208 5
      vertex -41.5746 -17.2208 0
    endloop
  endfacet
  facet normal 0.989176 0.146736 0
    outer loop
      vertex -44.1353 -8.77906 5
      vertex -44.7833 -4.41077 0
      vertex -44.7833 -4.41077 5
    endloop
  endfacet
  facet normal 0.989176 0.146736 0
    outer loop
      vertex -44.7833 -4.41077 0
      vertex -44.1353 -8.77906 5
      vertex -44.1353 -8.77906 0
    endloop
  endfacet
  facet normal 0.427551 0.903991 -0
    outer loop
      vertex -17.2208 -41.5746 0
      vertex -21.2129 -39.6865 5
      vertex -17.2208 -41.5746 5
    endloop
  endfacet
  facet normal 0.427551 0.903991 0
    outer loop
      vertex -21.2129 -39.6865 5
      vertex -17.2208 -41.5746 0
      vertex -21.2129 -39.6865 0
    endloop
  endfacet
  facet normal 0.514116 0.857721 -0
    outer loop
      vertex -21.2129 -39.6865 0
      vertex -25.0007 -37.4161 5
      vertex -21.2129 -39.6865 5
    endloop
  endfacet
  facet normal 0.514116 0.857721 0
    outer loop
      vertex -25.0007 -37.4161 5
      vertex -21.2129 -39.6865 0
      vertex -25.0007 -37.4161 0
    endloop
  endfacet
  facet normal 0.595694 0.803211 -0
    outer loop
      vertex -25.0007 -37.4161 0
      vertex -28.5477 -34.7855 5
      vertex -25.0007 -37.4161 5
    endloop
  endfacet
  facet normal 0.595694 0.803211 0
    outer loop
      vertex -28.5477 -34.7855 5
      vertex -25.0007 -37.4161 0
      vertex -28.5477 -34.7855 0
    endloop
  endfacet
  facet normal 0.0490706 0.998795 -0
    outer loop
      vertex 0 -45 0
      vertex -4.41077 -44.7833 5
      vertex 0 -45 5
    endloop
  endfacet
  facet normal 0.0490706 0.998795 0
    outer loop
      vertex -4.41077 -44.7833 5
      vertex 0 -45 0
      vertex -4.41077 -44.7833 0
    endloop
  endfacet
  facet normal -0.0490706 -0.998795 0
    outer loop
      vertex 0 45 0
      vertex 4.41077 44.7833 5
      vertex 0 45 5
    endloop
  endfacet
  facet normal -0.0490706 -0.998795 -0
    outer loop
      vertex 4.41077 44.7833 5
      vertex 0 45 0
      vertex 4.41077 44.7833 0
    endloop
  endfacet
  facet normal -0.427551 -0.903991 0
    outer loop
      vertex 17.2208 41.5746 0
      vertex 21.2129 39.6865 5
      vertex 17.2208 41.5746 5
    endloop
  endfacet
  facet normal -0.427551 -0.903991 -0
    outer loop
      vertex 21.2129 39.6865 5
      vertex 17.2208 41.5746 0
      vertex 21.2129 39.6865 0
    endloop
  endfacet
  facet normal -0.595694 -0.803211 0
    outer loop
      vertex 25.0007 37.4161 0
      vertex 28.5477 34.7855 5
      vertex 25.0007 37.4161 5
    endloop
  endfacet
  facet normal -0.595694 -0.803211 -0
    outer loop
      vertex 28.5477 34.7855 5
      vertex 25.0007 37.4161 0
      vertex 28.5477 34.7855 0
    endloop
  endfacet
  facet normal -0.514116 -0.857721 0
    outer loop
      vertex 21.2129 39.6865 0
      vertex 25.0007 37.4161 5
      vertex 21.2129 39.6865 5
    endloop
  endfacet
  facet normal -0.514116 -0.857721 -0
    outer loop
      vertex 25.0007 37.4161 5
      vertex 21.2129 39.6865 0
      vertex 25.0007 37.4161 0
    endloop
  endfacet
  facet normal -0.857721 -0.514116 0
    outer loop
      vertex 39.6865 21.2129 0
      vertex 37.4161 25.0007 5
      vertex 37.4161 25.0007 0
    endloop
  endfacet
  facet normal -0.857721 -0.514116 0
    outer loop
      vertex 37.4161 25.0007 5
      vertex 39.6865 21.2129 0
      vertex 39.6865 21.2129 5
    endloop
  endfacet
  facet normal 0.671564 -0.740946 0
    outer loop
      vertex -31.8198 31.8198 0
      vertex -28.5477 34.7855 5
      vertex -31.8198 31.8198 5
    endloop
  endfacet
  facet normal 0.671564 -0.740946 0
    outer loop
      vertex -28.5477 34.7855 5
      vertex -31.8198 31.8198 0
      vertex -28.5477 34.7855 0
    endloop
  endfacet
  facet normal 0.595694 -0.803211 0
    outer loop
      vertex -28.5477 34.7855 0
      vertex -25.0007 37.4161 5
      vertex -28.5477 34.7855 5
    endloop
  endfacet
  facet normal 0.595694 -0.803211 0
    outer loop
      vertex -25.0007 37.4161 5
      vertex -28.5477 34.7855 0
      vertex -25.0007 37.4161 0
    endloop
  endfacet
  facet normal 0.514116 -0.857721 0
    outer loop
      vertex -25.0007 37.4161 0
      vertex -21.2129 39.6865 5
      vertex -25.0007 37.4161 5
    endloop
  endfacet
  facet normal 0.514116 -0.857721 0
    outer loop
      vertex -21.2129 39.6865 5
      vertex -25.0007 37.4161 0
      vertex -21.2129 39.6865 0
    endloop
  endfacet
  facet normal 0.146736 -0.989176 0
    outer loop
      vertex -8.77906 44.1353 0
      vertex -4.41077 44.7833 5
      vertex -8.77906 44.1353 5
    endloop
  endfacet
  facet normal 0.146736 -0.989176 0
    outer loop
      vertex -4.41077 44.7833 5
      vertex -8.77906 44.1353 0
      vertex -4.41077 44.7833 0
    endloop
  endfacet
  facet normal 0.903991 -0.427551 0
    outer loop
      vertex -41.5746 17.2208 5
      vertex -39.6865 21.2129 0
      vertex -39.6865 21.2129 5
    endloop
  endfacet
  facet normal 0.903991 -0.427551 0
    outer loop
      vertex -39.6865 21.2129 0
      vertex -41.5746 17.2208 5
      vertex -41.5746 17.2208 0
    endloop
  endfacet
  facet normal 0.941548 -0.336879 0
    outer loop
      vertex -43.0623 13.0628 5
      vertex -41.5746 17.2208 0
      vertex -41.5746 17.2208 5
    endloop
  endfacet
  facet normal 0.941548 -0.336879 0
    outer loop
      vertex -41.5746 17.2208 0
      vertex -43.0623 13.0628 5
      vertex -43.0623 13.0628 0
    endloop
  endfacet
  facet normal 0.998795 -0.0490706 0
    outer loop
      vertex -45 0 5
      vertex -44.7833 4.41077 0
      vertex -44.7833 4.41077 5
    endloop
  endfacet
  facet normal 0.998795 -0.0490706 0
    outer loop
      vertex -44.7833 4.41077 0
      vertex -45 0 5
      vertex -45 0 0
    endloop
  endfacet
  facet normal 0.740946 0.671564 0
    outer loop
      vertex -31.8198 -31.8198 5
      vertex -34.7855 -28.5477 0
      vertex -34.7855 -28.5477 5
    endloop
  endfacet
  facet normal 0.740946 0.671564 0
    outer loop
      vertex -34.7855 -28.5477 0
      vertex -31.8198 -31.8198 5
      vertex -31.8198 -31.8198 0
    endloop
  endfacet
  facet normal 0.242976 0.970032 -0
    outer loop
      vertex -8.77906 -44.1353 0
      vertex -13.0628 -43.0623 5
      vertex -8.77906 -44.1353 5
    endloop
  endfacet
  facet normal 0.242976 0.970032 0
    outer loop
      vertex -13.0628 -43.0623 5
      vertex -8.77906 -44.1353 0
      vertex -13.0628 -43.0623 0
    endloop
  endfacet
  facet normal -0.146736 -0.989176 0
    outer loop
      vertex 4.41077 44.7833 0
      vertex 8.77906 44.1353 5
      vertex 4.41077 44.7833 5
    endloop
  endfacet
  facet normal -0.146736 -0.989176 -0
    outer loop
      vertex 8.77906 44.1353 5
      vertex 4.41077 44.7833 0
      vertex 8.77906 44.1353 0
    endloop
  endfacet
  facet normal -0.336879 -0.941548 0
    outer loop
      vertex 13.0628 43.0623 0
      vertex 17.2208 41.5746 5
      vertex 13.0628 43.0623 5
    endloop
  endfacet
  facet normal -0.336879 -0.941548 -0
    outer loop
      vertex 17.2208 41.5746 5
      vertex 13.0628 43.0623 0
      vertex 17.2208 41.5746 0
    endloop
  endfacet
  facet normal -0.740946 -0.671564 0
    outer loop
      vertex 34.7855 28.5477 0
      vertex 31.8198 31.8198 5
      vertex 31.8198 31.8198 0
    endloop
  endfacet
  facet normal -0.740946 -0.671564 0
    outer loop
      vertex 31.8198 31.8198 5
      vertex 34.7855 28.5477 0
      vertex 34.7855 28.5477 5
    endloop
  endfacet
  facet normal -0.803211 -0.595694 0
    outer loop
      vertex 37.4161 25.0007 0
      vertex 34.7855 28.5477 5
      vertex 34.7855 28.5477 0
    endloop
  endfacet
  facet normal -0.803211 -0.595694 0
    outer loop
      vertex 34.7855 28.5477 5
      vertex 37.4161 25.0007 0
      vertex 37.4161 25.0007 5
    endloop
  endfacet
  facet normal -0.941548 -0.336879 0
    outer loop
      vertex 43.0623 13.0628 0
      vertex 41.5746 17.2208 5
      vertex 41.5746 17.2208 0
    endloop
  endfacet
  facet normal -0.941548 -0.336879 0
    outer loop
      vertex 41.5746 17.2208 5
      vertex 43.0623 13.0628 0
      vertex 43.0623 13.0628 5
    endloop
  endfacet
  facet normal -0.989176 -0.146736 0
    outer loop
      vertex 44.7833 4.41077 0
      vertex 44.1353 8.77906 5
      vertex 44.1353 8.77906 0
    endloop
  endfacet
  facet normal -0.989176 -0.146736 0
    outer loop
      vertex 44.1353 8.77906 5
      vertex 44.7833 4.41077 0
      vertex 44.7833 4.41077 5
    endloop
  endfacet
  facet normal -0.998795 -0.0490706 0
    outer loop
      vertex 45 0 0
      vertex 44.7833 4.41077 5
      vertex 44.7833 4.41077 0
    endloop
  endfacet
  facet normal -0.998795 -0.0490706 0
    outer loop
      vertex 44.7833 4.41077 5
      vertex 45 0 0
      vertex 45 0 5
    endloop
  endfacet
  facet normal 0.427551 -0.903991 0
    outer loop
      vertex -21.2129 39.6865 0
      vertex -17.2208 41.5746 5
      vertex -21.2129 39.6865 5
    endloop
  endfacet
  facet normal 0.427551 -0.903991 0
    outer loop
      vertex -17.2208 41.5746 5
      vertex -21.2129 39.6865 0
      vertex -17.2208 41.5746 0
    endloop
  endfacet
  facet normal 0.242976 -0.970032 0
    outer loop
      vertex -13.0628 43.0623 0
      vertex -8.77906 44.1353 5
      vertex -13.0628 43.0623 5
    endloop
  endfacet
  facet normal 0.242976 -0.970032 0
    outer loop
      vertex -8.77906 44.1353 5
      vertex -13.0628 43.0623 0
      vertex -8.77906 44.1353 0
    endloop
  endfacet
  facet normal 0.857721 -0.514116 0
    outer loop
      vertex -39.6865 21.2129 5
      vertex -37.4161 25.0007 0
      vertex -37.4161 25.0007 5
    endloop
  endfacet
  facet normal 0.857721 -0.514116 0
    outer loop
      vertex -37.4161 25.0007 0
      vertex -39.6865 21.2129 5
      vertex -39.6865 21.2129 0
    endloop
  endfacet
  facet normal 0.989176 -0.146736 0
    outer loop
      vertex -44.7833 4.41077 5
      vertex -44.1353 8.77906 0
      vertex -44.1353 8.77906 5
    endloop
  endfacet
  facet normal 0.989176 -0.146736 0
    outer loop
      vertex -44.1353 8.77906 0
      vertex -44.7833 4.41077 5
      vertex -44.7833 4.41077 0
    endloop
  endfacet
  facet normal -0.514004 -0.857788 0
    outer loop
      vertex -1.38893 -52.0787 5
      vertex -1.17849 -52.2048 8
      vertex -1.38893 -52.0787 8
    endloop
  endfacet
  facet normal -0.514004 -0.857788 -0
    outer loop
      vertex -1.17849 -52.2048 8
      vertex -1.38893 -52.0787 5
      vertex -1.17849 -52.2048 5
    endloop
  endfacet
  facet normal -0.941548 -0.336879 0
    outer loop
      vertex -2.3097 -50.9567 5
      vertex -2.39235 -50.7257 8
      vertex -2.39235 -50.7257 5
    endloop
  endfacet
  facet normal -0.941548 -0.336879 0
    outer loop
      vertex -2.39235 -50.7257 8
      vertex -2.3097 -50.9567 5
      vertex -2.3097 -50.9567 8
    endloop
  endfacet
  facet normal -0.336702 0.941611 0
    outer loop
      vertex -0.725711 -47.6077 5
      vertex -0.956708 -47.6903 8
      vertex -0.725711 -47.6077 8
    endloop
  endfacet
  facet normal -0.336702 0.941611 0
    outer loop
      vertex -0.956708 -47.6903 8
      vertex -0.725711 -47.6077 5
      vertex -0.956708 -47.6903 5
    endloop
  endfacet
  facet normal 0 0 1
    outer loop
      vertex 2.48796 -49.755 8
      vertex 2.48796 -50.245 8
      vertex 2.5 -50 8
    endloop
  endfacet
  facet normal 0 0 1
    outer loop
      vertex 2.45196 -49.5123 8
      vertex 2.48796 -50.245 8
      vertex 2.48796 -49.755 8
    endloop
  endfacet
  facet normal 0 0 1
    outer loop
      vertex 2.45196 -49.5123 8
      vertex 2.45196 -50.4877 8
      vertex 2.48796 -50.245 8
    endloop
  endfacet
  facet normal 0 0 1
    outer loop
      vertex 2.39235 -49.2743 8
      vertex 2.45196 -50.4877 8
      vertex 2.45196 -49.5123 8
    endloop
  endfacet
  facet normal 0 0 1
    outer loop
      vertex 2.39235 -49.2743 8
      vertex 2.39235 -50.7257 8
      vertex 2.45196 -50.4877 8
    endloop
  endfacet
  facet normal 0 0 1
    outer loop
      vertex 2.3097 -49.0433 8
      vertex 2.39235 -50.7257 8
      vertex 2.39235 -49.2743 8
    endloop
  endfacet
  facet normal 0 0 1
    outer loop
      vertex 2.3097 -49.0433 8
      vertex 2.3097 -50.9567 8
      vertex 2.39235 -50.7257 8
    endloop
  endfacet
  facet normal 0 0 1
    outer loop
      vertex 2.2048 -48.8215 8
      vertex 2.3097 -50.9567 8
      vertex 2.3097 -49.0433 8
    endloop
  endfacet
  facet normal 0 0 1
    outer loop
      vertex 2.2048 -48.8215 8
      vertex 2.2048 -51.1785 8
      vertex 2.3097 -50.9567 8
    endloop
  endfacet
  facet normal 0 0 1
    outer loop
      vertex 2.07867 -48.6111 8
      vertex 2.2048 -51.1785 8
      vertex 2.2048 -48.8215 8
    endloop
  endfacet
  facet normal 0 0 1
    outer loop
      vertex 2.07867 -48.6111 8
      vertex 2.07867 -51.3889 8
      vertex 2.2048 -51.1785 8
    endloop
  endfacet
  facet normal 0 0 1
    outer loop
      vertex 1.93253 -48.414 8
      vertex 2.07867 -51.3889 8
      vertex 2.07867 -48.6111 8
    endloop
  endfacet
  facet normal 0 0 1
    outer loop
      vertex 1.93253 -48.414 8
      vertex 1.93253 -51.586 8
      vertex 2.07867 -51.3889 8
    endloop
  endfacet
  facet normal 0 0 1
    outer loop
      vertex 1.76777 -48.2322 8
      vertex 1.93253 -51.586 8
      vertex 1.93253 -48.414 8
    endloop
  endfacet
  facet normal 0 0 1
    outer loop
      vertex 1.76777 -48.2322 8
      vertex 1.76777 -51.7678 8
      vertex 1.93253 -51.586 8
    endloop
  endfacet
  facet normal 0 0 1
    outer loop
      vertex 1.58598 -48.0675 8
      vertex 1.76777 -51.7678 8
      vertex 1.76777 -48.2322 8
    endloop
  endfacet
  facet normal 0 0 1
    outer loop
      vertex 1.58598 -48.0675 8
      vertex 1.58598 -51.9325 8
      vertex 1.76777 -51.7678 8
    endloop
  endfacet
  facet normal 0 0 1
    outer loop
      vertex 1.38893 -47.9213 8
      vertex 1.58598 -51.9325 8
      vertex 1.58598 -48.0675 8
    endloop
  endfacet
  facet normal 0 0 1
    outer loop
      vertex 1.38893 -47.9213 8
      vertex 1.38893 -52.0787 8
      vertex 1.58598 -51.9325 8
    endloop
  endfacet
  facet normal 0 0 1
    outer loop
      vertex 1.17849 -47.7952 8
      vertex 1.38893 -52.0787 8
      vertex 1.38893 -47.9213 8
    endloop
  endfacet
  facet normal 0 0 1
    outer loop
      vertex 1.17849 -47.7952 8
      vertex 1.17849 -52.2048 8
      vertex 1.38893 -52.0787 8
    endloop
  endfacet
  facet normal 0 0 1
    outer loop
      vertex 0.956708 -47.6903 8
      vertex 1.17849 -52.2048 8
      vertex 1.17849 -47.7952 8
    endloop
  endfacet
  facet normal 0 0 1
    outer loop
      vertex 0.956708 -47.6903 8
      vertex 0.956708 -52.3097 8
      vertex 1.17849 -52.2048 8
    endloop
  endfacet
  facet normal 0 0 1
    outer loop
      vertex 0.725711 -47.6077 8
      vertex 0.956708 -52.3097 8
      vertex 0.956708 -47.6903 8
    endloop
  endfacet
  facet normal 0 0 1
    outer loop
      vertex 0.725711 -47.6077 8
      vertex 0.725711 -52.3923 8
      vertex 0.956708 -52.3097 8
    endloop
  endfacet
  facet normal 0 0 1
    outer loop
      vertex 0.487725 -47.548 8
      vertex 0.725711 -52.3923 8
      vertex 0.725711 -47.6077 8
    endloop
  endfacet
  facet normal 0 0 1
    outer loop
      vertex 0.487725 -47.548 8
      vertex 0.487725 -52.452 8
      vertex 0.725711 -52.3923 8
    endloop
  endfacet
  facet normal 0 0 1
    outer loop
      vertex 0.245043 -47.512 8
      vertex 0.487725 -52.452 8
      vertex 0.487725 -47.548 8
    endloop
  endfacet
  facet normal 0 0 1
    outer loop
      vertex 0.245043 -47.512 8
      vertex 0.245043 -52.488 8
      vertex 0.487725 -52.452 8
    endloop
  endfacet
  facet normal 0 0 1
    outer loop
      vertex 0 -47.5 8
      vertex 0.245043 -52.488 8
      vertex 0.245043 -47.512 8
    endloop
  endfacet
  facet normal 0 0 1
    outer loop
      vertex 0 -47.5 8
      vertex 0 -52.5 8
      vertex 0.245043 -52.488 8
    endloop
  endfacet
  facet normal -0 0 1
    outer loop
      vertex -0.245043 -47.512 8
      vertex 0 -52.5 8
      vertex 0 -47.5 8
    endloop
  endfacet
  facet normal 0 0 1
    outer loop
      vertex -0.245043 -47.512 8
      vertex -0.245043 -52.488 8
      vertex 0 -52.5 8
    endloop
  endfacet
  facet normal -0 0 1
    outer loop
      vertex -0.487725 -47.548 8
      vertex -0.245043 -52.488 8
      vertex -0.245043 -47.512 8
    endloop
  endfacet
  facet normal 0 0 1
    outer loop
      vertex -0.487725 -47.548 8
      vertex -0.487725 -52.452 8
      vertex -0.245043 -52.488 8
    endloop
  endfacet
  facet normal -0 0 1
    outer loop
      vertex -0.725711 -47.6077 8
      vertex -0.487725 -52.452 8
      vertex -0.487725 -47.548 8
    endloop
  endfacet
  facet normal 0 0 1
    outer loop
      vertex -0.725711 -47.6077 8
      vertex -0.725711 -52.3923 8
      vertex -0.487725 -52.452 8
    endloop
  endfacet
  facet normal -0 0 1
    outer loop
      vertex -0.956708 -47.6903 8
      vertex -0.725711 -52.3923 8
      vertex -0.725711 -47.6077 8
    endloop
  endfacet
  facet normal 0 0 1
    outer loop
      vertex -0.956708 -47.6903 8
      vertex -0.956708 -52.3097 8
      vertex -0.725711 -52.3923 8
    endloop
  endfacet
  facet normal -0 0 1
    outer loop
      vertex -1.17849 -47.7952 8
      vertex -0.956708 -52.3097 8
      vertex -0.956708 -47.6903 8
    endloop
  endfacet
  facet normal 0 0 1
    outer loop
      vertex -1.17849 -47.7952 8
      vertex -1.17849 -52.2048 8
      vertex -0.956708 -52.3097 8
    endloop
  endfacet
  facet normal -0 0 1
    outer loop
      vertex -1.38893 -47.9213 8
      vertex -1.17849 -52.2048 8
      vertex -1.17849 -47.7952 8
    endloop
  endfacet
  facet normal 0 0 1
    outer loop
      vertex -1.38893 -47.9213 8
      vertex -1.38893 -52.0787 8
      vertex -1.17849 -52.2048 8
    endloop
  endfacet
  facet normal -0 0 1
    outer loop
      vertex -1.58598 -48.0675 8
      vertex -1.38893 -52.0787 8
      vertex -1.38893 -47.9213 8
    endloop
  endfacet
  facet normal 0 0 1
    outer loop
      vertex -1.58598 -48.0675 8
      vertex -1.58598 -51.9325 8
      vertex -1.38893 -52.0787 8
    endloop
  endfacet
  facet normal -0 0 1
    outer loop
      vertex -1.76777 -48.2322 8
      vertex -1.58598 -51.9325 8
      vertex -1.58598 -48.0675 8
    endloop
  endfacet
  facet normal 0 0 1
    outer loop
      vertex -1.76777 -48.2322 8
      vertex -1.76777 -51.7678 8
      vertex -1.58598 -51.9325 8
    endloop
  endfacet
  facet normal -0 0 1
    outer loop
      vertex -1.93253 -48.414 8
      vertex -1.76777 -51.7678 8
      vertex -1.76777 -48.2322 8
    endloop
  endfacet
  facet normal 0 0 1
    outer loop
      vertex -1.93253 -48.414 8
      vertex -1.93253 -51.586 8
      vertex -1.76777 -51.7678 8
    endloop
  endfacet
  facet normal -0 0 1
    outer loop
      vertex -2.07867 -48.6111 8
      vertex -1.93253 -51.586 8
      vertex -1.93253 -48.414 8
    endloop
  endfacet
  facet normal 0 0 1
    outer loop
      vertex -2.07867 -48.6111 8
      vertex -2.07867 -51.3889 8
      vertex -1.93253 -51.586 8
    endloop
  endfacet
  facet normal -0 0 1
    outer loop
      vertex -2.2048 -48.8215 8
      vertex -2.07867 -51.3889 8
      vertex -2.07867 -48.6111 8
    endloop
  endfacet
  facet normal 0 0 1
    outer loop
      vertex -2.2048 -48.8215 8
      vertex -2.2048 -51.1785 8
      vertex -2.07867 -51.3889 8
    endloop
  endfacet
  facet normal -0 0 1
    outer loop
      vertex -2.3097 -49.0433 8
      vertex -2.2048 -51.1785 8
      vertex -2.2048 -48.8215 8
    endloop
  endfacet
  facet normal 0 0 1
    outer loop
      vertex -2.3097 -49.0433 8
      vertex -2.3097 -50.9567 8
      vertex -2.2048 -51.1785 8
    endloop
  endfacet
  facet normal -0 0 1
    outer loop
      vertex -2.39235 -49.2743 8
      vertex -2.3097 -50.9567 8
      vertex -2.3097 -49.0433 8
    endloop
  endfacet
  facet normal 0 0 1
    outer loop
      vertex -2.39235 -49.2743 8
      vertex -2.39235 -50.7257 8
      vertex -2.3097 -50.9567 8
    endloop
  endfacet
  facet normal -0 0 1
    outer loop
      vertex -2.45196 -49.5123 8
      vertex -2.39235 -50.7257 8
      vertex -2.39235 -49.2743 8
    endloop
  endfacet
  facet normal 0 0 1
    outer loop
      vertex -2.45196 -49.5123 8
      vertex -2.45196 -50.4877 8
      vertex -2.39235 -50.7257 8
    endloop
  endfacet
  facet normal -0 0 1
    outer loop
      vertex -2.48796 -49.755 8
      vertex -2.45196 -50.4877 8
      vertex -2.45196 -49.5123 8
    endloop
  endfacet
  facet normal 0 0 1
    outer loop
      vertex -2.48796 -49.755 8
      vertex -2.48796 -50.245 8
      vertex -2.45196 -50.4877 8
    endloop
  endfacet
  facet normal 0 -0 1
    outer loop
      vertex -2.48796 -50.245 8
      vertex -2.48796 -49.755 8
      vertex -2.5 -50 8
    endloop
  endfacet
  facet normal -0.998795 -0.0490836 0
    outer loop
      vertex -2.48796 -50.245 5
      vertex -2.5 -50 8
      vertex -2.5 -50 5
    endloop
  endfacet
  facet normal -0.998795 -0.0490836 0
    outer loop
      vertex -2.5 -50 8
      vertex -2.48796 -50.245 5
      vertex -2.48796 -50.245 8
    endloop
  endfacet
  facet normal -0.857691 -0.514166 0
    outer loop
      vertex -2.07867 -51.3889 5
      vertex -2.2048 -51.1785 8
      vertex -2.2048 -51.1785 5
    endloop
  endfacet
  facet normal -0.857691 -0.514166 0
    outer loop
      vertex -2.2048 -51.1785 8
      vertex -2.07867 -51.3889 5
      vertex -2.07867 -51.3889 8
    endloop
  endfacet
  facet normal -0.0489124 0.998803 0
    outer loop
      vertex 0 -47.5 5
      vertex -0.245043 -47.512 8
      vertex 0 -47.5 8
    endloop
  endfacet
  facet normal -0.0489124 0.998803 0
    outer loop
      vertex -0.245043 -47.512 8
      vertex 0 -47.5 5
      vertex -0.245043 -47.512 5
    endloop
  endfacet
  facet normal -0.595851 0.803095 0
    outer loop
      vertex -1.38893 -47.9213 5
      vertex -1.58598 -48.0675 8
      vertex -1.38893 -47.9213 8
    endloop
  endfacet
  facet normal -0.595851 0.803095 0
    outer loop
      vertex -1.58598 -48.0675 8
      vertex -1.38893 -47.9213 5
      vertex -1.58598 -48.0675 5
    endloop
  endfacet
  facet normal 0.336702 -0.941611 0
    outer loop
      vertex 0.725711 -52.3923 5
      vertex 0.956708 -52.3097 8
      vertex 0.725711 -52.3923 8
    endloop
  endfacet
  facet normal 0.336702 -0.941611 0
    outer loop
      vertex 0.956708 -52.3097 8
      vertex 0.725711 -52.3923 5
      vertex 0.956708 -52.3097 5
    endloop
  endfacet
  facet normal 0.989177 -0.146726 0
    outer loop
      vertex 2.45196 -50.4877 8
      vertex 2.48796 -50.245 5
      vertex 2.48796 -50.245 8
    endloop
  endfacet
  facet normal 0.989177 -0.146726 0
    outer loop
      vertex 2.48796 -50.245 5
      vertex 2.45196 -50.4877 8
      vertex 2.45196 -50.4877 5
    endloop
  endfacet
  facet normal -0.146737 -0.989176 0
    outer loop
      vertex -0.487725 -52.452 5
      vertex -0.245043 -52.488 8
      vertex -0.487725 -52.452 8
    endloop
  endfacet
  facet normal -0.146737 -0.989176 -0
    outer loop
      vertex -0.245043 -52.488 8
      vertex -0.487725 -52.452 5
      vertex -0.245043 -52.488 5
    endloop
  endfacet
  facet normal -0.595851 -0.803095 0
    outer loop
      vertex -1.58598 -51.9325 5
      vertex -1.38893 -52.0787 8
      vertex -1.58598 -51.9325 8
    endloop
  endfacet
  facet normal -0.595851 -0.803095 -0
    outer loop
      vertex -1.38893 -52.0787 8
      vertex -1.58598 -51.9325 5
      vertex -1.38893 -52.0787 5
    endloop
  endfacet
  facet normal -0.740979 -0.671528 0
    outer loop
      vertex -1.76777 -51.7678 5
      vertex -1.93253 -51.586 8
      vertex -1.93253 -51.586 5
    endloop
  endfacet
  facet normal -0.740979 -0.671528 0
    outer loop
      vertex -1.93253 -51.586 8
      vertex -1.76777 -51.7678 5
      vertex -1.76777 -51.7678 8
    endloop
  endfacet
  facet normal -0.998795 0.0490836 0
    outer loop
      vertex -2.5 -50 5
      vertex -2.48796 -49.755 8
      vertex -2.48796 -49.755 5
    endloop
  endfacet
  facet normal -0.998795 0.0490836 0
    outer loop
      vertex -2.48796 -49.755 8
      vertex -2.5 -50 5
      vertex -2.5 -50 8
    endloop
  endfacet
  facet normal -0.970037 -0.242958 0
    outer loop
      vertex -2.39235 -50.7257 5
      vertex -2.45196 -50.4877 8
      vertex -2.45196 -50.4877 5
    endloop
  endfacet
  facet normal -0.970037 -0.242958 0
    outer loop
      vertex -2.45196 -50.4877 8
      vertex -2.39235 -50.7257 5
      vertex -2.39235 -50.7257 8
    endloop
  endfacet
  facet normal -0.989177 -0.146726 0
    outer loop
      vertex -2.45196 -50.4877 5
      vertex -2.48796 -50.245 8
      vertex -2.48796 -50.245 5
    endloop
  endfacet
  facet normal -0.989177 -0.146726 0
    outer loop
      vertex -2.48796 -50.245 8
      vertex -2.45196 -50.4877 5
      vertex -2.45196 -50.4877 8
    endloop
  endfacet
  facet normal -0.903995 -0.427543 0
    outer loop
      vertex -2.2048 -51.1785 5
      vertex -2.3097 -50.9567 8
      vertex -2.3097 -50.9567 5
    endloop
  endfacet
  facet normal -0.903995 -0.427543 0
    outer loop
      vertex -2.3097 -50.9567 8
      vertex -2.2048 -51.1785 5
      vertex -2.2048 -51.1785 8
    endloop
  endfacet
  facet normal -0.803284 -0.595596 0
    outer loop
      vertex -1.93253 -51.586 5
      vertex -2.07867 -51.3889 8
      vertex -2.07867 -51.3889 5
    endloop
  endfacet
  facet normal -0.803284 -0.595596 0
    outer loop
      vertex -2.07867 -51.3889 8
      vertex -1.93253 -51.586 5
      vertex -1.93253 -51.586 8
    endloop
  endfacet
  facet normal 0.0489124 0.998803 -0
    outer loop
      vertex 0.245043 -47.512 5
      vertex 0 -47.5 8
      vertex 0.245043 -47.512 8
    endloop
  endfacet
  facet normal 0.0489124 0.998803 0
    outer loop
      vertex 0 -47.5 8
      vertex 0.245043 -47.512 5
      vertex 0 -47.5 5
    endloop
  endfacet
  facet normal -0.243316 0.969947 0
    outer loop
      vertex -0.487725 -47.548 5
      vertex -0.725711 -47.6077 8
      vertex -0.487725 -47.548 8
    endloop
  endfacet
  facet normal -0.243316 0.969947 0
    outer loop
      vertex -0.725711 -47.6077 8
      vertex -0.487725 -47.548 5
      vertex -0.725711 -47.6077 5
    endloop
  endfacet
  facet normal -0.427572 0.903982 0
    outer loop
      vertex -0.956708 -47.6903 5
      vertex -1.17849 -47.7952 8
      vertex -0.956708 -47.6903 8
    endloop
  endfacet
  facet normal -0.427572 0.903982 0
    outer loop
      vertex -1.17849 -47.7952 8
      vertex -0.956708 -47.6903 5
      vertex -1.17849 -47.7952 5
    endloop
  endfacet
  facet normal -0.941548 0.336879 0
    outer loop
      vertex -2.39235 -49.2743 5
      vertex -2.3097 -49.0433 8
      vertex -2.3097 -49.0433 5
    endloop
  endfacet
  facet normal -0.941548 0.336879 0
    outer loop
      vertex -2.3097 -49.0433 8
      vertex -2.39235 -49.2743 5
      vertex -2.39235 -49.2743 8
    endloop
  endfacet
  facet normal -0.989177 0.146726 0
    outer loop
      vertex -2.48796 -49.755 5
      vertex -2.45196 -49.5123 8
      vertex -2.45196 -49.5123 5
    endloop
  endfacet
  facet normal -0.989177 0.146726 0
    outer loop
      vertex -2.45196 -49.5123 8
      vertex -2.48796 -49.755 5
      vertex -2.48796 -49.755 8
    endloop
  endfacet
  facet normal -0.740979 0.671528 0
    outer loop
      vertex -1.93253 -48.414 5
      vertex -1.76777 -48.2322 8
      vertex -1.76777 -48.2322 5
    endloop
  endfacet
  facet normal -0.740979 0.671528 0
    outer loop
      vertex -1.76777 -48.2322 8
      vertex -1.93253 -48.414 5
      vertex -1.93253 -48.414 8
    endloop
  endfacet
  facet normal -0.857691 0.514166 0
    outer loop
      vertex -2.2048 -48.8215 5
      vertex -2.07867 -48.6111 8
      vertex -2.07867 -48.6111 5
    endloop
  endfacet
  facet normal -0.857691 0.514166 0
    outer loop
      vertex -2.07867 -48.6111 8
      vertex -2.2048 -48.8215 5
      vertex -2.2048 -48.8215 8
    endloop
  endfacet
  facet normal -0.0489124 -0.998803 0
    outer loop
      vertex -0.245043 -52.488 5
      vertex 0 -52.5 8
      vertex -0.245043 -52.488 8
    endloop
  endfacet
  facet normal -0.0489124 -0.998803 -0
    outer loop
      vertex 0 -52.5 8
      vertex -0.245043 -52.488 5
      vertex 0 -52.5 5
    endloop
  endfacet
  facet normal 0.0489124 -0.998803 0
    outer loop
      vertex 0 -52.5 5
      vertex 0.245043 -52.488 8
      vertex 0 -52.5 8
    endloop
  endfacet
  facet normal 0.0489124 -0.998803 0
    outer loop
      vertex 0.245043 -52.488 8
      vertex 0 -52.5 5
      vertex 0.245043 -52.488 5
    endloop
  endfacet
  facet normal 0.243316 -0.969947 0
    outer loop
      vertex 0.487725 -52.452 5
      vertex 0.725711 -52.3923 8
      vertex 0.487725 -52.452 8
    endloop
  endfacet
  facet normal 0.243316 -0.969947 0
    outer loop
      vertex 0.725711 -52.3923 8
      vertex 0.487725 -52.452 5
      vertex 0.725711 -52.3923 5
    endloop
  endfacet
  facet normal 0.514004 0.857788 -0
    outer loop
      vertex 1.38893 -47.9213 5
      vertex 1.17849 -47.7952 8
      vertex 1.38893 -47.9213 8
    endloop
  endfacet
  facet normal 0.514004 0.857788 0
    outer loop
      vertex 1.17849 -47.7952 8
      vertex 1.38893 -47.9213 5
      vertex 1.17849 -47.7952 5
    endloop
  endfacet
  facet normal 0.903995 -0.427543 0
    outer loop
      vertex 2.2048 -51.1785 8
      vertex 2.3097 -50.9567 5
      vertex 2.3097 -50.9567 8
    endloop
  endfacet
  facet normal 0.903995 -0.427543 0
    outer loop
      vertex 2.3097 -50.9567 5
      vertex 2.2048 -51.1785 8
      vertex 2.2048 -51.1785 5
    endloop
  endfacet
  facet normal -0.427572 -0.903982 0
    outer loop
      vertex -1.17849 -52.2048 5
      vertex -0.956708 -52.3097 8
      vertex -1.17849 -52.2048 8
    endloop
  endfacet
  facet normal -0.427572 -0.903982 -0
    outer loop
      vertex -0.956708 -52.3097 8
      vertex -1.17849 -52.2048 5
      vertex -0.956708 -52.3097 5
    endloop
  endfacet
  facet normal -0.336702 -0.941611 0
    outer loop
      vertex -0.956708 -52.3097 5
      vertex -0.725711 -52.3923 8
      vertex -0.956708 -52.3097 8
    endloop
  endfacet
  facet normal -0.336702 -0.941611 -0
    outer loop
      vertex -0.725711 -52.3923 8
      vertex -0.956708 -52.3097 5
      vertex -0.725711 -52.3923 5
    endloop
  endfacet
  facet normal -0.243316 -0.969947 0
    outer loop
      vertex -0.725711 -52.3923 5
      vertex -0.487725 -52.452 8
      vertex -0.725711 -52.3923 8
    endloop
  endfacet
  facet normal -0.243316 -0.969947 -0
    outer loop
      vertex -0.487725 -52.452 8
      vertex -0.725711 -52.3923 5
      vertex -0.487725 -52.452 5
    endloop
  endfacet
  facet normal -0.671414 -0.741083 0
    outer loop
      vertex -1.76777 -51.7678 5
      vertex -1.58598 -51.9325 8
      vertex -1.76777 -51.7678 8
    endloop
  endfacet
  facet normal -0.671414 -0.741083 -0
    outer loop
      vertex -1.58598 -51.9325 8
      vertex -1.76777 -51.7678 5
      vertex -1.58598 -51.9325 5
    endloop
  endfacet
  facet normal -0.146737 0.989176 0
    outer loop
      vertex -0.245043 -47.512 5
      vertex -0.487725 -47.548 8
      vertex -0.245043 -47.512 8
    endloop
  endfacet
  facet normal -0.146737 0.989176 0
    outer loop
      vertex -0.487725 -47.548 8
      vertex -0.245043 -47.512 5
      vertex -0.487725 -47.548 5
    endloop
  endfacet
  facet normal -0.514004 0.857788 0
    outer loop
      vertex -1.17849 -47.7952 5
      vertex -1.38893 -47.9213 8
      vertex -1.17849 -47.7952 8
    endloop
  endfacet
  facet normal -0.514004 0.857788 0
    outer loop
      vertex -1.38893 -47.9213 8
      vertex -1.17849 -47.7952 5
      vertex -1.38893 -47.9213 5
    endloop
  endfacet
  facet normal -0.903995 0.427543 0
    outer loop
      vertex -2.3097 -49.0433 5
      vertex -2.2048 -48.8215 8
      vertex -2.2048 -48.8215 5
    endloop
  endfacet
  facet normal -0.903995 0.427543 0
    outer loop
      vertex -2.2048 -48.8215 8
      vertex -2.3097 -49.0433 5
      vertex -2.3097 -49.0433 8
    endloop
  endfacet
  facet normal -0.970037 0.242958 0
    outer loop
      vertex -2.45196 -49.5123 5
      vertex -2.39235 -49.2743 8
      vertex -2.39235 -49.2743 5
    endloop
  endfacet
  facet normal -0.970037 0.242958 0
    outer loop
      vertex -2.39235 -49.2743 8
      vertex -2.45196 -49.5123 5
      vertex -2.45196 -49.5123 8
    endloop
  endfacet
  facet normal -0.803284 0.595596 0
    outer loop
      vertex -2.07867 -48.6111 5
      vertex -1.93253 -48.414 8
      vertex -1.93253 -48.414 5
    endloop
  endfacet
  facet normal -0.803284 0.595596 0
    outer loop
      vertex -1.93253 -48.414 8
      vertex -2.07867 -48.6111 5
      vertex -2.07867 -48.6111 8
    endloop
  endfacet
  facet normal -0.671414 0.741083 0
    outer loop
      vertex -1.58598 -48.0675 5
      vertex -1.76777 -48.2322 8
      vertex -1.58598 -48.0675 8
    endloop
  endfacet
  facet normal -0.671414 0.741083 0
    outer loop
      vertex -1.76777 -48.2322 8
      vertex -1.58598 -48.0675 5
      vertex -1.76777 -48.2322 5
    endloop
  endfacet
  facet normal 0.146737 -0.989176 0
    outer loop
      vertex 0.245043 -52.488 5
      vertex 0.487725 -52.452 8
      vertex 0.245043 -52.488 8
    endloop
  endfacet
  facet normal 0.146737 -0.989176 0
    outer loop
      vertex 0.487725 -52.452 8
      vertex 0.245043 -52.488 5
      vertex 0.487725 -52.452 5
    endloop
  endfacet
  facet normal 0.671414 -0.741083 0
    outer loop
      vertex 1.58598 -51.9325 5
      vertex 1.76777 -51.7678 8
      vertex 1.58598 -51.9325 8
    endloop
  endfacet
  facet normal 0.671414 -0.741083 0
    outer loop
      vertex 1.76777 -51.7678 8
      vertex 1.58598 -51.9325 5
      vertex 1.76777 -51.7678 5
    endloop
  endfacet
  facet normal 0.740979 -0.671528 0
    outer loop
      vertex 1.76777 -51.7678 8
      vertex 1.93253 -51.586 5
      vertex 1.93253 -51.586 8
    endloop
  endfacet
  facet normal 0.740979 -0.671528 0
    outer loop
      vertex 1.93253 -51.586 5
      vertex 1.76777 -51.7678 8
      vertex 1.76777 -51.7678 5
    endloop
  endfacet
  facet normal 0.595851 -0.803095 0
    outer loop
      vertex 1.38893 -52.0787 5
      vertex 1.58598 -51.9325 8
      vertex 1.38893 -52.0787 8
    endloop
  endfacet
  facet normal 0.595851 -0.803095 0
    outer loop
      vertex 1.58598 -51.9325 8
      vertex 1.38893 -52.0787 5
      vertex 1.58598 -51.9325 5
    endloop
  endfacet
  facet normal 0.514004 -0.857788 0
    outer loop
      vertex 1.17849 -52.2048 5
      vertex 1.38893 -52.0787 8
      vertex 1.17849 -52.2048 8
    endloop
  endfacet
  facet normal 0.514004 -0.857788 0
    outer loop
      vertex 1.38893 -52.0787 8
      vertex 1.17849 -52.2048 5
      vertex 1.38893 -52.0787 5
    endloop
  endfacet
  facet normal 0.427572 -0.903982 0
    outer loop
      vertex 0.956708 -52.3097 5
      vertex 1.17849 -52.2048 8
      vertex 0.956708 -52.3097 8
    endloop
  endfacet
  facet normal 0.427572 -0.903982 0
    outer loop
      vertex 1.17849 -52.2048 8
      vertex 0.956708 -52.3097 5
      vertex 1.17849 -52.2048 5
    endloop
  endfacet
  facet normal 0.998795 0.0490836 0
    outer loop
      vertex 2.5 -50 8
      vertex 2.48796 -49.755 5
      vertex 2.48796 -49.755 8
    endloop
  endfacet
  facet normal 0.998795 0.0490836 0
    outer loop
      vertex 2.48796 -49.755 5
      vertex 2.5 -50 8
      vertex 2.5 -50 5
    endloop
  endfacet
  facet normal 0.146737 0.989176 -0
    outer loop
      vertex 0.487725 -47.548 5
      vertex 0.245043 -47.512 8
      vertex 0.487725 -47.548 8
    endloop
  endfacet
  facet normal 0.146737 0.989176 0
    outer loop
      vertex 0.245043 -47.512 8
      vertex 0.487725 -47.548 5
      vertex 0.245043 -47.512 5
    endloop
  endfacet
  facet normal 0.336702 0.941611 -0
    outer loop
      vertex 0.956708 -47.6903 5
      vertex 0.725711 -47.6077 8
      vertex 0.956708 -47.6903 8
    endloop
  endfacet
  facet normal 0.336702 0.941611 0
    outer loop
      vertex 0.725711 -47.6077 8
      vertex 0.956708 -47.6903 5
      vertex 0.725711 -47.6077 5
    endloop
  endfacet
  facet normal 0.941548 -0.336879 0
    outer loop
      vertex 2.3097 -50.9567 8
      vertex 2.39235 -50.7257 5
      vertex 2.39235 -50.7257 8
    endloop
  endfacet
  facet normal 0.941548 -0.336879 0
    outer loop
      vertex 2.39235 -50.7257 5
      vertex 2.3097 -50.9567 8
      vertex 2.3097 -50.9567 5
    endloop
  endfacet
  facet normal 0.857691 -0.514166 0
    outer loop
      vertex 2.07867 -51.3889 8
      vertex 2.2048 -51.1785 5
      vertex 2.2048 -51.1785 8
    endloop
  endfacet
  facet normal 0.857691 -0.514166 0
    outer loop
      vertex 2.2048 -51.1785 5
      vertex 2.07867 -51.3889 8
      vertex 2.07867 -51.3889 5
    endloop
  endfacet
  facet normal 0.903995 0.427543 0
    outer loop
      vertex 2.3097 -49.0433 8
      vertex 2.2048 -48.8215 5
      vertex 2.2048 -48.8215 8
    endloop
  endfacet
  facet normal 0.903995 0.427543 0
    outer loop
      vertex 2.2048 -48.8215 5
      vertex 2.3097 -49.0433 8
      vertex 2.3097 -49.0433 5
    endloop
  endfacet
  facet normal 0.998795 -0.0490836 0
    outer loop
      vertex 2.48796 -50.245 8
      vertex 2.5 -50 5
      vertex 2.5 -50 8
    endloop
  endfacet
  facet normal 0.998795 -0.0490836 0
    outer loop
      vertex 2.5 -50 5
      vertex 2.48796 -50.245 8
      vertex 2.48796 -50.245 5
    endloop
  endfacet
  facet normal 0.740979 0.671528 0
    outer loop
      vertex 1.93253 -48.414 8
      vertex 1.76777 -48.2322 5
      vertex 1.76777 -48.2322 8
    endloop
  endfacet
  facet normal 0.740979 0.671528 0
    outer loop
      vertex 1.76777 -48.2322 5
      vertex 1.93253 -48.414 8
      vertex 1.93253 -48.414 5
    endloop
  endfacet
  facet normal 0.243316 0.969947 -0
    outer loop
      vertex 0.725711 -47.6077 5
      vertex 0.487725 -47.548 8
      vertex 0.725711 -47.6077 8
    endloop
  endfacet
  facet normal 0.243316 0.969947 0
    outer loop
      vertex 0.487725 -47.548 8
      vertex 0.725711 -47.6077 5
      vertex 0.487725 -47.548 5
    endloop
  endfacet
  facet normal 0.427572 0.903982 -0
    outer loop
      vertex 1.17849 -47.7952 5
      vertex 0.956708 -47.6903 8
      vertex 1.17849 -47.7952 8
    endloop
  endfacet
  facet normal 0.427572 0.903982 0
    outer loop
      vertex 0.956708 -47.6903 8
      vertex 1.17849 -47.7952 5
      vertex 0.956708 -47.6903 5
    endloop
  endfacet
  facet normal 0.970037 -0.242958 0
    outer loop
      vertex 2.39235 -50.7257 8
      vertex 2.45196 -50.4877 5
      vertex 2.45196 -50.4877 8
    endloop
  endfacet
  facet normal 0.970037 -0.242958 0
    outer loop
      vertex 2.45196 -50.4877 5
      vertex 2.39235 -50.7257 8
      vertex 2.39235 -50.7257 5
    endloop
  endfacet
  facet normal 0.803284 -0.595596 0
    outer loop
      vertex 1.93253 -51.586 8
      vertex 2.07867 -51.3889 5
      vertex 2.07867 -51.3889 8
    endloop
  endfacet
  facet normal 0.803284 -0.595596 0
    outer loop
      vertex 2.07867 -51.3889 5
      vertex 1.93253 -51.586 8
      vertex 1.93253 -51.586 5
    endloop
  endfacet
  facet normal 0.803284 0.595596 0
    outer loop
      vertex 2.07867 -48.6111 8
      vertex 1.93253 -48.414 5
      vertex 1.93253 -48.414 8
    endloop
  endfacet
  facet normal 0.803284 0.595596 0
    outer loop
      vertex 1.93253 -48.414 5
      vertex 2.07867 -48.6111 8
      vertex 2.07867 -48.6111 5
    endloop
  endfacet
  facet normal 0.857691 0.514166 0
    outer loop
      vertex 2.2048 -48.8215 8
      vertex 2.07867 -48.6111 5
      vertex 2.07867 -48.6111 8
    endloop
  endfacet
  facet normal 0.857691 0.514166 0
    outer loop
      vertex 2.07867 -48.6111 5
      vertex 2.2048 -48.8215 8
      vertex 2.2048 -48.8215 5
    endloop
  endfacet
  facet normal 0.970037 0.242958 0
    outer loop
      vertex 2.45196 -49.5123 8
      vertex 2.39235 -49.2743 5
      vertex 2.39235 -49.2743 8
    endloop
  endfacet
  facet normal 0.970037 0.242958 0
    outer loop
      vertex 2.39235 -49.2743 5
      vertex 2.45196 -49.5123 8
      vertex 2.45196 -49.5123 5
    endloop
  endfacet
  facet normal 0.989177 0.146726 0
    outer loop
      vertex 2.48796 -49.755 8
      vertex 2.45196 -49.5123 5
      vertex 2.45196 -49.5123 8
    endloop
  endfacet
  facet normal 0.989177 0.146726 0
    outer loop
      vertex 2.45196 -49.5123 5
      vertex 2.48796 -49.755 8
      vertex 2.48796 -49.755 5
    endloop
  endfacet
  facet normal 0.595851 0.803095 -0
    outer loop
      vertex 1.58598 -48.0675 5
      vertex 1.38893 -47.9213 8
      vertex 1.58598 -48.0675 8
    endloop
  endfacet
  facet normal 0.595851 0.803095 0
    outer loop
      vertex 1.38893 -47.9213 8
      vertex 1.58598 -48.0675 5
      vertex 1.38893 -47.9213 5
    endloop
  endfacet
  facet normal 0.941548 0.336879 0
    outer loop
      vertex 2.39235 -49.2743 8
      vertex 2.3097 -49.0433 5
      vertex 2.3097 -49.0433 8
    endloop
  endfacet
  facet normal 0.941548 0.336879 0
    outer loop
      vertex 2.3097 -49.0433 5
      vertex 2.39235 -49.2743 8
      vertex 2.39235 -49.2743 5
    endloop
  endfacet
  facet normal 0.671414 0.741083 -0
    outer loop
      vertex 1.76777 -48.2322 5
      vertex 1.58598 -48.0675 8
      vertex 1.76777 -48.2322 8
    endloop
  endfacet
  facet normal 0.671414 0.741083 0
    outer loop
      vertex 1.58598 -48.0675 8
      vertex 1.76777 -48.2322 5
      vertex 1.58598 -48.0675 5
    endloop
  endfacet
  facet normal -0.114144 0.993464 0
    outer loop
      vertex -43.4648 27.4946 5
      vertex -43.7085 27.4666 8
      vertex -43.4648 27.4946 8
    endloop
  endfacet
  facet normal -0.114144 0.993464 0
    outer loop
      vertex -43.7085 27.4666 8
      vertex -43.4648 27.4946 5
      vertex -43.7085 27.4666 5
    endloop
  endfacet
  facet normal 0.983863 -0.178921 0
    outer loop
      vertex -40.8666 24.4323 8
      vertex -40.8227 24.6737 5
      vertex -40.8227 24.6737 8
    endloop
  endfacet
  facet normal 0.983863 -0.178921 0
    outer loop
      vertex -40.8227 24.6737 5
      vertex -40.8666 24.4323 8
      vertex -40.8666 24.4323 5
    endloop
  endfacet
  facet normal -0.917471 -0.397802 0
    outer loop
      vertex -45.5434 23.8943 5
      vertex -45.641 24.1194 8
      vertex -45.641 24.1194 5
    endloop
  endfacet
  facet normal -0.917471 -0.397802 0
    outer loop
      vertex -45.641 24.1194 8
      vertex -45.5434 23.8943 5
      vertex -45.5434 23.8943 8
    endloop
  endfacet
  facet normal -0.983863 0.178921 0
    outer loop
      vertex -45.7799 25.3263 5
      vertex -45.736 25.5677 8
      vertex -45.736 25.5677 5
    endloop
  endfacet
  facet normal -0.983863 0.178921 0
    outer loop
      vertex -45.736 25.5677 8
      vertex -45.7799 25.3263 5
      vertex -45.7799 25.3263 8
    endloop
  endfacet
  facet normal 0.569104 -0.822266 0
    outer loop
      vertex -41.9811 22.877 5
      vertex -41.7794 23.0166 8
      vertex -41.9811 22.877 8
    endloop
  endfacet
  facet normal 0.569104 -0.822266 0
    outer loop
      vertex -41.7794 23.0166 8
      vertex -41.9811 22.877 5
      vertex -41.7794 23.0166 5
    endloop
  endfacet
  facet normal -0.178921 -0.983863 0
    outer loop
      vertex -43.869 22.5653 5
      vertex -43.6276 22.5214 8
      vertex -43.869 22.5653 8
    endloop
  endfacet
  facet normal -0.178921 -0.983863 -0
    outer loop
      vertex -43.6276 22.5214 8
      vertex -43.869 22.5653 5
      vertex -43.6276 22.5214 5
    endloop
  endfacet
  facet normal -0.48592 0.874003 0
    outer loop
      vertex -44.407 27.2422 5
      vertex -44.6214 27.123 8
      vertex -44.407 27.2422 8
    endloop
  endfacet
  facet normal -0.48592 0.874003 0
    outer loop
      vertex -44.6214 27.123 8
      vertex -44.407 27.2422 5
      vertex -44.6214 27.123 5
    endloop
  endfacet
  facet normal 0.45697 0.889482 -0
    outer loop
      vertex -42.0513 27.1651 5
      vertex -42.2695 27.2772 8
      vertex -42.0513 27.1651 8
    endloop
  endfacet
  facet normal 0.45697 0.889482 0
    outer loop
      vertex -42.2695 27.2772 8
      vertex -42.0513 27.1651 5
      vertex -42.2695 27.2772 5
    endloop
  endfacet
  facet normal 0.993418 0.114547 0
    outer loop
      vertex -40.8066 25.1635 8
      vertex -40.8347 25.4072 5
      vertex -40.8347 25.4072 8
    endloop
  endfacet
  facet normal 0.993418 0.114547 0
    outer loop
      vertex -40.8347 25.4072 5
      vertex -40.8066 25.1635 8
      vertex -40.8066 25.1635 5
    endloop
  endfacet
  facet normal 0.695394 0.718628 -0
    outer loop
      vertex -41.4766 26.709 5
      vertex -41.6529 26.8796 8
      vertex -41.4766 26.709 8
    endloop
  endfacet
  facet normal 0.695394 0.718628 0
    outer loop
      vertex -41.6529 26.8796 8
      vertex -41.4766 26.709 5
      vertex -41.6529 26.8796 5
    endloop
  endfacet
  facet normal -0.889482 0.45697 0
    outer loop
      vertex -45.5784 26.0318 5
      vertex -45.4663 26.25 8
      vertex -45.4663 26.25 5
    endloop
  endfacet
  facet normal -0.889482 0.45697 0
    outer loop
      vertex -45.4663 26.25 8
      vertex -45.5784 26.0318 5
      vertex -45.5784 26.0318 8
    endloop
  endfacet
  facet normal -0.822266 -0.569104 0
    outer loop
      vertex -45.2847 23.4781 5
      vertex -45.4243 23.6798 8
      vertex -45.4243 23.6798 5
    endloop
  endfacet
  facet normal -0.822266 -0.569104 0
    outer loop
      vertex -45.4243 23.6798 8
      vertex -45.2847 23.4781 5
      vertex -45.2847 23.4781 8
    endloop
  endfacet
  facet normal -0.993464 -0.114144 0
    outer loop
      vertex -45.7679 24.5928 5
      vertex -45.7959 24.8365 8
      vertex -45.7959 24.8365 5
    endloop
  endfacet
  facet normal -0.993464 -0.114144 0
    outer loop
      vertex -45.7959 24.8365 8
      vertex -45.7679 24.5928 5
      vertex -45.7679 24.5928 8
    endloop
  endfacet
  facet normal 0.114098 -0.993469 0
    outer loop
      vertex -43.1378 22.5054 5
      vertex -42.894 22.5334 8
      vertex -43.1378 22.5054 8
    endloop
  endfacet
  facet normal 0.114098 -0.993469 0
    outer loop
      vertex -42.894 22.5334 8
      vertex -43.1378 22.5054 5
      vertex -42.894 22.5334 5
    endloop
  endfacet
  facet normal 0.718628 -0.695394 0
    outer loop
      vertex -41.5923 23.1753 8
      vertex -41.4217 23.3516 5
      vertex -41.4217 23.3516 8
    endloop
  endfacet
  facet normal 0.718628 -0.695394 0
    outer loop
      vertex -41.4217 23.3516 5
      vertex -41.5923 23.1753 8
      vertex -41.5923 23.1753 5
    endloop
  endfacet
  facet normal -0.783368 0.621559 0
    outer loop
      vertex -45.3334 26.4562 5
      vertex -45.1809 26.6484 8
      vertex -45.1809 26.6484 5
    endloop
  endfacet
  facet normal -0.783368 0.621559 0
    outer loop
      vertex -45.1809 26.6484 8
      vertex -45.3334 26.4562 5
      vertex -45.3334 26.4562 8
    endloop
  endfacet
  facet normal -0.718628 0.695394 0
    outer loop
      vertex -45.1809 26.6484 5
      vertex -45.0103 26.8247 8
      vertex -45.0103 26.8247 5
    endloop
  endfacet
  facet normal -0.718628 0.695394 0
    outer loop
      vertex -45.0103 26.8247 8
      vertex -45.1809 26.6484 5
      vertex -45.1809 26.6484 8
    endloop
  endfacet
  facet normal -0.646855 0.762613 0
    outer loop
      vertex -44.8232 26.9834 5
      vertex -45.0103 26.8247 8
      vertex -44.8232 26.9834 8
    endloop
  endfacet
  facet normal -0.646855 0.762613 0
    outer loop
      vertex -45.0103 26.8247 8
      vertex -44.8232 26.9834 5
      vertex -45.0103 26.8247 5
    endloop
  endfacet
  facet normal -0.305693 0.95213 0
    outer loop
      vertex -43.9483 27.4148 5
      vertex -44.1819 27.3398 8
      vertex -43.9483 27.4148 8
    endloop
  endfacet
  facet normal -0.305693 0.95213 0
    outer loop
      vertex -44.1819 27.3398 8
      vertex -43.9483 27.4148 5
      vertex -44.1819 27.3398 5
    endloop
  endfacet
  facet normal 0.0819322 0.996638 -0
    outer loop
      vertex -42.975 27.4786 5
      vertex -43.2195 27.4987 8
      vertex -42.975 27.4786 8
    endloop
  endfacet
  facet normal 0.0819322 0.996638 0
    outer loop
      vertex -43.2195 27.4987 8
      vertex -42.975 27.4786 5
      vertex -43.2195 27.4987 5
    endloop
  endfacet
  facet normal 0.542034 0.840357 -0
    outer loop
      vertex -41.8451 27.0321 5
      vertex -42.0513 27.1651 8
      vertex -41.8451 27.0321 8
    endloop
  endfacet
  facet normal 0.542034 0.840357 0
    outer loop
      vertex -42.0513 27.1651 8
      vertex -41.8451 27.0321 5
      vertex -42.0513 27.1651 5
    endloop
  endfacet
  facet normal 0.274721 0.961524 -0
    outer loop
      vertex -42.4977 27.3673 5
      vertex -42.7336 27.4347 8
      vertex -42.4977 27.3673 8
    endloop
  endfacet
  facet normal 0.274721 0.961524 0
    outer loop
      vertex -42.7336 27.4347 8
      vertex -42.4977 27.3673 5
      vertex -42.7336 27.4347 5
    endloop
  endfacet
  facet normal 0.840357 -0.542034 0
    outer loop
      vertex -41.2692 23.5438 8
      vertex -41.1362 23.75 5
      vertex -41.1362 23.75 8
    endloop
  endfacet
  facet normal 0.840357 -0.542034 0
    outer loop
      vertex -41.1362 23.75 5
      vertex -41.2692 23.5438 8
      vertex -41.2692 23.5438 5
    endloop
  endfacet
  facet normal 0.961632 -0.274344 0
    outer loop
      vertex -40.9339 24.1964 8
      vertex -40.8666 24.4323 5
      vertex -40.8666 24.4323 8
    endloop
  endfacet
  facet normal 0.961632 -0.274344 0
    outer loop
      vertex -40.8666 24.4323 5
      vertex -40.9339 24.1964 8
      vertex -40.9339 24.1964 5
    endloop
  endfacet
  facet normal 0.929987 -0.367593 0
    outer loop
      vertex -41.0241 23.9682 8
      vertex -40.9339 24.1964 5
      vertex -40.9339 24.1964 8
    endloop
  endfacet
  facet normal 0.929987 -0.367593 0
    outer loop
      vertex -40.9339 24.1964 5
      vertex -41.0241 23.9682 8
      vertex -41.0241 23.9682 5
    endloop
  endfacet
  facet normal 0.996638 -0.0819322 0
    outer loop
      vertex -40.8227 24.6737 8
      vertex -40.8026 24.9182 5
      vertex -40.8026 24.9182 8
    endloop
  endfacet
  facet normal 0.996638 -0.0819322 0
    outer loop
      vertex -40.8026 24.9182 5
      vertex -40.8227 24.6737 8
      vertex -40.8227 24.6737 5
    endloop
  endfacet
  facet normal 0.762613 0.646855 0
    outer loop
      vertex -41.3179 26.5219 8
      vertex -41.4766 26.709 5
      vertex -41.4766 26.709 8
    endloop
  endfacet
  facet normal 0.762613 0.646855 0
    outer loop
      vertex -41.4766 26.709 5
      vertex -41.3179 26.5219 8
      vertex -41.3179 26.5219 5
    endloop
  endfacet
  facet normal 0.621559 0.783368 -0
    outer loop
      vertex -41.6529 26.8796 5
      vertex -41.8451 27.0321 8
      vertex -41.6529 26.8796 8
    endloop
  endfacet
  facet normal 0.621559 0.783368 0
    outer loop
      vertex -41.8451 27.0321 8
      vertex -41.6529 26.8796 5
      vertex -41.8451 27.0321 5
    endloop
  endfacet
  facet normal 0.95213 0.305693 0
    outer loop
      vertex -40.8865 25.647 8
      vertex -40.9615 25.8806 5
      vertex -40.9615 25.8806 8
    endloop
  endfacet
  facet normal 0.95213 0.305693 0
    outer loop
      vertex -40.9615 25.8806 5
      vertex -40.8865 25.647 8
      vertex -40.8865 25.647 5
    endloop
  endfacet
  facet normal 0.8741 0.485747 0
    outer loop
      vertex -41.0591 26.1057 8
      vertex -41.1783 26.3202 5
      vertex -41.1783 26.3202 8
    endloop
  endfacet
  facet normal 0.8741 0.485747 0
    outer loop
      vertex -41.1783 26.3202 5
      vertex -41.0591 26.1057 8
      vertex -41.0591 26.1057 5
    endloop
  endfacet
  facet normal 0.977455 0.211143 0
    outer loop
      vertex -40.8347 25.4072 8
      vertex -40.8865 25.647 5
      vertex -40.8865 25.647 8
    endloop
  endfacet
  facet normal 0.977455 0.211143 0
    outer loop
      vertex -40.8865 25.647 5
      vertex -40.8347 25.4072 8
      vertex -40.8347 25.4072 5
    endloop
  endfacet
  facet normal -0.840542 0.541746 0
    outer loop
      vertex -45.4663 26.25 5
      vertex -45.3334 26.4562 8
      vertex -45.3334 26.4562 5
    endloop
  endfacet
  facet normal -0.840542 0.541746 0
    outer loop
      vertex -45.3334 26.4562 8
      vertex -45.4663 26.25 5
      vertex -45.4663 26.25 8
    endloop
  endfacet
  facet normal -0.961524 0.274721 0
    outer loop
      vertex -45.736 25.5677 5
      vertex -45.6686 25.8036 8
      vertex -45.6686 25.8036 5
    endloop
  endfacet
  facet normal -0.961524 0.274721 0
    outer loop
      vertex -45.6686 25.8036 8
      vertex -45.736 25.5677 5
      vertex -45.736 25.5677 8
    endloop
  endfacet
  facet normal -0.695394 -0.718628 0
    outer loop
      vertex -45.1259 23.291 5
      vertex -44.9496 23.1204 8
      vertex -45.1259 23.291 8
    endloop
  endfacet
  facet normal -0.695394 -0.718628 -0
    outer loop
      vertex -44.9496 23.1204 8
      vertex -45.1259 23.291 5
      vertex -44.9496 23.1204 5
    endloop
  endfacet
  facet normal -0.762412 -0.647092 0
    outer loop
      vertex -45.1259 23.291 5
      vertex -45.2847 23.4781 8
      vertex -45.2847 23.4781 5
    endloop
  endfacet
  facet normal -0.762412 -0.647092 0
    outer loop
      vertex -45.2847 23.4781 8
      vertex -45.1259 23.291 5
      vertex -45.1259 23.291 8
    endloop
  endfacet
  facet normal -0.977455 -0.211143 0
    outer loop
      vertex -45.7161 24.353 5
      vertex -45.7679 24.5928 8
      vertex -45.7679 24.5928 5
    endloop
  endfacet
  facet normal -0.977455 -0.211143 0
    outer loop
      vertex -45.7679 24.5928 8
      vertex -45.7161 24.353 5
      vertex -45.7161 24.353 8
    endloop
  endfacet
  facet normal -0.952012 -0.306062 0
    outer loop
      vertex -45.641 24.1194 5
      vertex -45.7161 24.353 8
      vertex -45.7161 24.353 5
    endloop
  endfacet
  facet normal -0.952012 -0.306062 0
    outer loop
      vertex -45.7161 24.353 8
      vertex -45.641 24.1194 5
      vertex -45.641 24.1194 8
    endloop
  endfacet
  facet normal -0.874273 -0.485435 0
    outer loop
      vertex -45.4243 23.6798 5
      vertex -45.5434 23.8943 8
      vertex -45.5434 23.8943 5
    endloop
  endfacet
  facet normal -0.874273 -0.485435 0
    outer loop
      vertex -45.5434 23.8943 8
      vertex -45.4243 23.6798 5
      vertex -45.4243 23.6798 8
    endloop
  endfacet
  facet normal -0.996671 0.0815273 0
    outer loop
      vertex -45.7999 25.0818 5
      vertex -45.7799 25.3263 8
      vertex -45.7799 25.3263 5
    endloop
  endfacet
  facet normal -0.996671 0.0815273 0
    outer loop
      vertex -45.7799 25.3263 8
      vertex -45.7999 25.0818 5
      vertex -45.7999 25.0818 8
    endloop
  endfacet
  facet normal 0 0 1
    outer loop
      vertex -40.8066 25.1635 8
      vertex -40.8227 24.6737 8
      vertex -40.8026 24.9182 8
    endloop
  endfacet
  facet normal 0 0 1
    outer loop
      vertex -40.8347 25.4072 8
      vertex -40.8227 24.6737 8
      vertex -40.8066 25.1635 8
    endloop
  endfacet
  facet normal 0 0 1
    outer loop
      vertex -40.8347 25.4072 8
      vertex -40.8666 24.4323 8
      vertex -40.8227 24.6737 8
    endloop
  endfacet
  facet normal 0 0 1
    outer loop
      vertex -40.8865 25.647 8
      vertex -40.8666 24.4323 8
      vertex -40.8347 25.4072 8
    endloop
  endfacet
  facet normal 0 0 1
    outer loop
      vertex -40.8865 25.647 8
      vertex -40.9339 24.1964 8
      vertex -40.8666 24.4323 8
    endloop
  endfacet
  facet normal 0 0 1
    outer loop
      vertex -40.9615 25.8806 8
      vertex -40.9339 24.1964 8
      vertex -40.8865 25.647 8
    endloop
  endfacet
  facet normal 0 0 1
    outer loop
      vertex -40.9615 25.8806 8
      vertex -41.0241 23.9682 8
      vertex -40.9339 24.1964 8
    endloop
  endfacet
  facet normal 0 0 1
    outer loop
      vertex -41.0591 26.1057 8
      vertex -41.0241 23.9682 8
      vertex -40.9615 25.8806 8
    endloop
  endfacet
  facet normal 0 0 1
    outer loop
      vertex -41.0591 26.1057 8
      vertex -41.1362 23.75 8
      vertex -41.0241 23.9682 8
    endloop
  endfacet
  facet normal 0 0 1
    outer loop
      vertex -41.1783 26.3202 8
      vertex -41.1362 23.75 8
      vertex -41.0591 26.1057 8
    endloop
  endfacet
  facet normal 0 0 1
    outer loop
      vertex -41.1783 26.3202 8
      vertex -41.2692 23.5438 8
      vertex -41.1362 23.75 8
    endloop
  endfacet
  facet normal 0 0 1
    outer loop
      vertex -41.3179 26.5219 8
      vertex -41.2692 23.5438 8
      vertex -41.1783 26.3202 8
    endloop
  endfacet
  facet normal 0 0 1
    outer loop
      vertex -41.3179 26.5219 8
      vertex -41.4217 23.3516 8
      vertex -41.2692 23.5438 8
    endloop
  endfacet
  facet normal 0 0 1
    outer loop
      vertex -41.4766 26.709 8
      vertex -41.4217 23.3516 8
      vertex -41.3179 26.5219 8
    endloop
  endfacet
  facet normal 0 0 1
    outer loop
      vertex -41.4766 26.709 8
      vertex -41.5923 23.1753 8
      vertex -41.4217 23.3516 8
    endloop
  endfacet
  facet normal 0 0 1
    outer loop
      vertex -41.6529 26.8796 8
      vertex -41.5923 23.1753 8
      vertex -41.4766 26.709 8
    endloop
  endfacet
  facet normal 0 0 1
    outer loop
      vertex -41.6529 26.8796 8
      vertex -41.7794 23.0166 8
      vertex -41.5923 23.1753 8
    endloop
  endfacet
  facet normal 0 0 1
    outer loop
      vertex -41.8451 27.0321 8
      vertex -41.7794 23.0166 8
      vertex -41.6529 26.8796 8
    endloop
  endfacet
  facet normal 0 0 1
    outer loop
      vertex -41.8451 27.0321 8
      vertex -41.9811 22.877 8
      vertex -41.7794 23.0166 8
    endloop
  endfacet
  facet normal 0 0 1
    outer loop
      vertex -42.0513 27.1651 8
      vertex -41.9811 22.877 8
      vertex -41.8451 27.0321 8
    endloop
  endfacet
  facet normal 0 0 1
    outer loop
      vertex -42.0513 27.1651 8
      vertex -42.1955 22.7578 8
      vertex -41.9811 22.877 8
    endloop
  endfacet
  facet normal 0 0 1
    outer loop
      vertex -42.2695 27.2772 8
      vertex -42.1955 22.7578 8
      vertex -42.0513 27.1651 8
    endloop
  endfacet
  facet normal 0 0 1
    outer loop
      vertex -42.2695 27.2772 8
      vertex -42.4206 22.6602 8
      vertex -42.1955 22.7578 8
    endloop
  endfacet
  facet normal 0 0 1
    outer loop
      vertex -42.4977 27.3673 8
      vertex -42.4206 22.6602 8
      vertex -42.2695 27.2772 8
    endloop
  endfacet
  facet normal 0 0 1
    outer loop
      vertex -42.4977 27.3673 8
      vertex -42.6542 22.5852 8
      vertex -42.4206 22.6602 8
    endloop
  endfacet
  facet normal 0 0 1
    outer loop
      vertex -42.7336 27.4347 8
      vertex -42.6542 22.5852 8
      vertex -42.4977 27.3673 8
    endloop
  endfacet
  facet normal 0 0 1
    outer loop
      vertex -42.7336 27.4347 8
      vertex -42.894 22.5334 8
      vertex -42.6542 22.5852 8
    endloop
  endfacet
  facet normal 0 0 1
    outer loop
      vertex -42.975 27.4786 8
      vertex -42.894 22.5334 8
      vertex -42.7336 27.4347 8
    endloop
  endfacet
  facet normal 0 0 1
    outer loop
      vertex -42.975 27.4786 8
      vertex -43.1378 22.5054 8
      vertex -42.894 22.5334 8
    endloop
  endfacet
  facet normal 0 0 1
    outer loop
      vertex -43.2195 27.4987 8
      vertex -43.1378 22.5054 8
      vertex -42.975 27.4786 8
    endloop
  endfacet
  facet normal 0 0 1
    outer loop
      vertex -43.2195 27.4987 8
      vertex -43.3831 22.5013 8
      vertex -43.1378 22.5054 8
    endloop
  endfacet
  facet normal -0 0 1
    outer loop
      vertex -43.4648 27.4946 8
      vertex -43.3831 22.5013 8
      vertex -43.2195 27.4987 8
    endloop
  endfacet
  facet normal 0 0 1
    outer loop
      vertex -43.4648 27.4946 8
      vertex -43.6276 22.5214 8
      vertex -43.3831 22.5013 8
    endloop
  endfacet
  facet normal -0 0 1
    outer loop
      vertex -43.7085 27.4666 8
      vertex -43.6276 22.5214 8
      vertex -43.4648 27.4946 8
    endloop
  endfacet
  facet normal 0 0 1
    outer loop
      vertex -43.7085 27.4666 8
      vertex -43.869 22.5653 8
      vertex -43.6276 22.5214 8
    endloop
  endfacet
  facet normal -0 0 1
    outer loop
      vertex -43.9483 27.4148 8
      vertex -43.869 22.5653 8
      vertex -43.7085 27.4666 8
    endloop
  endfacet
  facet normal 0 0 1
    outer loop
      vertex -43.9483 27.4148 8
      vertex -44.1049 22.6327 8
      vertex -43.869 22.5653 8
    endloop
  endfacet
  facet normal -0 0 1
    outer loop
      vertex -44.1819 27.3398 8
      vertex -44.1049 22.6327 8
      vertex -43.9483 27.4148 8
    endloop
  endfacet
  facet normal 0 0 1
    outer loop
      vertex -44.1819 27.3398 8
      vertex -44.333 22.7228 8
      vertex -44.1049 22.6327 8
    endloop
  endfacet
  facet normal -0 0 1
    outer loop
      vertex -44.407 27.2422 8
      vertex -44.333 22.7228 8
      vertex -44.1819 27.3398 8
    endloop
  endfacet
  facet normal 0 0 1
    outer loop
      vertex -44.407 27.2422 8
      vertex -44.5513 22.8349 8
      vertex -44.333 22.7228 8
    endloop
  endfacet
  facet normal -0 0 1
    outer loop
      vertex -44.6214 27.123 8
      vertex -44.5513 22.8349 8
      vertex -44.407 27.2422 8
    endloop
  endfacet
  facet normal 0 0 1
    outer loop
      vertex -44.6214 27.123 8
      vertex -44.7575 22.9679 8
      vertex -44.5513 22.8349 8
    endloop
  endfacet
  facet normal -0 0 1
    outer loop
      vertex -44.8232 26.9834 8
      vertex -44.7575 22.9679 8
      vertex -44.6214 27.123 8
    endloop
  endfacet
  facet normal 0 0 1
    outer loop
      vertex -44.8232 26.9834 8
      vertex -44.9496 23.1204 8
      vertex -44.7575 22.9679 8
    endloop
  endfacet
  facet normal -0 0 1
    outer loop
      vertex -45.0103 26.8247 8
      vertex -44.9496 23.1204 8
      vertex -44.8232 26.9834 8
    endloop
  endfacet
  facet normal 0 0 1
    outer loop
      vertex -45.0103 26.8247 8
      vertex -45.1259 23.291 8
      vertex -44.9496 23.1204 8
    endloop
  endfacet
  facet normal -0 0 1
    outer loop
      vertex -45.1809 26.6484 8
      vertex -45.1259 23.291 8
      vertex -45.0103 26.8247 8
    endloop
  endfacet
  facet normal 0 0 1
    outer loop
      vertex -45.1809 26.6484 8
      vertex -45.2847 23.4781 8
      vertex -45.1259 23.291 8
    endloop
  endfacet
  facet normal -0 0 1
    outer loop
      vertex -45.3334 26.4562 8
      vertex -45.2847 23.4781 8
      vertex -45.1809 26.6484 8
    endloop
  endfacet
  facet normal 0 0 1
    outer loop
      vertex -45.3334 26.4562 8
      vertex -45.4243 23.6798 8
      vertex -45.2847 23.4781 8
    endloop
  endfacet
  facet normal -0 0 1
    outer loop
      vertex -45.4663 26.25 8
      vertex -45.4243 23.6798 8
      vertex -45.3334 26.4562 8
    endloop
  endfacet
  facet normal 0 0 1
    outer loop
      vertex -45.4663 26.25 8
      vertex -45.5434 23.8943 8
      vertex -45.4243 23.6798 8
    endloop
  endfacet
  facet normal -0 0 1
    outer loop
      vertex -45.5784 26.0318 8
      vertex -45.5434 23.8943 8
      vertex -45.4663 26.25 8
    endloop
  endfacet
  facet normal 0 0 1
    outer loop
      vertex -45.5784 26.0318 8
      vertex -45.641 24.1194 8
      vertex -45.5434 23.8943 8
    endloop
  endfacet
  facet normal -0 0 1
    outer loop
      vertex -45.6686 25.8036 8
      vertex -45.641 24.1194 8
      vertex -45.5784 26.0318 8
    endloop
  endfacet
  facet normal 0 0 1
    outer loop
      vertex -45.6686 25.8036 8
      vertex -45.7161 24.353 8
      vertex -45.641 24.1194 8
    endloop
  endfacet
  facet normal -0 0 1
    outer loop
      vertex -45.736 25.5677 8
      vertex -45.7161 24.353 8
      vertex -45.6686 25.8036 8
    endloop
  endfacet
  facet normal 0 0 1
    outer loop
      vertex -45.736 25.5677 8
      vertex -45.7679 24.5928 8
      vertex -45.7161 24.353 8
    endloop
  endfacet
  facet normal -0 0 1
    outer loop
      vertex -45.7799 25.3263 8
      vertex -45.7679 24.5928 8
      vertex -45.736 25.5677 8
    endloop
  endfacet
  facet normal 0 0 1
    outer loop
      vertex -45.7799 25.3263 8
      vertex -45.7959 24.8365 8
      vertex -45.7679 24.5928 8
    endloop
  endfacet
  facet normal 0 -0 1
    outer loop
      vertex -45.7959 24.8365 8
      vertex -45.7799 25.3263 8
      vertex -45.7999 25.0818 8
    endloop
  endfacet
  facet normal -0.999867 -0.0163044 0
    outer loop
      vertex -45.7959 24.8365 5
      vertex -45.7999 25.0818 8
      vertex -45.7999 25.0818 5
    endloop
  endfacet
  facet normal -0.999867 -0.0163044 0
    outer loop
      vertex -45.7999 25.0818 8
      vertex -45.7959 24.8365 5
      vertex -45.7959 24.8365 8
    endloop
  endfacet
  facet normal -0.542034 -0.840357 0
    outer loop
      vertex -44.7575 22.9679 5
      vertex -44.5513 22.8349 8
      vertex -44.7575 22.9679 8
    endloop
  endfacet
  facet normal -0.542034 -0.840357 -0
    outer loop
      vertex -44.5513 22.8349 8
      vertex -44.7575 22.9679 5
      vertex -44.5513 22.8349 5
    endloop
  endfacet
  facet normal -0.274721 -0.961524 0
    outer loop
      vertex -44.1049 22.6327 5
      vertex -43.869 22.5653 8
      vertex -44.1049 22.6327 8
    endloop
  endfacet
  facet normal -0.274721 -0.961524 -0
    outer loop
      vertex -43.869 22.5653 8
      vertex -44.1049 22.6327 5
      vertex -43.869 22.5653 5
    endloop
  endfacet
  facet normal -0.36738 -0.930071 0
    outer loop
      vertex -44.333 22.7228 5
      vertex -44.1049 22.6327 8
      vertex -44.333 22.7228 8
    endloop
  endfacet
  facet normal -0.36738 -0.930071 -0
    outer loop
      vertex -44.1049 22.6327 8
      vertex -44.333 22.7228 5
      vertex -44.1049 22.6327 5
    endloop
  endfacet
  facet normal -0.0819322 -0.996638 0
    outer loop
      vertex -43.6276 22.5214 5
      vertex -43.3831 22.5013 8
      vertex -43.6276 22.5214 8
    endloop
  endfacet
  facet normal -0.0819322 -0.996638 -0
    outer loop
      vertex -43.3831 22.5013 8
      vertex -43.6276 22.5214 5
      vertex -43.3831 22.5013 5
    endloop
  endfacet
  facet normal 0.0167119 -0.99986 0
    outer loop
      vertex -43.3831 22.5013 5
      vertex -43.1378 22.5054 8
      vertex -43.3831 22.5013 8
    endloop
  endfacet
  facet normal 0.0167119 -0.99986 0
    outer loop
      vertex -43.1378 22.5054 8
      vertex -43.3831 22.5013 5
      vertex -43.1378 22.5054 5
    endloop
  endfacet
  facet normal 0.646855 -0.762613 0
    outer loop
      vertex -41.7794 23.0166 5
      vertex -41.5923 23.1753 8
      vertex -41.7794 23.0166 8
    endloop
  endfacet
  facet normal 0.646855 -0.762613 0
    outer loop
      vertex -41.5923 23.1753 8
      vertex -41.7794 23.0166 5
      vertex -41.5923 23.1753 5
    endloop
  endfacet
  facet normal 0.783368 -0.621559 0
    outer loop
      vertex -41.4217 23.3516 8
      vertex -41.2692 23.5438 5
      vertex -41.2692 23.5438 8
    endloop
  endfacet
  facet normal 0.783368 -0.621559 0
    outer loop
      vertex -41.2692 23.5438 5
      vertex -41.4217 23.3516 8
      vertex -41.4217 23.3516 5
    endloop
  endfacet
  facet normal 0.397802 -0.917471 0
    outer loop
      vertex -42.4206 22.6602 5
      vertex -42.1955 22.7578 8
      vertex -42.4206 22.6602 8
    endloop
  endfacet
  facet normal 0.397802 -0.917471 0
    outer loop
      vertex -42.1955 22.7578 8
      vertex -42.4206 22.6602 5
      vertex -42.1955 22.7578 5
    endloop
  endfacet
  facet normal 0.305693 -0.95213 0
    outer loop
      vertex -42.6542 22.5852 5
      vertex -42.4206 22.6602 8
      vertex -42.6542 22.5852 8
    endloop
  endfacet
  facet normal 0.305693 -0.95213 0
    outer loop
      vertex -42.4206 22.6602 8
      vertex -42.6542 22.5852 5
      vertex -42.4206 22.6602 5
    endloop
  endfacet
  facet normal 0.48592 -0.874003 0
    outer loop
      vertex -42.1955 22.7578 5
      vertex -41.9811 22.877 8
      vertex -42.1955 22.7578 8
    endloop
  endfacet
  facet normal 0.48592 -0.874003 0
    outer loop
      vertex -41.9811 22.877 8
      vertex -42.1955 22.7578 5
      vertex -41.9811 22.877 5
    endloop
  endfacet
  facet normal 0.211143 -0.977455 0
    outer loop
      vertex -42.894 22.5334 5
      vertex -42.6542 22.5852 8
      vertex -42.894 22.5334 8
    endloop
  endfacet
  facet normal 0.211143 -0.977455 0
    outer loop
      vertex -42.6542 22.5852 8
      vertex -42.894 22.5334 5
      vertex -42.6542 22.5852 5
    endloop
  endfacet
  facet normal -0.568913 0.822398 0
    outer loop
      vertex -44.6214 27.123 5
      vertex -44.8232 26.9834 8
      vertex -44.6214 27.123 8
    endloop
  endfacet
  facet normal -0.568913 0.822398 0
    outer loop
      vertex -44.8232 26.9834 8
      vertex -44.6214 27.123 5
      vertex -44.8232 26.9834 5
    endloop
  endfacet
  facet normal -0.397802 0.917471 0
    outer loop
      vertex -44.1819 27.3398 5
      vertex -44.407 27.2422 8
      vertex -44.1819 27.3398 8
    endloop
  endfacet
  facet normal -0.397802 0.917471 0
    outer loop
      vertex -44.407 27.2422 8
      vertex -44.1819 27.3398 5
      vertex -44.407 27.2422 5
    endloop
  endfacet
  facet normal -0.211143 0.977455 0
    outer loop
      vertex -43.7085 27.4666 5
      vertex -43.9483 27.4148 8
      vertex -43.7085 27.4666 8
    endloop
  endfacet
  facet normal -0.211143 0.977455 0
    outer loop
      vertex -43.9483 27.4148 8
      vertex -43.7085 27.4666 5
      vertex -43.9483 27.4148 5
    endloop
  endfacet
  facet normal -0.0167119 0.99986 0
    outer loop
      vertex -43.2195 27.4987 5
      vertex -43.4648 27.4946 8
      vertex -43.2195 27.4987 8
    endloop
  endfacet
  facet normal -0.0167119 0.99986 0
    outer loop
      vertex -43.4648 27.4946 8
      vertex -43.2195 27.4987 5
      vertex -43.4648 27.4946 5
    endloop
  endfacet
  facet normal 0.178921 0.983863 -0
    outer loop
      vertex -42.7336 27.4347 5
      vertex -42.975 27.4786 8
      vertex -42.7336 27.4347 8
    endloop
  endfacet
  facet normal 0.178921 0.983863 0
    outer loop
      vertex -42.975 27.4786 8
      vertex -42.7336 27.4347 5
      vertex -42.975 27.4786 5
    endloop
  endfacet
  facet normal 0.367241 0.930126 -0
    outer loop
      vertex -42.2695 27.2772 5
      vertex -42.4977 27.3673 8
      vertex -42.2695 27.2772 8
    endloop
  endfacet
  facet normal 0.367241 0.930126 0
    outer loop
      vertex -42.4977 27.3673 8
      vertex -42.2695 27.2772 5
      vertex -42.4977 27.3673 5
    endloop
  endfacet
  facet normal 0.889482 -0.45697 0
    outer loop
      vertex -41.1362 23.75 8
      vertex -41.0241 23.9682 5
      vertex -41.0241 23.9682 8
    endloop
  endfacet
  facet normal 0.889482 -0.45697 0
    outer loop
      vertex -41.0241 23.9682 5
      vertex -41.1362 23.75 8
      vertex -41.1362 23.75 5
    endloop
  endfacet
  facet normal 0.999867 0.0163044 0
    outer loop
      vertex -40.8026 24.9182 8
      vertex -40.8066 25.1635 5
      vertex -40.8066 25.1635 8
    endloop
  endfacet
  facet normal 0.999867 0.0163044 0
    outer loop
      vertex -40.8066 25.1635 5
      vertex -40.8026 24.9182 8
      vertex -40.8026 24.9182 5
    endloop
  endfacet
  facet normal 0.822266 0.569104 0
    outer loop
      vertex -41.1783 26.3202 8
      vertex -41.3179 26.5219 5
      vertex -41.3179 26.5219 8
    endloop
  endfacet
  facet normal 0.822266 0.569104 0
    outer loop
      vertex -41.3179 26.5219 5
      vertex -41.1783 26.3202 8
      vertex -41.1783 26.3202 5
    endloop
  endfacet
  facet normal 0.917471 0.397802 0
    outer loop
      vertex -40.9615 25.8806 8
      vertex -41.0591 26.1057 5
      vertex -41.0591 26.1057 8
    endloop
  endfacet
  facet normal 0.917471 0.397802 0
    outer loop
      vertex -41.0591 26.1057 5
      vertex -40.9615 25.8806 8
      vertex -40.9615 25.8806 5
    endloop
  endfacet
  facet normal -0.929987 0.367593 0
    outer loop
      vertex -45.6686 25.8036 5
      vertex -45.5784 26.0318 8
      vertex -45.5784 26.0318 5
    endloop
  endfacet
  facet normal -0.929987 0.367593 0
    outer loop
      vertex -45.5784 26.0318 8
      vertex -45.6686 25.8036 5
      vertex -45.6686 25.8036 8
    endloop
  endfacet
  facet normal -0.621757 -0.78321 0
    outer loop
      vertex -44.9496 23.1204 5
      vertex -44.7575 22.9679 8
      vertex -44.9496 23.1204 8
    endloop
  endfacet
  facet normal -0.621757 -0.78321 -0
    outer loop
      vertex -44.7575 22.9679 8
      vertex -44.9496 23.1204 5
      vertex -44.7575 22.9679 5
    endloop
  endfacet
  facet normal -0.456805 -0.889567 0
    outer loop
      vertex -44.5513 22.8349 5
      vertex -44.333 22.7228 8
      vertex -44.5513 22.8349 8
    endloop
  endfacet
  facet normal -0.456805 -0.889567 -0
    outer loop
      vertex -44.333 22.7228 8
      vertex -44.5513 22.8349 5
      vertex -44.333 22.7228 5
    endloop
  endfacet
  facet normal 0.999867 -0.0163044 0
    outer loop
      vertex 45.7959 24.8365 8
      vertex 45.7999 25.0818 5
      vertex 45.7999 25.0818 8
    endloop
  endfacet
  facet normal 0.999867 -0.0163044 0
    outer loop
      vertex 45.7999 25.0818 5
      vertex 45.7959 24.8365 8
      vertex 45.7959 24.8365 5
    endloop
  endfacet
  facet normal 0.762412 -0.647092 0
    outer loop
      vertex 45.1259 23.291 8
      vertex 45.2847 23.4781 5
      vertex 45.2847 23.4781 8
    endloop
  endfacet
  facet normal 0.762412 -0.647092 0
    outer loop
      vertex 45.2847 23.4781 5
      vertex 45.1259 23.291 8
      vertex 45.1259 23.291 5
    endloop
  endfacet
  facet normal 0.0819322 -0.996638 0
    outer loop
      vertex 43.3831 22.5013 5
      vertex 43.6276 22.5214 8
      vertex 43.3831 22.5013 8
    endloop
  endfacet
  facet normal 0.0819322 -0.996638 0
    outer loop
      vertex 43.6276 22.5214 8
      vertex 43.3831 22.5013 5
      vertex 43.6276 22.5214 5
    endloop
  endfacet
  facet normal -0.646855 -0.762613 0
    outer loop
      vertex 41.5923 23.1753 5
      vertex 41.7794 23.0166 8
      vertex 41.5923 23.1753 8
    endloop
  endfacet
  facet normal -0.646855 -0.762613 -0
    outer loop
      vertex 41.7794 23.0166 8
      vertex 41.5923 23.1753 5
      vertex 41.7794 23.0166 5
    endloop
  endfacet
  facet normal 0.840542 0.541746 0
    outer loop
      vertex 45.4663 26.25 8
      vertex 45.3334 26.4562 5
      vertex 45.3334 26.4562 8
    endloop
  endfacet
  facet normal 0.840542 0.541746 0
    outer loop
      vertex 45.3334 26.4562 5
      vertex 45.4663 26.25 8
      vertex 45.4663 26.25 5
    endloop
  endfacet
  facet normal 0.542034 -0.840357 0
    outer loop
      vertex 44.5513 22.8349 5
      vertex 44.7575 22.9679 8
      vertex 44.5513 22.8349 8
    endloop
  endfacet
  facet normal 0.542034 -0.840357 0
    outer loop
      vertex 44.7575 22.9679 8
      vertex 44.5513 22.8349 5
      vertex 44.7575 22.9679 5
    endloop
  endfacet
  facet normal 0.874273 -0.485435 0
    outer loop
      vertex 45.4243 23.6798 8
      vertex 45.5434 23.8943 5
      vertex 45.5434 23.8943 8
    endloop
  endfacet
  facet normal 0.874273 -0.485435 0
    outer loop
      vertex 45.5434 23.8943 5
      vertex 45.4243 23.6798 8
      vertex 45.4243 23.6798 5
    endloop
  endfacet
  facet normal -0.840357 -0.542034 0
    outer loop
      vertex 41.2692 23.5438 5
      vertex 41.1362 23.75 8
      vertex 41.1362 23.75 5
    endloop
  endfacet
  facet normal -0.840357 -0.542034 0
    outer loop
      vertex 41.1362 23.75 8
      vertex 41.2692 23.5438 5
      vertex 41.2692 23.5438 8
    endloop
  endfacet
  facet normal -0.397802 -0.917471 0
    outer loop
      vertex 42.1955 22.7578 5
      vertex 42.4206 22.6602 8
      vertex 42.1955 22.7578 8
    endloop
  endfacet
  facet normal -0.397802 -0.917471 -0
    outer loop
      vertex 42.4206 22.6602 8
      vertex 42.1955 22.7578 5
      vertex 42.4206 22.6602 5
    endloop
  endfacet
  facet normal 0.274721 -0.961524 0
    outer loop
      vertex 43.869 22.5653 5
      vertex 44.1049 22.6327 8
      vertex 43.869 22.5653 8
    endloop
  endfacet
  facet normal 0.274721 -0.961524 0
    outer loop
      vertex 44.1049 22.6327 8
      vertex 43.869 22.5653 5
      vertex 44.1049 22.6327 5
    endloop
  endfacet
  facet normal -0.917471 0.397802 0
    outer loop
      vertex 40.9615 25.8806 5
      vertex 41.0591 26.1057 8
      vertex 41.0591 26.1057 5
    endloop
  endfacet
  facet normal -0.917471 0.397802 0
    outer loop
      vertex 41.0591 26.1057 8
      vertex 40.9615 25.8806 5
      vertex 40.9615 25.8806 8
    endloop
  endfacet
  facet normal -0.999867 0.0163044 0
    outer loop
      vertex 40.8026 24.9182 5
      vertex 40.8066 25.1635 8
      vertex 40.8066 25.1635 5
    endloop
  endfacet
  facet normal -0.999867 0.0163044 0
    outer loop
      vertex 40.8066 25.1635 8
      vertex 40.8026 24.9182 5
      vertex 40.8026 24.9182 8
    endloop
  endfacet
  facet normal 0.929987 0.367593 0
    outer loop
      vertex 45.6686 25.8036 8
      vertex 45.5784 26.0318 5
      vertex 45.5784 26.0318 8
    endloop
  endfacet
  facet normal 0.929987 0.367593 0
    outer loop
      vertex 45.5784 26.0318 5
      vertex 45.6686 25.8036 8
      vertex 45.6686 25.8036 5
    endloop
  endfacet
  facet normal 0.983863 0.178921 0
    outer loop
      vertex 45.7799 25.3263 8
      vertex 45.736 25.5677 5
      vertex 45.736 25.5677 8
    endloop
  endfacet
  facet normal 0.983863 0.178921 0
    outer loop
      vertex 45.736 25.5677 5
      vertex 45.7799 25.3263 8
      vertex 45.7799 25.3263 5
    endloop
  endfacet
  facet normal 0.993464 -0.114144 0
    outer loop
      vertex 45.7679 24.5928 8
      vertex 45.7959 24.8365 5
      vertex 45.7959 24.8365 8
    endloop
  endfacet
  facet normal 0.993464 -0.114144 0
    outer loop
      vertex 45.7959 24.8365 5
      vertex 45.7679 24.5928 8
      vertex 45.7679 24.5928 5
    endloop
  endfacet
  facet normal 0.952012 -0.306062 0
    outer loop
      vertex 45.641 24.1194 8
      vertex 45.7161 24.353 5
      vertex 45.7161 24.353 8
    endloop
  endfacet
  facet normal 0.952012 -0.306062 0
    outer loop
      vertex 45.7161 24.353 5
      vertex 45.641 24.1194 8
      vertex 45.641 24.1194 5
    endloop
  endfacet
  facet normal 0.977455 -0.211143 0
    outer loop
      vertex 45.7161 24.353 8
      vertex 45.7679 24.5928 5
      vertex 45.7679 24.5928 8
    endloop
  endfacet
  facet normal 0.977455 -0.211143 0
    outer loop
      vertex 45.7679 24.5928 5
      vertex 45.7161 24.353 8
      vertex 45.7161 24.353 5
    endloop
  endfacet
  facet normal 0.456805 -0.889567 0
    outer loop
      vertex 44.333 22.7228 5
      vertex 44.5513 22.8349 8
      vertex 44.333 22.7228 8
    endloop
  endfacet
  facet normal 0.456805 -0.889567 0
    outer loop
      vertex 44.5513 22.8349 8
      vertex 44.333 22.7228 5
      vertex 44.5513 22.8349 5
    endloop
  endfacet
  facet normal 0.695394 -0.718628 0
    outer loop
      vertex 44.9496 23.1204 5
      vertex 45.1259 23.291 8
      vertex 44.9496 23.1204 8
    endloop
  endfacet
  facet normal 0.695394 -0.718628 0
    outer loop
      vertex 45.1259 23.291 8
      vertex 44.9496 23.1204 5
      vertex 45.1259 23.291 5
    endloop
  endfacet
  facet normal 0.621757 -0.78321 0
    outer loop
      vertex 44.7575 22.9679 5
      vertex 44.9496 23.1204 8
      vertex 44.7575 22.9679 8
    endloop
  endfacet
  facet normal 0.621757 -0.78321 0
    outer loop
      vertex 44.9496 23.1204 8
      vertex 44.7575 22.9679 5
      vertex 44.9496 23.1204 5
    endloop
  endfacet
  facet normal 0.822266 -0.569104 0
    outer loop
      vertex 45.2847 23.4781 8
      vertex 45.4243 23.6798 5
      vertex 45.4243 23.6798 8
    endloop
  endfacet
  facet normal 0.822266 -0.569104 0
    outer loop
      vertex 45.4243 23.6798 5
      vertex 45.2847 23.4781 8
      vertex 45.2847 23.4781 5
    endloop
  endfacet
  facet normal 0.917471 -0.397802 0
    outer loop
      vertex 45.5434 23.8943 8
      vertex 45.641 24.1194 5
      vertex 45.641 24.1194 8
    endloop
  endfacet
  facet normal 0.917471 -0.397802 0
    outer loop
      vertex 45.641 24.1194 5
      vertex 45.5434 23.8943 8
      vertex 45.5434 23.8943 5
    endloop
  endfacet
  facet normal -0.889482 -0.45697 0
    outer loop
      vertex 41.1362 23.75 5
      vertex 41.0241 23.9682 8
      vertex 41.0241 23.9682 5
    endloop
  endfacet
  facet normal -0.889482 -0.45697 0
    outer loop
      vertex 41.0241 23.9682 8
      vertex 41.1362 23.75 5
      vertex 41.1362 23.75 8
    endloop
  endfacet
  facet normal -0.718628 -0.695394 0
    outer loop
      vertex 41.5923 23.1753 5
      vertex 41.4217 23.3516 8
      vertex 41.4217 23.3516 5
    endloop
  endfacet
  facet normal -0.718628 -0.695394 0
    outer loop
      vertex 41.4217 23.3516 8
      vertex 41.5923 23.1753 5
      vertex 41.5923 23.1753 8
    endloop
  endfacet
  facet normal -0.783368 -0.621559 0
    outer loop
      vertex 41.4217 23.3516 5
      vertex 41.2692 23.5438 8
      vertex 41.2692 23.5438 5
    endloop
  endfacet
  facet normal -0.783368 -0.621559 0
    outer loop
      vertex 41.2692 23.5438 8
      vertex 41.4217 23.3516 5
      vertex 41.4217 23.3516 8
    endloop
  endfacet
  facet normal -0.569104 -0.822266 0
    outer loop
      vertex 41.7794 23.0166 5
      vertex 41.9811 22.877 8
      vertex 41.7794 23.0166 8
    endloop
  endfacet
  facet normal -0.569104 -0.822266 -0
    outer loop
      vertex 41.9811 22.877 8
      vertex 41.7794 23.0166 5
      vertex 41.9811 22.877 5
    endloop
  endfacet
  facet normal -0.48592 -0.874003 0
    outer loop
      vertex 41.9811 22.877 5
      vertex 42.1955 22.7578 8
      vertex 41.9811 22.877 8
    endloop
  endfacet
  facet normal -0.48592 -0.874003 -0
    outer loop
      vertex 42.1955 22.7578 8
      vertex 41.9811 22.877 5
      vertex 42.1955 22.7578 5
    endloop
  endfacet
  facet normal 0.178921 -0.983863 0
    outer loop
      vertex 43.6276 22.5214 5
      vertex 43.869 22.5653 8
      vertex 43.6276 22.5214 8
    endloop
  endfacet
  facet normal 0.178921 -0.983863 0
    outer loop
      vertex 43.869 22.5653 8
      vertex 43.6276 22.5214 5
      vertex 43.869 22.5653 5
    endloop
  endfacet
  facet normal 0.36738 -0.930071 0
    outer loop
      vertex 44.1049 22.6327 5
      vertex 44.333 22.7228 8
      vertex 44.1049 22.6327 8
    endloop
  endfacet
  facet normal 0.36738 -0.930071 0
    outer loop
      vertex 44.333 22.7228 8
      vertex 44.1049 22.6327 5
      vertex 44.333 22.7228 5
    endloop
  endfacet
  facet normal -0.114098 -0.993469 0
    outer loop
      vertex 42.894 22.5334 5
      vertex 43.1378 22.5054 8
      vertex 42.894 22.5334 8
    endloop
  endfacet
  facet normal -0.114098 -0.993469 -0
    outer loop
      vertex 43.1378 22.5054 8
      vertex 42.894 22.5334 5
      vertex 43.1378 22.5054 5
    endloop
  endfacet
  facet normal -0.211143 -0.977455 0
    outer loop
      vertex 42.6542 22.5852 5
      vertex 42.894 22.5334 8
      vertex 42.6542 22.5852 8
    endloop
  endfacet
  facet normal -0.211143 -0.977455 -0
    outer loop
      vertex 42.894 22.5334 8
      vertex 42.6542 22.5852 5
      vertex 42.894 22.5334 5
    endloop
  endfacet
  facet normal -0.0167119 -0.99986 0
    outer loop
      vertex 43.1378 22.5054 5
      vertex 43.3831 22.5013 8
      vertex 43.1378 22.5054 8
    endloop
  endfacet
  facet normal -0.0167119 -0.99986 -0
    outer loop
      vertex 43.3831 22.5013 8
      vertex 43.1378 22.5054 5
      vertex 43.3831 22.5013 5
    endloop
  endfacet
  facet normal -0.305693 -0.95213 0
    outer loop
      vertex 42.4206 22.6602 5
      vertex 42.6542 22.5852 8
      vertex 42.4206 22.6602 8
    endloop
  endfacet
  facet normal -0.305693 -0.95213 -0
    outer loop
      vertex 42.6542 22.5852 8
      vertex 42.4206 22.6602 5
      vertex 42.6542 22.5852 5
    endloop
  endfacet
  facet normal 0.889482 0.45697 0
    outer loop
      vertex 45.5784 26.0318 8
      vertex 45.4663 26.25 5
      vertex 45.4663 26.25 8
    endloop
  endfacet
  facet normal 0.889482 0.45697 0
    outer loop
      vertex 45.4663 26.25 5
      vertex 45.5784 26.0318 8
      vertex 45.5784 26.0318 5
    endloop
  endfacet
  facet normal 0.718628 0.695394 0
    outer loop
      vertex 45.1809 26.6484 8
      vertex 45.0103 26.8247 5
      vertex 45.0103 26.8247 8
    endloop
  endfacet
  facet normal 0.718628 0.695394 0
    outer loop
      vertex 45.0103 26.8247 5
      vertex 45.1809 26.6484 8
      vertex 45.1809 26.6484 5
    endloop
  endfacet
  facet normal -0.929987 -0.367593 0
    outer loop
      vertex 41.0241 23.9682 5
      vertex 40.9339 24.1964 8
      vertex 40.9339 24.1964 5
    endloop
  endfacet
  facet normal -0.929987 -0.367593 0
    outer loop
      vertex 40.9339 24.1964 8
      vertex 41.0241 23.9682 5
      vertex 41.0241 23.9682 8
    endloop
  endfacet
  facet normal -0.977455 0.211143 0
    outer loop
      vertex 40.8347 25.4072 5
      vertex 40.8865 25.647 8
      vertex 40.8865 25.647 5
    endloop
  endfacet
  facet normal -0.977455 0.211143 0
    outer loop
      vertex 40.8865 25.647 8
      vertex 40.8347 25.4072 5
      vertex 40.8347 25.4072 8
    endloop
  endfacet
  facet normal 0.996671 0.0815273 0
    outer loop
      vertex 45.7999 25.0818 8
      vertex 45.7799 25.3263 5
      vertex 45.7799 25.3263 8
    endloop
  endfacet
  facet normal 0.996671 0.0815273 0
    outer loop
      vertex 45.7799 25.3263 5
      vertex 45.7999 25.0818 8
      vertex 45.7999 25.0818 5
    endloop
  endfacet
  facet normal 0.961524 0.274721 0
    outer loop
      vertex 45.736 25.5677 8
      vertex 45.6686 25.8036 5
      vertex 45.6686 25.8036 8
    endloop
  endfacet
  facet normal 0.961524 0.274721 0
    outer loop
      vertex 45.6686 25.8036 5
      vertex 45.736 25.5677 8
      vertex 45.736 25.5677 5
    endloop
  endfacet
  facet normal 0.783368 0.621559 0
    outer loop
      vertex 45.3334 26.4562 8
      vertex 45.1809 26.6484 5
      vertex 45.1809 26.6484 8
    endloop
  endfacet
  facet normal 0.783368 0.621559 0
    outer loop
      vertex 45.1809 26.6484 5
      vertex 45.3334 26.4562 8
      vertex 45.3334 26.4562 5
    endloop
  endfacet
  facet normal 0.397802 0.917471 -0
    outer loop
      vertex 44.407 27.2422 5
      vertex 44.1819 27.3398 8
      vertex 44.407 27.2422 8
    endloop
  endfacet
  facet normal 0.397802 0.917471 0
    outer loop
      vertex 44.1819 27.3398 8
      vertex 44.407 27.2422 5
      vertex 44.1819 27.3398 5
    endloop
  endfacet
  facet normal 0.568913 0.822398 -0
    outer loop
      vertex 44.8232 26.9834 5
      vertex 44.6214 27.123 8
      vertex 44.8232 26.9834 8
    endloop
  endfacet
  facet normal 0.568913 0.822398 0
    outer loop
      vertex 44.6214 27.123 8
      vertex 44.8232 26.9834 5
      vertex 44.6214 27.123 5
    endloop
  endfacet
  facet normal -0.542034 0.840357 0
    outer loop
      vertex 42.0513 27.1651 5
      vertex 41.8451 27.0321 8
      vertex 42.0513 27.1651 8
    endloop
  endfacet
  facet normal -0.542034 0.840357 0
    outer loop
      vertex 41.8451 27.0321 8
      vertex 42.0513 27.1651 5
      vertex 41.8451 27.0321 5
    endloop
  endfacet
  facet normal -0.983863 -0.178921 0
    outer loop
      vertex 40.8666 24.4323 5
      vertex 40.8227 24.6737 8
      vertex 40.8227 24.6737 5
    endloop
  endfacet
  facet normal -0.983863 -0.178921 0
    outer loop
      vertex 40.8227 24.6737 8
      vertex 40.8666 24.4323 5
      vertex 40.8666 24.4323 8
    endloop
  endfacet
  facet normal -0.996638 -0.0819322 0
    outer loop
      vertex 40.8227 24.6737 5
      vertex 40.8026 24.9182 8
      vertex 40.8026 24.9182 5
    endloop
  endfacet
  facet normal -0.996638 -0.0819322 0
    outer loop
      vertex 40.8026 24.9182 8
      vertex 40.8227 24.6737 5
      vertex 40.8227 24.6737 8
    endloop
  endfacet
  facet normal -0.961632 -0.274344 0
    outer loop
      vertex 40.9339 24.1964 5
      vertex 40.8666 24.4323 8
      vertex 40.8666 24.4323 5
    endloop
  endfacet
  facet normal -0.961632 -0.274344 0
    outer loop
      vertex 40.8666 24.4323 8
      vertex 40.9339 24.1964 5
      vertex 40.9339 24.1964 8
    endloop
  endfacet
  facet normal -0.95213 0.305693 0
    outer loop
      vertex 40.8865 25.647 5
      vertex 40.9615 25.8806 8
      vertex 40.9615 25.8806 5
    endloop
  endfacet
  facet normal -0.95213 0.305693 0
    outer loop
      vertex 40.9615 25.8806 8
      vertex 40.8865 25.647 5
      vertex 40.8865 25.647 8
    endloop
  endfacet
  facet normal -0.367241 0.930126 0
    outer loop
      vertex 42.4977 27.3673 5
      vertex 42.2695 27.2772 8
      vertex 42.4977 27.3673 8
    endloop
  endfacet
  facet normal -0.367241 0.930126 0
    outer loop
      vertex 42.2695 27.2772 8
      vertex 42.4977 27.3673 5
      vertex 42.2695 27.2772 5
    endloop
  endfacet
  facet normal -0.0819322 0.996638 0
    outer loop
      vertex 43.2195 27.4987 5
      vertex 42.975 27.4786 8
      vertex 43.2195 27.4987 8
    endloop
  endfacet
  facet normal -0.0819322 0.996638 0
    outer loop
      vertex 42.975 27.4786 8
      vertex 43.2195 27.4987 5
      vertex 42.975 27.4786 5
    endloop
  endfacet
  facet normal -0.178921 0.983863 0
    outer loop
      vertex 42.975 27.4786 5
      vertex 42.7336 27.4347 8
      vertex 42.975 27.4786 8
    endloop
  endfacet
  facet normal -0.178921 0.983863 0
    outer loop
      vertex 42.7336 27.4347 8
      vertex 42.975 27.4786 5
      vertex 42.7336 27.4347 5
    endloop
  endfacet
  facet normal 0.211143 0.977455 -0
    outer loop
      vertex 43.9483 27.4148 5
      vertex 43.7085 27.4666 8
      vertex 43.9483 27.4148 8
    endloop
  endfacet
  facet normal 0.211143 0.977455 0
    outer loop
      vertex 43.7085 27.4666 8
      vertex 43.9483 27.4148 5
      vertex 43.7085 27.4666 5
    endloop
  endfacet
  facet normal 0.646855 0.762613 -0
    outer loop
      vertex 45.0103 26.8247 5
      vertex 44.8232 26.9834 8
      vertex 45.0103 26.8247 8
    endloop
  endfacet
  facet normal 0.646855 0.762613 0
    outer loop
      vertex 44.8232 26.9834 8
      vertex 45.0103 26.8247 5
      vertex 44.8232 26.9834 5
    endloop
  endfacet
  facet normal 0.48592 0.874003 -0
    outer loop
      vertex 44.6214 27.123 5
      vertex 44.407 27.2422 8
      vertex 44.6214 27.123 8
    endloop
  endfacet
  facet normal 0.48592 0.874003 0
    outer loop
      vertex 44.407 27.2422 8
      vertex 44.6214 27.123 5
      vertex 44.407 27.2422 5
    endloop
  endfacet
  facet normal -0.45697 0.889482 0
    outer loop
      vertex 42.2695 27.2772 5
      vertex 42.0513 27.1651 8
      vertex 42.2695 27.2772 8
    endloop
  endfacet
  facet normal -0.45697 0.889482 0
    outer loop
      vertex 42.0513 27.1651 8
      vertex 42.2695 27.2772 5
      vertex 42.0513 27.1651 5
    endloop
  endfacet
  facet normal -0.762613 0.646855 0
    outer loop
      vertex 41.3179 26.5219 5
      vertex 41.4766 26.709 8
      vertex 41.4766 26.709 5
    endloop
  endfacet
  facet normal -0.762613 0.646855 0
    outer loop
      vertex 41.4766 26.709 8
      vertex 41.3179 26.5219 5
      vertex 41.3179 26.5219 8
    endloop
  endfacet
  facet normal -0.822266 0.569104 0
    outer loop
      vertex 41.1783 26.3202 5
      vertex 41.3179 26.5219 8
      vertex 41.3179 26.5219 5
    endloop
  endfacet
  facet normal -0.822266 0.569104 0
    outer loop
      vertex 41.3179 26.5219 8
      vertex 41.1783 26.3202 5
      vertex 41.1783 26.3202 8
    endloop
  endfacet
  facet normal -0.695394 0.718628 0
    outer loop
      vertex 41.6529 26.8796 5
      vertex 41.4766 26.709 8
      vertex 41.6529 26.8796 8
    endloop
  endfacet
  facet normal -0.695394 0.718628 0
    outer loop
      vertex 41.4766 26.709 8
      vertex 41.6529 26.8796 5
      vertex 41.4766 26.709 5
    endloop
  endfacet
  facet normal -0.621559 0.783368 0
    outer loop
      vertex 41.8451 27.0321 5
      vertex 41.6529 26.8796 8
      vertex 41.8451 27.0321 8
    endloop
  endfacet
  facet normal -0.621559 0.783368 0
    outer loop
      vertex 41.6529 26.8796 8
      vertex 41.8451 27.0321 5
      vertex 41.6529 26.8796 5
    endloop
  endfacet
  facet normal 0 0 1
    outer loop
      vertex 45.7799 25.3263 8
      vertex 45.7959 24.8365 8
      vertex 45.7999 25.0818 8
    endloop
  endfacet
  facet normal 0 0 1
    outer loop
      vertex 45.7799 25.3263 8
      vertex 45.7679 24.5928 8
      vertex 45.7959 24.8365 8
    endloop
  endfacet
  facet normal 0 0 1
    outer loop
      vertex 45.736 25.5677 8
      vertex 45.7679 24.5928 8
      vertex 45.7799 25.3263 8
    endloop
  endfacet
  facet normal 0 0 1
    outer loop
      vertex 45.736 25.5677 8
      vertex 45.7161 24.353 8
      vertex 45.7679 24.5928 8
    endloop
  endfacet
  facet normal 0 0 1
    outer loop
      vertex 45.6686 25.8036 8
      vertex 45.7161 24.353 8
      vertex 45.736 25.5677 8
    endloop
  endfacet
  facet normal 0 0 1
    outer loop
      vertex 45.6686 25.8036 8
      vertex 45.641 24.1194 8
      vertex 45.7161 24.353 8
    endloop
  endfacet
  facet normal 0 0 1
    outer loop
      vertex 45.5784 26.0318 8
      vertex 45.641 24.1194 8
      vertex 45.6686 25.8036 8
    endloop
  endfacet
  facet normal 0 0 1
    outer loop
      vertex 45.5784 26.0318 8
      vertex 45.5434 23.8943 8
      vertex 45.641 24.1194 8
    endloop
  endfacet
  facet normal 0 0 1
    outer loop
      vertex 45.4663 26.25 8
      vertex 45.5434 23.8943 8
      vertex 45.5784 26.0318 8
    endloop
  endfacet
  facet normal 0 0 1
    outer loop
      vertex 45.4663 26.25 8
      vertex 45.4243 23.6798 8
      vertex 45.5434 23.8943 8
    endloop
  endfacet
  facet normal 0 0 1
    outer loop
      vertex 45.3334 26.4562 8
      vertex 45.4243 23.6798 8
      vertex 45.4663 26.25 8
    endloop
  endfacet
  facet normal 0 0 1
    outer loop
      vertex 45.3334 26.4562 8
      vertex 45.2847 23.4781 8
      vertex 45.4243 23.6798 8
    endloop
  endfacet
  facet normal 0 0 1
    outer loop
      vertex 45.1809 26.6484 8
      vertex 45.2847 23.4781 8
      vertex 45.3334 26.4562 8
    endloop
  endfacet
  facet normal 0 0 1
    outer loop
      vertex 45.1809 26.6484 8
      vertex 45.1259 23.291 8
      vertex 45.2847 23.4781 8
    endloop
  endfacet
  facet normal 0 0 1
    outer loop
      vertex 45.0103 26.8247 8
      vertex 45.1259 23.291 8
      vertex 45.1809 26.6484 8
    endloop
  endfacet
  facet normal 0 0 1
    outer loop
      vertex 45.0103 26.8247 8
      vertex 44.9496 23.1204 8
      vertex 45.1259 23.291 8
    endloop
  endfacet
  facet normal 0 0 1
    outer loop
      vertex 44.8232 26.9834 8
      vertex 44.9496 23.1204 8
      vertex 45.0103 26.8247 8
    endloop
  endfacet
  facet normal 0 0 1
    outer loop
      vertex 44.8232 26.9834 8
      vertex 44.7575 22.9679 8
      vertex 44.9496 23.1204 8
    endloop
  endfacet
  facet normal 0 0 1
    outer loop
      vertex 44.6214 27.123 8
      vertex 44.7575 22.9679 8
      vertex 44.8232 26.9834 8
    endloop
  endfacet
  facet normal 0 0 1
    outer loop
      vertex 44.6214 27.123 8
      vertex 44.5513 22.8349 8
      vertex 44.7575 22.9679 8
    endloop
  endfacet
  facet normal 0 0 1
    outer loop
      vertex 44.407 27.2422 8
      vertex 44.5513 22.8349 8
      vertex 44.6214 27.123 8
    endloop
  endfacet
  facet normal 0 0 1
    outer loop
      vertex 44.407 27.2422 8
      vertex 44.333 22.7228 8
      vertex 44.5513 22.8349 8
    endloop
  endfacet
  facet normal 0 0 1
    outer loop
      vertex 44.1819 27.3398 8
      vertex 44.333 22.7228 8
      vertex 44.407 27.2422 8
    endloop
  endfacet
  facet normal 0 0 1
    outer loop
      vertex 44.1819 27.3398 8
      vertex 44.1049 22.6327 8
      vertex 44.333 22.7228 8
    endloop
  endfacet
  facet normal 0 0 1
    outer loop
      vertex 43.9483 27.4148 8
      vertex 44.1049 22.6327 8
      vertex 44.1819 27.3398 8
    endloop
  endfacet
  facet normal 0 0 1
    outer loop
      vertex 43.9483 27.4148 8
      vertex 43.869 22.5653 8
      vertex 44.1049 22.6327 8
    endloop
  endfacet
  facet normal 0 0 1
    outer loop
      vertex 43.7085 27.4666 8
      vertex 43.869 22.5653 8
      vertex 43.9483 27.4148 8
    endloop
  endfacet
  facet normal 0 0 1
    outer loop
      vertex 43.7085 27.4666 8
      vertex 43.6276 22.5214 8
      vertex 43.869 22.5653 8
    endloop
  endfacet
  facet normal 0 0 1
    outer loop
      vertex 43.4648 27.4946 8
      vertex 43.6276 22.5214 8
      vertex 43.7085 27.4666 8
    endloop
  endfacet
  facet normal 0 0 1
    outer loop
      vertex 43.4648 27.4946 8
      vertex 43.3831 22.5013 8
      vertex 43.6276 22.5214 8
    endloop
  endfacet
  facet normal 0 0 1
    outer loop
      vertex 43.2195 27.4987 8
      vertex 43.3831 22.5013 8
      vertex 43.4648 27.4946 8
    endloop
  endfacet
  facet normal 0 0 1
    outer loop
      vertex 43.2195 27.4987 8
      vertex 43.1378 22.5054 8
      vertex 43.3831 22.5013 8
    endloop
  endfacet
  facet normal -0 0 1
    outer loop
      vertex 42.975 27.4786 8
      vertex 43.1378 22.5054 8
      vertex 43.2195 27.4987 8
    endloop
  endfacet
  facet normal 0 0 1
    outer loop
      vertex 42.975 27.4786 8
      vertex 42.894 22.5334 8
      vertex 43.1378 22.5054 8
    endloop
  endfacet
  facet normal -0 0 1
    outer loop
      vertex 42.7336 27.4347 8
      vertex 42.894 22.5334 8
      vertex 42.975 27.4786 8
    endloop
  endfacet
  facet normal 0 0 1
    outer loop
      vertex 42.7336 27.4347 8
      vertex 42.6542 22.5852 8
      vertex 42.894 22.5334 8
    endloop
  endfacet
  facet normal -0 0 1
    outer loop
      vertex 42.4977 27.3673 8
      vertex 42.6542 22.5852 8
      vertex 42.7336 27.4347 8
    endloop
  endfacet
  facet normal 0 0 1
    outer loop
      vertex 42.4977 27.3673 8
      vertex 42.4206 22.6602 8
      vertex 42.6542 22.5852 8
    endloop
  endfacet
  facet normal -0 0 1
    outer loop
      vertex 42.2695 27.2772 8
      vertex 42.4206 22.6602 8
      vertex 42.4977 27.3673 8
    endloop
  endfacet
  facet normal 0 0 1
    outer loop
      vertex 42.2695 27.2772 8
      vertex 42.1955 22.7578 8
      vertex 42.4206 22.6602 8
    endloop
  endfacet
  facet normal -0 0 1
    outer loop
      vertex 42.0513 27.1651 8
      vertex 42.1955 22.7578 8
      vertex 42.2695 27.2772 8
    endloop
  endfacet
  facet normal 0 0 1
    outer loop
      vertex 42.0513 27.1651 8
      vertex 41.9811 22.877 8
      vertex 42.1955 22.7578 8
    endloop
  endfacet
  facet normal -0 0 1
    outer loop
      vertex 41.8451 27.0321 8
      vertex 41.9811 22.877 8
      vertex 42.0513 27.1651 8
    endloop
  endfacet
  facet normal 0 0 1
    outer loop
      vertex 41.8451 27.0321 8
      vertex 41.7794 23.0166 8
      vertex 41.9811 22.877 8
    endloop
  endfacet
  facet normal -0 0 1
    outer loop
      vertex 41.6529 26.8796 8
      vertex 41.7794 23.0166 8
      vertex 41.8451 27.0321 8
    endloop
  endfacet
  facet normal 0 0 1
    outer loop
      vertex 41.6529 26.8796 8
      vertex 41.5923 23.1753 8
      vertex 41.7794 23.0166 8
    endloop
  endfacet
  facet normal -0 0 1
    outer loop
      vertex 41.4766 26.709 8
      vertex 41.5923 23.1753 8
      vertex 41.6529 26.8796 8
    endloop
  endfacet
  facet normal 0 0 1
    outer loop
      vertex 41.4766 26.709 8
      vertex 41.4217 23.3516 8
      vertex 41.5923 23.1753 8
    endloop
  endfacet
  facet normal -0 0 1
    outer loop
      vertex 41.3179 26.5219 8
      vertex 41.4217 23.3516 8
      vertex 41.4766 26.709 8
    endloop
  endfacet
  facet normal 0 0 1
    outer loop
      vertex 41.3179 26.5219 8
      vertex 41.2692 23.5438 8
      vertex 41.4217 23.3516 8
    endloop
  endfacet
  facet normal -0 0 1
    outer loop
      vertex 41.1783 26.3202 8
      vertex 41.2692 23.5438 8
      vertex 41.3179 26.5219 8
    endloop
  endfacet
  facet normal 0 0 1
    outer loop
      vertex 41.1783 26.3202 8
      vertex 41.1362 23.75 8
      vertex 41.2692 23.5438 8
    endloop
  endfacet
  facet normal -0 0 1
    outer loop
      vertex 41.0591 26.1057 8
      vertex 41.1362 23.75 8
      vertex 41.1783 26.3202 8
    endloop
  endfacet
  facet normal 0 0 1
    outer loop
      vertex 41.0591 26.1057 8
      vertex 41.0241 23.9682 8
      vertex 41.1362 23.75 8
    endloop
  endfacet
  facet normal -0 0 1
    outer loop
      vertex 40.9615 25.8806 8
      vertex 41.0241 23.9682 8
      vertex 41.0591 26.1057 8
    endloop
  endfacet
  facet normal 0 0 1
    outer loop
      vertex 40.9615 25.8806 8
      vertex 40.9339 24.1964 8
      vertex 41.0241 23.9682 8
    endloop
  endfacet
  facet normal -0 0 1
    outer loop
      vertex 40.8865 25.647 8
      vertex 40.9339 24.1964 8
      vertex 40.9615 25.8806 8
    endloop
  endfacet
  facet normal 0 0 1
    outer loop
      vertex 40.8865 25.647 8
      vertex 40.8666 24.4323 8
      vertex 40.9339 24.1964 8
    endloop
  endfacet
  facet normal -0 0 1
    outer loop
      vertex 40.8347 25.4072 8
      vertex 40.8666 24.4323 8
      vertex 40.8865 25.647 8
    endloop
  endfacet
  facet normal 0 0 1
    outer loop
      vertex 40.8347 25.4072 8
      vertex 40.8227 24.6737 8
      vertex 40.8666 24.4323 8
    endloop
  endfacet
  facet normal -0 0 1
    outer loop
      vertex 40.8066 25.1635 8
      vertex 40.8227 24.6737 8
      vertex 40.8347 25.4072 8
    endloop
  endfacet
  facet normal 0 0 1
    outer loop
      vertex 40.8227 24.6737 8
      vertex 40.8066 25.1635 8
      vertex 40.8026 24.9182 8
    endloop
  endfacet
  facet normal -0.993418 0.114547 0
    outer loop
      vertex 40.8066 25.1635 5
      vertex 40.8347 25.4072 8
      vertex 40.8347 25.4072 5
    endloop
  endfacet
  facet normal -0.993418 0.114547 0
    outer loop
      vertex 40.8347 25.4072 8
      vertex 40.8066 25.1635 5
      vertex 40.8066 25.1635 8
    endloop
  endfacet
  facet normal -0.274721 0.961524 0
    outer loop
      vertex 42.7336 27.4347 5
      vertex 42.4977 27.3673 8
      vertex 42.7336 27.4347 8
    endloop
  endfacet
  facet normal -0.274721 0.961524 0
    outer loop
      vertex 42.4977 27.3673 8
      vertex 42.7336 27.4347 5
      vertex 42.4977 27.3673 5
    endloop
  endfacet
  facet normal 0.305693 0.95213 -0
    outer loop
      vertex 44.1819 27.3398 5
      vertex 43.9483 27.4148 8
      vertex 44.1819 27.3398 8
    endloop
  endfacet
  facet normal 0.305693 0.95213 0
    outer loop
      vertex 43.9483 27.4148 8
      vertex 44.1819 27.3398 5
      vertex 43.9483 27.4148 5
    endloop
  endfacet
  facet normal 0.114144 0.993464 -0
    outer loop
      vertex 43.7085 27.4666 5
      vertex 43.4648 27.4946 8
      vertex 43.7085 27.4666 8
    endloop
  endfacet
  facet normal 0.114144 0.993464 0
    outer loop
      vertex 43.4648 27.4946 8
      vertex 43.7085 27.4666 5
      vertex 43.4648 27.4946 5
    endloop
  endfacet
  facet normal 0.0167119 0.99986 -0
    outer loop
      vertex 43.4648 27.4946 5
      vertex 43.2195 27.4987 8
      vertex 43.4648 27.4946 8
    endloop
  endfacet
  facet normal 0.0167119 0.99986 0
    outer loop
      vertex 43.2195 27.4987 8
      vertex 43.4648 27.4946 5
      vertex 43.2195 27.4987 5
    endloop
  endfacet
  facet normal -0.8741 0.485747 0
    outer loop
      vertex 41.0591 26.1057 5
      vertex 41.1783 26.3202 8
      vertex 41.1783 26.3202 5
    endloop
  endfacet
  facet normal -0.8741 0.485747 0
    outer loop
      vertex 41.1783 26.3202 8
      vertex 41.0591 26.1057 5
      vertex 41.0591 26.1057 8
    endloop
  endfacet
endsolid OpenSCAD_Model
