solid OpenSCAD_Model
  facet normal 0.998797 -0.0490418 0
    outer loop
      vertex -51.0385 58.2159 11
      vertex -51 59 7
      vertex -51 59 11
    endloop
  endfacet
  facet normal 0.998797 -0.0490418 0
    outer loop
      vertex -51 59 7
      vertex -51.0385 58.2159 11
      vertex -51.0385 58.2159 7
    endloop
  endfacet
  facet normal -0.998797 -0.0490418 0
    outer loop
      vertex -66.9615 58.2159 7
      vertex -67 59 11
      vertex -67 59 7
    endloop
  endfacet
  facet normal -0.998797 -0.0490418 0
    outer loop
      vertex -67 59 11
      vertex -66.9615 58.2159 7
      vertex -66.9615 58.2159 11
    endloop
  endfacet
  facet normal -0.67148 -0.741023 0
    outer loop
      vertex -64.6569 53.3431 7
      vertex -64.0751 52.8159 11
      vertex -64.6569 53.3431 11
    endloop
  endfacet
  facet normal -0.67148 -0.741023 -0
    outer loop
      vertex -64.0751 52.8159 11
      vertex -64.6569 53.3431 7
      vertex -64.0751 52.8159 7
    endloop
  endfacet
  facet normal 0.90402 -0.427489 0
    outer loop
      vertex -51.9446 55.2288 11
      vertex -51.609 55.9385 7
      vertex -51.609 55.9385 11
    endloop
  endfacet
  facet normal 0.90402 -0.427489 0
    outer loop
      vertex -51.609 55.9385 7
      vertex -51.9446 55.2288 11
      vertex -51.9446 55.2288 7
    endloop
  endfacet
  facet normal -0.90402 -0.427489 0
    outer loop
      vertex -66.0554 55.2288 7
      vertex -66.391 55.9385 11
      vertex -66.391 55.9385 7
    endloop
  endfacet
  facet normal -0.90402 -0.427489 0
    outer loop
      vertex -66.391 55.9385 11
      vertex -66.0554 55.2288 7
      vertex -66.0554 55.2288 11
    endloop
  endfacet
  facet normal 0 0 1
    outer loop
      vertex -51.0385 59.7841 11
      vertex -51.0385 58.2159 11
      vertex -51 59 11
    endloop
  endfacet
  facet normal 0 0 1
    outer loop
      vertex -51.1537 60.5607 11
      vertex -51.0385 58.2159 11
      vertex -51.0385 59.7841 11
    endloop
  endfacet
  facet normal 0 0 1
    outer loop
      vertex -51.1537 60.5607 11
      vertex -51.1537 57.4393 11
      vertex -51.0385 58.2159 11
    endloop
  endfacet
  facet normal 0 0 1
    outer loop
      vertex -51.3445 61.3223 11
      vertex -51.1537 57.4393 11
      vertex -51.1537 60.5607 11
    endloop
  endfacet
  facet normal 0 0 1
    outer loop
      vertex -51.3445 61.3223 11
      vertex -51.3445 56.6777 11
      vertex -51.1537 57.4393 11
    endloop
  endfacet
  facet normal 0 0 1
    outer loop
      vertex -51.609 62.0615 11
      vertex -51.3445 56.6777 11
      vertex -51.3445 61.3223 11
    endloop
  endfacet
  facet normal 0 0 1
    outer loop
      vertex -51.609 62.0615 11
      vertex -51.609 55.9385 11
      vertex -51.3445 56.6777 11
    endloop
  endfacet
  facet normal 0 0 1
    outer loop
      vertex -51.9446 62.7712 11
      vertex -51.609 55.9385 11
      vertex -51.609 62.0615 11
    endloop
  endfacet
  facet normal 0 0 1
    outer loop
      vertex -51.9446 62.7712 11
      vertex -51.9446 55.2288 11
      vertex -51.609 55.9385 11
    endloop
  endfacet
  facet normal 0 0 1
    outer loop
      vertex -52.3482 63.4446 11
      vertex -51.9446 55.2288 11
      vertex -51.9446 62.7712 11
    endloop
  endfacet
  facet normal 0 0 1
    outer loop
      vertex -52.3848 54.5061 11
      vertex -51.9446 55.2288 11
      vertex -52.3482 63.4446 11
    endloop
  endfacet
  facet normal 0 0 1
    outer loop
      vertex -51.9446 55.2288 11
      vertex -52.3848 54.5061 11
      vertex -52.3482 54.5554 11
    endloop
  endfacet
  facet normal 0 0 1
    outer loop
      vertex -52.8159 64.0751 11
      vertex -52.3848 54.5061 11
      vertex -52.3482 63.4446 11
    endloop
  endfacet
  facet normal 0 0 1
    outer loop
      vertex -53.3431 64.6569 11
      vertex -52.3848 54.5061 11
      vertex -52.8159 64.0751 11
    endloop
  endfacet
  facet normal 0 0 1
    outer loop
      vertex -53.9249 65.1841 11
      vertex -52.3848 54.5061 11
      vertex -53.3431 64.6569 11
    endloop
  endfacet
  facet normal 0 0 1
    outer loop
      vertex -54.5554 65.6518 11
      vertex -52.3848 54.5061 11
      vertex -53.9249 65.1841 11
    endloop
  endfacet
  facet normal 0 0 1
    outer loop
      vertex -55.2288 66.0554 11
      vertex -52.3848 54.5061 11
      vertex -54.5554 65.6518 11
    endloop
  endfacet
  facet normal 0 0 1
    outer loop
      vertex -55.9385 66.391 11
      vertex -52.3848 54.5061 11
      vertex -55.2288 66.0554 11
    endloop
  endfacet
  facet normal 0 0 1
    outer loop
      vertex -56.6777 66.6555 11
      vertex -52.3848 54.5061 11
      vertex -55.9385 66.391 11
    endloop
  endfacet
  facet normal 0 0 1
    outer loop
      vertex -57.4393 66.8463 11
      vertex -52.3848 54.5061 11
      vertex -56.6777 66.6555 11
    endloop
  endfacet
  facet normal 0 0 1
    outer loop
      vertex -58.2159 66.9615 11
      vertex -52.3848 54.5061 11
      vertex -57.4393 66.8463 11
    endloop
  endfacet
  facet normal 0 0 1
    outer loop
      vertex -59 67 11
      vertex -52.3848 54.5061 11
      vertex -58.2159 66.9615 11
    endloop
  endfacet
  facet normal -0 0 1
    outer loop
      vertex -59.7841 66.9615 11
      vertex -52.3848 54.5061 11
      vertex -59 67 11
    endloop
  endfacet
  facet normal -0 0 1
    outer loop
      vertex -60.5607 66.8463 11
      vertex -52.3848 54.5061 11
      vertex -59.7841 66.9615 11
    endloop
  endfacet
  facet normal -0 0 1
    outer loop
      vertex -61.3223 66.6555 11
      vertex -52.3848 54.5061 11
      vertex -60.5607 66.8463 11
    endloop
  endfacet
  facet normal -0 0 1
    outer loop
      vertex -62.0615 66.391 11
      vertex -52.3848 54.5061 11
      vertex -61.3223 66.6555 11
    endloop
  endfacet
  facet normal -0 0 1
    outer loop
      vertex -62.7712 66.0554 11
      vertex -52.3848 54.5061 11
      vertex -62.0615 66.391 11
    endloop
  endfacet
  facet normal 0 0 1
    outer loop
      vertex -63.4939 65.6152 11
      vertex -62.7712 66.0554 11
      vertex -63.4446 65.6518 11
    endloop
  endfacet
  facet normal 0 0 1
    outer loop
      vertex -62.7712 66.0554 11
      vertex -63.4939 65.6152 11
      vertex -52.3848 54.5061 11
    endloop
  endfacet
  facet normal 0 0 1
    outer loop
      vertex -64.6569 53.3431 11
      vertex -63.6492 52.5 11
      vertex -54.6213 52.5 11
    endloop
  endfacet
  facet normal 0 0 1
    outer loop
      vertex -63.6492 52.5 11
      vertex -64.6569 53.3431 11
      vertex -64.0751 52.8159 11
    endloop
  endfacet
  facet normal 0 0 1
    outer loop
      vertex -54.6213 52.5 11
      vertex -65.1841 53.9249 11
      vertex -64.6569 53.3431 11
    endloop
  endfacet
  facet normal 0 0 1
    outer loop
      vertex -65.6152 63.4939 11
      vertex -65.1841 53.9249 11
      vertex -54.6213 52.5 11
    endloop
  endfacet
  facet normal 0 0 1
    outer loop
      vertex -66.0554 62.7712 11
      vertex -65.6152 63.4939 11
      vertex -65.6518 63.4446 11
    endloop
  endfacet
  facet normal 0 0 1
    outer loop
      vertex -65.6152 63.4939 11
      vertex -65.6518 54.5554 11
      vertex -65.1841 53.9249 11
    endloop
  endfacet
  facet normal 0 0 1
    outer loop
      vertex -65.6152 63.4939 11
      vertex -66.0554 62.7712 11
      vertex -65.6518 54.5554 11
    endloop
  endfacet
  facet normal 0 0 1
    outer loop
      vertex -66.0554 62.7712 11
      vertex -66.0554 55.2288 11
      vertex -65.6518 54.5554 11
    endloop
  endfacet
  facet normal -0 0 1
    outer loop
      vertex -66.391 62.0615 11
      vertex -66.0554 55.2288 11
      vertex -66.0554 62.7712 11
    endloop
  endfacet
  facet normal 0 0 1
    outer loop
      vertex -66.391 62.0615 11
      vertex -66.391 55.9385 11
      vertex -66.0554 55.2288 11
    endloop
  endfacet
  facet normal -0 0 1
    outer loop
      vertex -66.6555 61.3223 11
      vertex -66.391 55.9385 11
      vertex -66.391 62.0615 11
    endloop
  endfacet
  facet normal 0 0 1
    outer loop
      vertex -66.6555 61.3223 11
      vertex -66.6555 56.6777 11
      vertex -66.391 55.9385 11
    endloop
  endfacet
  facet normal -0 0 1
    outer loop
      vertex -66.8463 60.5607 11
      vertex -66.6555 56.6777 11
      vertex -66.6555 61.3223 11
    endloop
  endfacet
  facet normal 0 0 1
    outer loop
      vertex -66.8463 60.5607 11
      vertex -66.8463 57.4393 11
      vertex -66.6555 56.6777 11
    endloop
  endfacet
  facet normal -0 0 1
    outer loop
      vertex -66.9615 59.7841 11
      vertex -66.8463 57.4393 11
      vertex -66.8463 60.5607 11
    endloop
  endfacet
  facet normal 0 0 1
    outer loop
      vertex -66.9615 59.7841 11
      vertex -66.9615 58.2159 11
      vertex -66.8463 57.4393 11
    endloop
  endfacet
  facet normal 0 -0 1
    outer loop
      vertex -66.9615 58.2159 11
      vertex -66.9615 59.7841 11
      vertex -67 59 11
    endloop
  endfacet
  facet normal 0.970023 -0.243015 0
    outer loop
      vertex -51.3445 56.6777 11
      vertex -51.1537 57.4393 7
      vertex -51.1537 57.4393 11
    endloop
  endfacet
  facet normal 0.970023 -0.243015 0
    outer loop
      vertex -51.1537 57.4393 7
      vertex -51.3445 56.6777 11
      vertex -51.3445 56.6777 7
    endloop
  endfacet
  facet normal 0.989176 -0.146733 0
    outer loop
      vertex -51.1537 57.4393 11
      vertex -51.0385 58.2159 7
      vertex -51.0385 58.2159 11
    endloop
  endfacet
  facet normal 0.989176 -0.146733 0
    outer loop
      vertex -51.0385 58.2159 7
      vertex -51.1537 57.4393 11
      vertex -51.1537 57.4393 7
    endloop
  endfacet
  facet normal 0.94154 -0.336901 0
    outer loop
      vertex -51.609 55.9385 11
      vertex -51.3445 56.6777 7
      vertex -51.3445 56.6777 11
    endloop
  endfacet
  facet normal 0.94154 -0.336901 0
    outer loop
      vertex -51.3445 56.6777 7
      vertex -51.609 55.9385 11
      vertex -51.609 55.9385 7
    endloop
  endfacet
  facet normal 0.802922 -0.596084 0
    outer loop
      vertex -52.3848 54.5061 11
      vertex -52.3482 54.5554 7
      vertex -52.3482 54.5554 11
    endloop
  endfacet
  facet normal 0.802922 -0.596084 0
    outer loop
      vertex -52.3482 54.5554 7
      vertex -52.3848 54.5061 11
      vertex -52.3848 54.5061 7
    endloop
  endfacet
  facet normal 0.85774 -0.514084 0
    outer loop
      vertex -52.3482 54.5554 11
      vertex -51.9446 55.2288 7
      vertex -51.9446 55.2288 11
    endloop
  endfacet
  facet normal 0.85774 -0.514084 0
    outer loop
      vertex -51.9446 55.2288 7
      vertex -52.3482 54.5554 11
      vertex -52.3482 54.5554 7
    endloop
  endfacet
  facet normal -0.970023 -0.243015 0
    outer loop
      vertex -66.6555 56.6777 7
      vertex -66.8463 57.4393 11
      vertex -66.8463 57.4393 7
    endloop
  endfacet
  facet normal -0.970023 -0.243015 0
    outer loop
      vertex -66.8463 57.4393 11
      vertex -66.6555 56.6777 7
      vertex -66.6555 56.6777 11
    endloop
  endfacet
  facet normal -0.803153 -0.595773 0
    outer loop
      vertex -65.1841 53.9249 7
      vertex -65.6518 54.5554 11
      vertex -65.6518 54.5554 7
    endloop
  endfacet
  facet normal -0.803153 -0.595773 0
    outer loop
      vertex -65.6518 54.5554 11
      vertex -65.1841 53.9249 7
      vertex -65.1841 53.9249 11
    endloop
  endfacet
  facet normal -0.741023 -0.67148 0
    outer loop
      vertex -64.6569 53.3431 7
      vertex -65.1841 53.9249 11
      vertex -65.1841 53.9249 7
    endloop
  endfacet
  facet normal -0.741023 -0.67148 0
    outer loop
      vertex -65.1841 53.9249 11
      vertex -64.6569 53.3431 7
      vertex -64.6569 53.3431 11
    endloop
  endfacet
  facet normal -0.85774 -0.514084 0
    outer loop
      vertex -65.6518 54.5554 7
      vertex -66.0554 55.2288 11
      vertex -66.0554 55.2288 7
    endloop
  endfacet
  facet normal -0.85774 -0.514084 0
    outer loop
      vertex -66.0554 55.2288 11
      vertex -65.6518 54.5554 7
      vertex -65.6518 54.5554 11
    endloop
  endfacet
  facet normal -0.94154 -0.336901 0
    outer loop
      vertex -66.391 55.9385 7
      vertex -66.6555 56.6777 11
      vertex -66.6555 56.6777 7
    endloop
  endfacet
  facet normal -0.94154 -0.336901 0
    outer loop
      vertex -66.6555 56.6777 11
      vertex -66.391 55.9385 7
      vertex -66.391 55.9385 11
    endloop
  endfacet
  facet normal -0.989176 -0.146733 0
    outer loop
      vertex -66.8463 57.4393 7
      vertex -66.9615 58.2159 11
      vertex -66.9615 58.2159 7
    endloop
  endfacet
  facet normal -0.989176 -0.146733 0
    outer loop
      vertex -66.9615 58.2159 11
      vertex -66.8463 57.4393 7
      vertex -66.8463 57.4393 11
    endloop
  endfacet
  facet normal -0.595737 -0.80318 0
    outer loop
      vertex -64.0751 52.8159 7
      vertex -63.6492 52.5 11
      vertex -64.0751 52.8159 11
    endloop
  endfacet
  facet normal -0.595737 -0.80318 -0
    outer loop
      vertex -63.6492 52.5 11
      vertex -64.0751 52.8159 7
      vertex -63.6492 52.5 7
    endloop
  endfacet
  facet normal 0.0490418 0.998797 -0
    outer loop
      vertex -58.2159 66.9615 7
      vertex -59 67 11
      vertex -58.2159 66.9615 11
    endloop
  endfacet
  facet normal 0.0490418 0.998797 0
    outer loop
      vertex -59 67 11
      vertex -58.2159 66.9615 7
      vertex -59 67 7
    endloop
  endfacet
  facet normal 0.243015 0.970023 -0
    outer loop
      vertex -56.6777 66.6555 7
      vertex -57.4393 66.8463 11
      vertex -56.6777 66.6555 11
    endloop
  endfacet
  facet normal 0.243015 0.970023 0
    outer loop
      vertex -57.4393 66.8463 11
      vertex -56.6777 66.6555 7
      vertex -57.4393 66.8463 7
    endloop
  endfacet
  facet normal 0.595773 0.803153 -0
    outer loop
      vertex -53.9249 65.1841 7
      vertex -54.5554 65.6518 11
      vertex -53.9249 65.1841 11
    endloop
  endfacet
  facet normal 0.595773 0.803153 0
    outer loop
      vertex -54.5554 65.6518 11
      vertex -53.9249 65.1841 7
      vertex -54.5554 65.6518 7
    endloop
  endfacet
  facet normal 0.427489 0.90402 -0
    outer loop
      vertex -55.2288 66.0554 7
      vertex -55.9385 66.391 11
      vertex -55.2288 66.0554 11
    endloop
  endfacet
  facet normal 0.427489 0.90402 0
    outer loop
      vertex -55.9385 66.391 11
      vertex -55.2288 66.0554 7
      vertex -55.9385 66.391 7
    endloop
  endfacet
  facet normal 0.741023 0.67148 0
    outer loop
      vertex -52.8159 64.0751 11
      vertex -53.3431 64.6569 7
      vertex -53.3431 64.6569 11
    endloop
  endfacet
  facet normal 0.741023 0.67148 0
    outer loop
      vertex -53.3431 64.6569 7
      vertex -52.8159 64.0751 11
      vertex -52.8159 64.0751 7
    endloop
  endfacet
  facet normal 0.85774 0.514084 0
    outer loop
      vertex -51.9446 62.7712 11
      vertex -52.3482 63.4446 7
      vertex -52.3482 63.4446 11
    endloop
  endfacet
  facet normal 0.85774 0.514084 0
    outer loop
      vertex -52.3482 63.4446 7
      vertex -51.9446 62.7712 11
      vertex -51.9446 62.7712 7
    endloop
  endfacet
  facet normal 0.94154 0.336901 0
    outer loop
      vertex -51.3445 61.3223 11
      vertex -51.609 62.0615 7
      vertex -51.609 62.0615 11
    endloop
  endfacet
  facet normal 0.94154 0.336901 0
    outer loop
      vertex -51.609 62.0615 7
      vertex -51.3445 61.3223 11
      vertex -51.3445 61.3223 7
    endloop
  endfacet
  facet normal 0.989176 0.146733 0
    outer loop
      vertex -51.0385 59.7841 11
      vertex -51.1537 60.5607 7
      vertex -51.1537 60.5607 11
    endloop
  endfacet
  facet normal 0.989176 0.146733 0
    outer loop
      vertex -51.1537 60.5607 7
      vertex -51.0385 59.7841 11
      vertex -51.0385 59.7841 7
    endloop
  endfacet
  facet normal -0.514084 0.85774 0
    outer loop
      vertex -62.7712 66.0554 7
      vertex -63.4446 65.6518 11
      vertex -62.7712 66.0554 11
    endloop
  endfacet
  facet normal -0.514084 0.85774 0
    outer loop
      vertex -63.4446 65.6518 11
      vertex -62.7712 66.0554 7
      vertex -63.4446 65.6518 7
    endloop
  endfacet
  facet normal -0.336901 0.94154 0
    outer loop
      vertex -61.3223 66.6555 7
      vertex -62.0615 66.391 11
      vertex -61.3223 66.6555 11
    endloop
  endfacet
  facet normal -0.336901 0.94154 0
    outer loop
      vertex -62.0615 66.391 11
      vertex -61.3223 66.6555 7
      vertex -62.0615 66.391 7
    endloop
  endfacet
  facet normal -0.146733 0.989176 0
    outer loop
      vertex -59.7841 66.9615 7
      vertex -60.5607 66.8463 11
      vertex -59.7841 66.9615 11
    endloop
  endfacet
  facet normal -0.146733 0.989176 0
    outer loop
      vertex -60.5607 66.8463 11
      vertex -59.7841 66.9615 7
      vertex -60.5607 66.8463 7
    endloop
  endfacet
  facet normal -0.90402 0.427489 0
    outer loop
      vertex -66.391 62.0615 7
      vertex -66.0554 62.7712 11
      vertex -66.0554 62.7712 7
    endloop
  endfacet
  facet normal -0.90402 0.427489 0
    outer loop
      vertex -66.0554 62.7712 11
      vertex -66.391 62.0615 7
      vertex -66.391 62.0615 11
    endloop
  endfacet
  facet normal -0.802922 0.596084 0
    outer loop
      vertex -65.6518 63.4446 7
      vertex -65.6152 63.4939 11
      vertex -65.6152 63.4939 7
    endloop
  endfacet
  facet normal -0.802922 0.596084 0
    outer loop
      vertex -65.6152 63.4939 11
      vertex -65.6518 63.4446 7
      vertex -65.6518 63.4446 11
    endloop
  endfacet
  facet normal -0.970023 0.243015 0
    outer loop
      vertex -66.8463 60.5607 7
      vertex -66.6555 61.3223 11
      vertex -66.6555 61.3223 7
    endloop
  endfacet
  facet normal -0.970023 0.243015 0
    outer loop
      vertex -66.6555 61.3223 11
      vertex -66.8463 60.5607 7
      vertex -66.8463 60.5607 11
    endloop
  endfacet
  facet normal -0.998797 0.0490418 0
    outer loop
      vertex -67 59 7
      vertex -66.9615 59.7841 11
      vertex -66.9615 59.7841 7
    endloop
  endfacet
  facet normal -0.998797 0.0490418 0
    outer loop
      vertex -66.9615 59.7841 11
      vertex -67 59 7
      vertex -67 59 11
    endloop
  endfacet
  facet normal 0.998797 0.0490418 0
    outer loop
      vertex -51 59 11
      vertex -51.0385 59.7841 7
      vertex -51.0385 59.7841 11
    endloop
  endfacet
  facet normal 0.998797 0.0490418 0
    outer loop
      vertex -51.0385 59.7841 7
      vertex -51 59 11
      vertex -51 59 7
    endloop
  endfacet
  facet normal 0.146733 0.989176 -0
    outer loop
      vertex -57.4393 66.8463 7
      vertex -58.2159 66.9615 11
      vertex -57.4393 66.8463 11
    endloop
  endfacet
  facet normal 0.146733 0.989176 0
    outer loop
      vertex -58.2159 66.9615 11
      vertex -57.4393 66.8463 7
      vertex -58.2159 66.9615 7
    endloop
  endfacet
  facet normal 0.336901 0.94154 -0
    outer loop
      vertex -55.9385 66.391 7
      vertex -56.6777 66.6555 11
      vertex -55.9385 66.391 11
    endloop
  endfacet
  facet normal 0.336901 0.94154 0
    outer loop
      vertex -56.6777 66.6555 11
      vertex -55.9385 66.391 7
      vertex -56.6777 66.6555 7
    endloop
  endfacet
  facet normal 0.67148 0.741023 -0
    outer loop
      vertex -53.3431 64.6569 7
      vertex -53.9249 65.1841 11
      vertex -53.3431 64.6569 11
    endloop
  endfacet
  facet normal 0.67148 0.741023 0
    outer loop
      vertex -53.9249 65.1841 11
      vertex -53.3431 64.6569 7
      vertex -53.9249 65.1841 7
    endloop
  endfacet
  facet normal 0.514084 0.85774 -0
    outer loop
      vertex -54.5554 65.6518 7
      vertex -55.2288 66.0554 11
      vertex -54.5554 65.6518 11
    endloop
  endfacet
  facet normal 0.514084 0.85774 0
    outer loop
      vertex -55.2288 66.0554 11
      vertex -54.5554 65.6518 7
      vertex -55.2288 66.0554 7
    endloop
  endfacet
  facet normal 0.803153 0.595773 0
    outer loop
      vertex -52.3482 63.4446 11
      vertex -52.8159 64.0751 7
      vertex -52.8159 64.0751 11
    endloop
  endfacet
  facet normal 0.803153 0.595773 0
    outer loop
      vertex -52.8159 64.0751 7
      vertex -52.3482 63.4446 11
      vertex -52.3482 63.4446 7
    endloop
  endfacet
  facet normal 0.90402 0.427489 0
    outer loop
      vertex -51.609 62.0615 11
      vertex -51.9446 62.7712 7
      vertex -51.9446 62.7712 11
    endloop
  endfacet
  facet normal 0.90402 0.427489 0
    outer loop
      vertex -51.9446 62.7712 7
      vertex -51.609 62.0615 11
      vertex -51.609 62.0615 7
    endloop
  endfacet
  facet normal 0.970023 0.243015 0
    outer loop
      vertex -51.1537 60.5607 11
      vertex -51.3445 61.3223 7
      vertex -51.3445 61.3223 11
    endloop
  endfacet
  facet normal 0.970023 0.243015 0
    outer loop
      vertex -51.3445 61.3223 7
      vertex -51.1537 60.5607 11
      vertex -51.1537 60.5607 7
    endloop
  endfacet
  facet normal -0.596084 0.802922 0
    outer loop
      vertex -63.4446 65.6518 7
      vertex -63.4939 65.6152 11
      vertex -63.4446 65.6518 11
    endloop
  endfacet
  facet normal -0.596084 0.802922 0
    outer loop
      vertex -63.4939 65.6152 11
      vertex -63.4446 65.6518 7
      vertex -63.4939 65.6152 7
    endloop
  endfacet
  facet normal -0.427489 0.90402 0
    outer loop
      vertex -62.0615 66.391 7
      vertex -62.7712 66.0554 11
      vertex -62.0615 66.391 11
    endloop
  endfacet
  facet normal -0.427489 0.90402 0
    outer loop
      vertex -62.7712 66.0554 11
      vertex -62.0615 66.391 7
      vertex -62.7712 66.0554 7
    endloop
  endfacet
  facet normal -0.243015 0.970023 0
    outer loop
      vertex -60.5607 66.8463 7
      vertex -61.3223 66.6555 11
      vertex -60.5607 66.8463 11
    endloop
  endfacet
  facet normal -0.243015 0.970023 0
    outer loop
      vertex -61.3223 66.6555 11
      vertex -60.5607 66.8463 7
      vertex -61.3223 66.6555 7
    endloop
  endfacet
  facet normal -0.0490418 0.998797 0
    outer loop
      vertex -59 67 7
      vertex -59.7841 66.9615 11
      vertex -59 67 11
    endloop
  endfacet
  facet normal -0.0490418 0.998797 0
    outer loop
      vertex -59.7841 66.9615 11
      vertex -59 67 7
      vertex -59.7841 66.9615 7
    endloop
  endfacet
  facet normal -0.85774 0.514084 0
    outer loop
      vertex -66.0554 62.7712 7
      vertex -65.6518 63.4446 11
      vertex -65.6518 63.4446 7
    endloop
  endfacet
  facet normal -0.85774 0.514084 0
    outer loop
      vertex -65.6518 63.4446 11
      vertex -66.0554 62.7712 7
      vertex -66.0554 62.7712 11
    endloop
  endfacet
  facet normal -0.94154 0.336901 0
    outer loop
      vertex -66.6555 61.3223 7
      vertex -66.391 62.0615 11
      vertex -66.391 62.0615 7
    endloop
  endfacet
  facet normal -0.94154 0.336901 0
    outer loop
      vertex -66.391 62.0615 11
      vertex -66.6555 61.3223 7
      vertex -66.6555 61.3223 11
    endloop
  endfacet
  facet normal -0.989176 0.146733 0
    outer loop
      vertex -66.9615 59.7841 7
      vertex -66.8463 60.5607 11
      vertex -66.8463 60.5607 7
    endloop
  endfacet
  facet normal -0.989176 0.146733 0
    outer loop
      vertex -66.8463 60.5607 11
      vertex -66.9615 59.7841 7
      vertex -66.9615 59.7841 11
    endloop
  endfacet
  facet normal 0.90402 -0.427489 0
    outer loop
      vertex -51.9446 -62.7712 11
      vertex -51.609 -62.0615 7
      vertex -51.609 -62.0615 11
    endloop
  endfacet
  facet normal 0.90402 -0.427489 0
    outer loop
      vertex -51.609 -62.0615 7
      vertex -51.9446 -62.7712 11
      vertex -51.9446 -62.7712 7
    endloop
  endfacet
  facet normal 0.427489 -0.90402 0
    outer loop
      vertex -55.9385 -66.391 7
      vertex -55.2288 -66.0554 11
      vertex -55.9385 -66.391 11
    endloop
  endfacet
  facet normal 0.427489 -0.90402 0
    outer loop
      vertex -55.2288 -66.0554 11
      vertex -55.9385 -66.391 7
      vertex -55.2288 -66.0554 7
    endloop
  endfacet
  facet normal -0.336901 -0.94154 0
    outer loop
      vertex -62.0615 -66.391 7
      vertex -61.3223 -66.6555 11
      vertex -62.0615 -66.391 11
    endloop
  endfacet
  facet normal -0.336901 -0.94154 -0
    outer loop
      vertex -61.3223 -66.6555 11
      vertex -62.0615 -66.391 7
      vertex -61.3223 -66.6555 7
    endloop
  endfacet
  facet normal -0.90402 -0.427489 0
    outer loop
      vertex -66.0554 -62.7712 7
      vertex -66.391 -62.0615 11
      vertex -66.391 -62.0615 7
    endloop
  endfacet
  facet normal -0.90402 -0.427489 0
    outer loop
      vertex -66.391 -62.0615 11
      vertex -66.0554 -62.7712 7
      vertex -66.0554 -62.7712 11
    endloop
  endfacet
  facet normal 0.998797 0.0490418 0
    outer loop
      vertex -51 -59 11
      vertex -51.0385 -58.2159 7
      vertex -51.0385 -58.2159 11
    endloop
  endfacet
  facet normal 0.998797 0.0490418 0
    outer loop
      vertex -51.0385 -58.2159 7
      vertex -51 -59 11
      vertex -51 -59 7
    endloop
  endfacet
  facet normal 0.146733 -0.989176 0
    outer loop
      vertex -58.2159 -66.9615 7
      vertex -57.4393 -66.8463 11
      vertex -58.2159 -66.9615 11
    endloop
  endfacet
  facet normal 0.146733 -0.989176 0
    outer loop
      vertex -57.4393 -66.8463 11
      vertex -58.2159 -66.9615 7
      vertex -57.4393 -66.8463 7
    endloop
  endfacet
  facet normal 0.595773 -0.803153 0
    outer loop
      vertex -54.5554 -65.6518 7
      vertex -53.9249 -65.1841 11
      vertex -54.5554 -65.6518 11
    endloop
  endfacet
  facet normal 0.595773 -0.803153 0
    outer loop
      vertex -53.9249 -65.1841 11
      vertex -54.5554 -65.6518 7
      vertex -53.9249 -65.1841 7
    endloop
  endfacet
  facet normal -0.989176 -0.146733 0
    outer loop
      vertex -66.8463 -60.5607 7
      vertex -66.9615 -59.7841 11
      vertex -66.9615 -59.7841 7
    endloop
  endfacet
  facet normal -0.989176 -0.146733 0
    outer loop
      vertex -66.9615 -59.7841 11
      vertex -66.8463 -60.5607 7
      vertex -66.8463 -60.5607 11
    endloop
  endfacet
  facet normal -0.146733 -0.989176 0
    outer loop
      vertex -60.5607 -66.8463 7
      vertex -59.7841 -66.9615 11
      vertex -60.5607 -66.8463 11
    endloop
  endfacet
  facet normal -0.146733 -0.989176 -0
    outer loop
      vertex -59.7841 -66.9615 11
      vertex -60.5607 -66.8463 7
      vertex -59.7841 -66.9615 7
    endloop
  endfacet
  facet normal -0.67148 0.741023 0
    outer loop
      vertex -64.0751 -52.8159 7
      vertex -64.6569 -53.3431 11
      vertex -64.0751 -52.8159 11
    endloop
  endfacet
  facet normal -0.67148 0.741023 0
    outer loop
      vertex -64.6569 -53.3431 11
      vertex -64.0751 -52.8159 7
      vertex -64.6569 -53.3431 7
    endloop
  endfacet
  facet normal 0.85774 -0.514084 0
    outer loop
      vertex -52.3482 -63.4446 11
      vertex -51.9446 -62.7712 7
      vertex -51.9446 -62.7712 11
    endloop
  endfacet
  facet normal 0.85774 -0.514084 0
    outer loop
      vertex -51.9446 -62.7712 7
      vertex -52.3482 -63.4446 11
      vertex -52.3482 -63.4446 7
    endloop
  endfacet
  facet normal 0.741023 -0.67148 0
    outer loop
      vertex -53.3431 -64.6569 11
      vertex -52.8159 -64.0751 7
      vertex -52.8159 -64.0751 11
    endloop
  endfacet
  facet normal 0.741023 -0.67148 0
    outer loop
      vertex -52.8159 -64.0751 7
      vertex -53.3431 -64.6569 11
      vertex -53.3431 -64.6569 7
    endloop
  endfacet
  facet normal 0.803153 -0.595773 0
    outer loop
      vertex -52.8159 -64.0751 11
      vertex -52.3482 -63.4446 7
      vertex -52.3482 -63.4446 11
    endloop
  endfacet
  facet normal 0.803153 -0.595773 0
    outer loop
      vertex -52.3482 -63.4446 7
      vertex -52.8159 -64.0751 11
      vertex -52.8159 -64.0751 7
    endloop
  endfacet
  facet normal 0.0490418 -0.998797 0
    outer loop
      vertex -59 -67 7
      vertex -58.2159 -66.9615 11
      vertex -59 -67 11
    endloop
  endfacet
  facet normal 0.0490418 -0.998797 0
    outer loop
      vertex -58.2159 -66.9615 11
      vertex -59 -67 7
      vertex -58.2159 -66.9615 7
    endloop
  endfacet
  facet normal 0.336901 -0.94154 0
    outer loop
      vertex -56.6777 -66.6555 7
      vertex -55.9385 -66.391 11
      vertex -56.6777 -66.6555 11
    endloop
  endfacet
  facet normal 0.336901 -0.94154 0
    outer loop
      vertex -55.9385 -66.391 11
      vertex -56.6777 -66.6555 7
      vertex -55.9385 -66.391 7
    endloop
  endfacet
  facet normal 0.243015 -0.970023 0
    outer loop
      vertex -57.4393 -66.8463 7
      vertex -56.6777 -66.6555 11
      vertex -57.4393 -66.8463 11
    endloop
  endfacet
  facet normal 0.243015 -0.970023 0
    outer loop
      vertex -56.6777 -66.6555 11
      vertex -57.4393 -66.8463 7
      vertex -56.6777 -66.6555 7
    endloop
  endfacet
  facet normal 0.514084 -0.85774 0
    outer loop
      vertex -55.2288 -66.0554 7
      vertex -54.5554 -65.6518 11
      vertex -55.2288 -66.0554 11
    endloop
  endfacet
  facet normal 0.514084 -0.85774 0
    outer loop
      vertex -54.5554 -65.6518 11
      vertex -55.2288 -66.0554 7
      vertex -54.5554 -65.6518 7
    endloop
  endfacet
  facet normal 0.67148 -0.741023 0
    outer loop
      vertex -53.9249 -65.1841 7
      vertex -53.3431 -64.6569 11
      vertex -53.9249 -65.1841 11
    endloop
  endfacet
  facet normal 0.67148 -0.741023 0
    outer loop
      vertex -53.3431 -64.6569 11
      vertex -53.9249 -65.1841 7
      vertex -53.3431 -64.6569 7
    endloop
  endfacet
  facet normal -0.998797 -0.0490418 0
    outer loop
      vertex -66.9615 -59.7841 7
      vertex -67 -59 11
      vertex -67 -59 7
    endloop
  endfacet
  facet normal -0.998797 -0.0490418 0
    outer loop
      vertex -67 -59 11
      vertex -66.9615 -59.7841 7
      vertex -66.9615 -59.7841 11
    endloop
  endfacet
  facet normal -0.94154 -0.336901 0
    outer loop
      vertex -66.391 -62.0615 7
      vertex -66.6555 -61.3223 11
      vertex -66.6555 -61.3223 7
    endloop
  endfacet
  facet normal -0.94154 -0.336901 0
    outer loop
      vertex -66.6555 -61.3223 11
      vertex -66.391 -62.0615 7
      vertex -66.391 -62.0615 11
    endloop
  endfacet
  facet normal -0.970023 -0.243015 0
    outer loop
      vertex -66.6555 -61.3223 7
      vertex -66.8463 -60.5607 11
      vertex -66.8463 -60.5607 7
    endloop
  endfacet
  facet normal -0.970023 -0.243015 0
    outer loop
      vertex -66.8463 -60.5607 11
      vertex -66.6555 -61.3223 7
      vertex -66.6555 -61.3223 11
    endloop
  endfacet
  facet normal -0.85774 -0.514084 0
    outer loop
      vertex -65.6518 -63.4446 7
      vertex -66.0554 -62.7712 11
      vertex -66.0554 -62.7712 7
    endloop
  endfacet
  facet normal -0.85774 -0.514084 0
    outer loop
      vertex -66.0554 -62.7712 11
      vertex -65.6518 -63.4446 7
      vertex -65.6518 -63.4446 11
    endloop
  endfacet
  facet normal -0.802922 -0.596084 0
    outer loop
      vertex -65.6152 -63.4939 7
      vertex -65.6518 -63.4446 11
      vertex -65.6518 -63.4446 7
    endloop
  endfacet
  facet normal -0.802922 -0.596084 0
    outer loop
      vertex -65.6518 -63.4446 11
      vertex -65.6152 -63.4939 7
      vertex -65.6152 -63.4939 11
    endloop
  endfacet
  facet normal -0.243015 -0.970023 0
    outer loop
      vertex -61.3223 -66.6555 7
      vertex -60.5607 -66.8463 11
      vertex -61.3223 -66.6555 11
    endloop
  endfacet
  facet normal -0.243015 -0.970023 -0
    outer loop
      vertex -60.5607 -66.8463 11
      vertex -61.3223 -66.6555 7
      vertex -60.5607 -66.8463 7
    endloop
  endfacet
  facet normal -0.0490418 -0.998797 0
    outer loop
      vertex -59.7841 -66.9615 7
      vertex -59 -67 11
      vertex -59.7841 -66.9615 11
    endloop
  endfacet
  facet normal -0.0490418 -0.998797 -0
    outer loop
      vertex -59 -67 11
      vertex -59.7841 -66.9615 7
      vertex -59 -67 7
    endloop
  endfacet
  facet normal -0.514084 -0.85774 0
    outer loop
      vertex -63.4446 -65.6518 7
      vertex -62.7712 -66.0554 11
      vertex -63.4446 -65.6518 11
    endloop
  endfacet
  facet normal -0.514084 -0.85774 -0
    outer loop
      vertex -62.7712 -66.0554 11
      vertex -63.4446 -65.6518 7
      vertex -62.7712 -66.0554 7
    endloop
  endfacet
  facet normal -0.596084 -0.802922 0
    outer loop
      vertex -63.4939 -65.6152 7
      vertex -63.4446 -65.6518 11
      vertex -63.4939 -65.6152 11
    endloop
  endfacet
  facet normal -0.596084 -0.802922 -0
    outer loop
      vertex -63.4446 -65.6518 11
      vertex -63.4939 -65.6152 7
      vertex -63.4446 -65.6518 7
    endloop
  endfacet
  facet normal -0.427489 -0.90402 0
    outer loop
      vertex -62.7712 -66.0554 7
      vertex -62.0615 -66.391 11
      vertex -62.7712 -66.0554 11
    endloop
  endfacet
  facet normal -0.427489 -0.90402 -0
    outer loop
      vertex -62.0615 -66.391 11
      vertex -62.7712 -66.0554 7
      vertex -62.0615 -66.391 7
    endloop
  endfacet
  facet normal 0.998797 -0.0490418 0
    outer loop
      vertex -51.0385 -59.7841 11
      vertex -51 -59 7
      vertex -51 -59 11
    endloop
  endfacet
  facet normal 0.998797 -0.0490418 0
    outer loop
      vertex -51 -59 7
      vertex -51.0385 -59.7841 11
      vertex -51.0385 -59.7841 7
    endloop
  endfacet
  facet normal 0.970023 0.243015 0
    outer loop
      vertex -51.1537 -57.4393 11
      vertex -51.3445 -56.6777 7
      vertex -51.3445 -56.6777 11
    endloop
  endfacet
  facet normal 0.970023 0.243015 0
    outer loop
      vertex -51.3445 -56.6777 7
      vertex -51.1537 -57.4393 11
      vertex -51.1537 -57.4393 7
    endloop
  endfacet
  facet normal -0.803153 0.595773 0
    outer loop
      vertex -65.6518 -54.5554 7
      vertex -65.1841 -53.9249 11
      vertex -65.1841 -53.9249 7
    endloop
  endfacet
  facet normal -0.803153 0.595773 0
    outer loop
      vertex -65.1841 -53.9249 11
      vertex -65.6518 -54.5554 7
      vertex -65.6518 -54.5554 11
    endloop
  endfacet
  facet normal 0.94154 -0.336901 0
    outer loop
      vertex -51.609 -62.0615 11
      vertex -51.3445 -61.3223 7
      vertex -51.3445 -61.3223 11
    endloop
  endfacet
  facet normal 0.94154 -0.336901 0
    outer loop
      vertex -51.3445 -61.3223 7
      vertex -51.609 -62.0615 11
      vertex -51.609 -62.0615 7
    endloop
  endfacet
  facet normal 0.970023 -0.243015 0
    outer loop
      vertex -51.3445 -61.3223 11
      vertex -51.1537 -60.5607 7
      vertex -51.1537 -60.5607 11
    endloop
  endfacet
  facet normal 0.970023 -0.243015 0
    outer loop
      vertex -51.1537 -60.5607 7
      vertex -51.3445 -61.3223 11
      vertex -51.3445 -61.3223 7
    endloop
  endfacet
  facet normal 0.989176 -0.146733 0
    outer loop
      vertex -51.1537 -60.5607 11
      vertex -51.0385 -59.7841 7
      vertex -51.0385 -59.7841 11
    endloop
  endfacet
  facet normal 0.989176 -0.146733 0
    outer loop
      vertex -51.0385 -59.7841 7
      vertex -51.1537 -60.5607 11
      vertex -51.1537 -60.5607 7
    endloop
  endfacet
  facet normal 0.989176 0.146733 0
    outer loop
      vertex -51.0385 -58.2159 11
      vertex -51.1537 -57.4393 7
      vertex -51.1537 -57.4393 11
    endloop
  endfacet
  facet normal 0.989176 0.146733 0
    outer loop
      vertex -51.1537 -57.4393 7
      vertex -51.0385 -58.2159 11
      vertex -51.0385 -58.2159 7
    endloop
  endfacet
  facet normal 0.90402 0.427489 0
    outer loop
      vertex -51.609 -55.9385 11
      vertex -51.9446 -55.2288 7
      vertex -51.9446 -55.2288 11
    endloop
  endfacet
  facet normal 0.90402 0.427489 0
    outer loop
      vertex -51.9446 -55.2288 7
      vertex -51.609 -55.9385 11
      vertex -51.609 -55.9385 7
    endloop
  endfacet
  facet normal 0.94154 0.336901 0
    outer loop
      vertex -51.3445 -56.6777 11
      vertex -51.609 -55.9385 7
      vertex -51.609 -55.9385 11
    endloop
  endfacet
  facet normal 0.94154 0.336901 0
    outer loop
      vertex -51.609 -55.9385 7
      vertex -51.3445 -56.6777 11
      vertex -51.3445 -56.6777 7
    endloop
  endfacet
  facet normal 0.802922 0.596084 0
    outer loop
      vertex -52.3482 -54.5554 11
      vertex -52.3848 -54.5061 7
      vertex -52.3848 -54.5061 11
    endloop
  endfacet
  facet normal 0.802922 0.596084 0
    outer loop
      vertex -52.3848 -54.5061 7
      vertex -52.3482 -54.5554 11
      vertex -52.3482 -54.5554 7
    endloop
  endfacet
  facet normal -0.998797 0.0490418 0
    outer loop
      vertex -67 -59 7
      vertex -66.9615 -58.2159 11
      vertex -66.9615 -58.2159 7
    endloop
  endfacet
  facet normal -0.998797 0.0490418 0
    outer loop
      vertex -66.9615 -58.2159 11
      vertex -67 -59 7
      vertex -67 -59 11
    endloop
  endfacet
  facet normal -0.94154 0.336901 0
    outer loop
      vertex -66.6555 -56.6777 7
      vertex -66.391 -55.9385 11
      vertex -66.391 -55.9385 7
    endloop
  endfacet
  facet normal -0.94154 0.336901 0
    outer loop
      vertex -66.391 -55.9385 11
      vertex -66.6555 -56.6777 7
      vertex -66.6555 -56.6777 11
    endloop
  endfacet
  facet normal -0.970023 0.243015 0
    outer loop
      vertex -66.8463 -57.4393 7
      vertex -66.6555 -56.6777 11
      vertex -66.6555 -56.6777 7
    endloop
  endfacet
  facet normal -0.970023 0.243015 0
    outer loop
      vertex -66.6555 -56.6777 11
      vertex -66.8463 -57.4393 7
      vertex -66.8463 -57.4393 11
    endloop
  endfacet
  facet normal -0.741023 0.67148 0
    outer loop
      vertex -65.1841 -53.9249 7
      vertex -64.6569 -53.3431 11
      vertex -64.6569 -53.3431 7
    endloop
  endfacet
  facet normal -0.741023 0.67148 0
    outer loop
      vertex -64.6569 -53.3431 11
      vertex -65.1841 -53.9249 7
      vertex -65.1841 -53.9249 11
    endloop
  endfacet
  facet normal 0.85774 0.514084 0
    outer loop
      vertex -51.9446 -55.2288 11
      vertex -52.3482 -54.5554 7
      vertex -52.3482 -54.5554 11
    endloop
  endfacet
  facet normal 0.85774 0.514084 0
    outer loop
      vertex -52.3482 -54.5554 7
      vertex -51.9446 -55.2288 11
      vertex -51.9446 -55.2288 7
    endloop
  endfacet
  facet normal 0 0 1
    outer loop
      vertex -51.0385 -58.2159 11
      vertex -51.0385 -59.7841 11
      vertex -51 -59 11
    endloop
  endfacet
  facet normal 0 0 1
    outer loop
      vertex -51.1537 -57.4393 11
      vertex -51.0385 -59.7841 11
      vertex -51.0385 -58.2159 11
    endloop
  endfacet
  facet normal 0 0 1
    outer loop
      vertex -51.1537 -57.4393 11
      vertex -51.1537 -60.5607 11
      vertex -51.0385 -59.7841 11
    endloop
  endfacet
  facet normal 0 0 1
    outer loop
      vertex -51.3445 -56.6777 11
      vertex -51.1537 -60.5607 11
      vertex -51.1537 -57.4393 11
    endloop
  endfacet
  facet normal 0 0 1
    outer loop
      vertex -51.3445 -56.6777 11
      vertex -51.3445 -61.3223 11
      vertex -51.1537 -60.5607 11
    endloop
  endfacet
  facet normal 0 0 1
    outer loop
      vertex -51.609 -55.9385 11
      vertex -51.3445 -61.3223 11
      vertex -51.3445 -56.6777 11
    endloop
  endfacet
  facet normal 0 0 1
    outer loop
      vertex -51.609 -55.9385 11
      vertex -51.609 -62.0615 11
      vertex -51.3445 -61.3223 11
    endloop
  endfacet
  facet normal 0 0 1
    outer loop
      vertex -51.9446 -55.2288 11
      vertex -51.609 -62.0615 11
      vertex -51.609 -55.9385 11
    endloop
  endfacet
  facet normal 0 0 1
    outer loop
      vertex -51.9446 -55.2288 11
      vertex -51.9446 -62.7712 11
      vertex -51.609 -62.0615 11
    endloop
  endfacet
  facet normal 0 0 1
    outer loop
      vertex -52.3848 -54.5061 11
      vertex -51.9446 -55.2288 11
      vertex -52.3482 -54.5554 11
    endloop
  endfacet
  facet normal 0 0 1
    outer loop
      vertex -51.9446 -55.2288 11
      vertex -52.3848 -54.5061 11
      vertex -51.9446 -62.7712 11
    endloop
  endfacet
  facet normal 0 0 1
    outer loop
      vertex -51.9446 -62.7712 11
      vertex -52.3848 -54.5061 11
      vertex -52.3482 -63.4446 11
    endloop
  endfacet
  facet normal 0 0 1
    outer loop
      vertex -52.3848 -54.5061 11
      vertex -52.8159 -64.0751 11
      vertex -52.3482 -63.4446 11
    endloop
  endfacet
  facet normal 0 0 1
    outer loop
      vertex -52.3848 -54.5061 11
      vertex -53.3431 -64.6569 11
      vertex -52.8159 -64.0751 11
    endloop
  endfacet
  facet normal 0 0 1
    outer loop
      vertex -52.3848 -54.5061 11
      vertex -53.9249 -65.1841 11
      vertex -53.3431 -64.6569 11
    endloop
  endfacet
  facet normal 0 0 1
    outer loop
      vertex -52.3848 -54.5061 11
      vertex -54.5554 -65.6518 11
      vertex -53.9249 -65.1841 11
    endloop
  endfacet
  facet normal 0 0 1
    outer loop
      vertex -52.3848 -54.5061 11
      vertex -55.2288 -66.0554 11
      vertex -54.5554 -65.6518 11
    endloop
  endfacet
  facet normal 0 0 1
    outer loop
      vertex -52.3848 -54.5061 11
      vertex -55.9385 -66.391 11
      vertex -55.2288 -66.0554 11
    endloop
  endfacet
  facet normal 0 0 1
    outer loop
      vertex -52.3848 -54.5061 11
      vertex -56.6777 -66.6555 11
      vertex -55.9385 -66.391 11
    endloop
  endfacet
  facet normal 0 0 1
    outer loop
      vertex -52.3848 -54.5061 11
      vertex -57.4393 -66.8463 11
      vertex -56.6777 -66.6555 11
    endloop
  endfacet
  facet normal 0 0 1
    outer loop
      vertex -52.3848 -54.5061 11
      vertex -58.2159 -66.9615 11
      vertex -57.4393 -66.8463 11
    endloop
  endfacet
  facet normal 0 0 1
    outer loop
      vertex -52.3848 -54.5061 11
      vertex -59 -67 11
      vertex -58.2159 -66.9615 11
    endloop
  endfacet
  facet normal 0 0 1
    outer loop
      vertex -52.3848 -54.5061 11
      vertex -59.7841 -66.9615 11
      vertex -59 -67 11
    endloop
  endfacet
  facet normal 0 0 1
    outer loop
      vertex -52.3848 -54.5061 11
      vertex -60.5607 -66.8463 11
      vertex -59.7841 -66.9615 11
    endloop
  endfacet
  facet normal 0 0 1
    outer loop
      vertex -52.3848 -54.5061 11
      vertex -61.3223 -66.6555 11
      vertex -60.5607 -66.8463 11
    endloop
  endfacet
  facet normal 0 0 1
    outer loop
      vertex -52.3848 -54.5061 11
      vertex -62.0615 -66.391 11
      vertex -61.3223 -66.6555 11
    endloop
  endfacet
  facet normal 0 0 1
    outer loop
      vertex -52.3848 -54.5061 11
      vertex -62.7712 -66.0554 11
      vertex -62.0615 -66.391 11
    endloop
  endfacet
  facet normal -0 0 1
    outer loop
      vertex -63.4939 -65.6152 11
      vertex -62.7712 -66.0554 11
      vertex -52.3848 -54.5061 11
    endloop
  endfacet
  facet normal 0 0 1
    outer loop
      vertex -62.7712 -66.0554 11
      vertex -63.4939 -65.6152 11
      vertex -63.4446 -65.6518 11
    endloop
  endfacet
  facet normal 0 0 1
    outer loop
      vertex -64.6569 -53.3431 11
      vertex -63.6492 -52.5 11
      vertex -64.0751 -52.8159 11
    endloop
  endfacet
  facet normal -0 0 1
    outer loop
      vertex -63.6492 -52.5 11
      vertex -64.6569 -53.3431 11
      vertex -54.6213 -52.5 11
    endloop
  endfacet
  facet normal 0 0 1
    outer loop
      vertex -65.1841 -53.9249 11
      vertex -54.6213 -52.5 11
      vertex -64.6569 -53.3431 11
    endloop
  endfacet
  facet normal -0 0 1
    outer loop
      vertex -65.1841 -53.9249 11
      vertex -65.6152 -63.4939 11
      vertex -54.6213 -52.5 11
    endloop
  endfacet
  facet normal -0 0 1
    outer loop
      vertex -65.6518 -54.5554 11
      vertex -65.6152 -63.4939 11
      vertex -65.1841 -53.9249 11
    endloop
  endfacet
  facet normal -0 0 1
    outer loop
      vertex -66.0554 -55.2288 11
      vertex -65.6152 -63.4939 11
      vertex -65.6518 -54.5554 11
    endloop
  endfacet
  facet normal -0 0 1
    outer loop
      vertex -66.0554 -62.7712 11
      vertex -65.6152 -63.4939 11
      vertex -66.0554 -55.2288 11
    endloop
  endfacet
  facet normal 0 0 1
    outer loop
      vertex -65.6152 -63.4939 11
      vertex -66.0554 -62.7712 11
      vertex -65.6518 -63.4446 11
    endloop
  endfacet
  facet normal -0 0 1
    outer loop
      vertex -66.391 -55.9385 11
      vertex -66.0554 -62.7712 11
      vertex -66.0554 -55.2288 11
    endloop
  endfacet
  facet normal 0 0 1
    outer loop
      vertex -66.391 -55.9385 11
      vertex -66.391 -62.0615 11
      vertex -66.0554 -62.7712 11
    endloop
  endfacet
  facet normal -0 0 1
    outer loop
      vertex -66.6555 -56.6777 11
      vertex -66.391 -62.0615 11
      vertex -66.391 -55.9385 11
    endloop
  endfacet
  facet normal 0 0 1
    outer loop
      vertex -66.6555 -56.6777 11
      vertex -66.6555 -61.3223 11
      vertex -66.391 -62.0615 11
    endloop
  endfacet
  facet normal -0 0 1
    outer loop
      vertex -66.8463 -57.4393 11
      vertex -66.6555 -61.3223 11
      vertex -66.6555 -56.6777 11
    endloop
  endfacet
  facet normal 0 0 1
    outer loop
      vertex -66.8463 -57.4393 11
      vertex -66.8463 -60.5607 11
      vertex -66.6555 -61.3223 11
    endloop
  endfacet
  facet normal -0 0 1
    outer loop
      vertex -66.9615 -58.2159 11
      vertex -66.8463 -60.5607 11
      vertex -66.8463 -57.4393 11
    endloop
  endfacet
  facet normal 0 0 1
    outer loop
      vertex -66.9615 -58.2159 11
      vertex -66.9615 -59.7841 11
      vertex -66.8463 -60.5607 11
    endloop
  endfacet
  facet normal 0 -0 1
    outer loop
      vertex -66.9615 -59.7841 11
      vertex -66.9615 -58.2159 11
      vertex -67 -59 11
    endloop
  endfacet
  facet normal -0.989176 0.146733 0
    outer loop
      vertex -66.9615 -58.2159 7
      vertex -66.8463 -57.4393 11
      vertex -66.8463 -57.4393 7
    endloop
  endfacet
  facet normal -0.989176 0.146733 0
    outer loop
      vertex -66.8463 -57.4393 11
      vertex -66.9615 -58.2159 7
      vertex -66.9615 -58.2159 11
    endloop
  endfacet
  facet normal -0.85774 0.514084 0
    outer loop
      vertex -66.0554 -55.2288 7
      vertex -65.6518 -54.5554 11
      vertex -65.6518 -54.5554 7
    endloop
  endfacet
  facet normal -0.85774 0.514084 0
    outer loop
      vertex -65.6518 -54.5554 11
      vertex -66.0554 -55.2288 7
      vertex -66.0554 -55.2288 11
    endloop
  endfacet
  facet normal -0.90402 0.427489 0
    outer loop
      vertex -66.391 -55.9385 7
      vertex -66.0554 -55.2288 11
      vertex -66.0554 -55.2288 7
    endloop
  endfacet
  facet normal -0.90402 0.427489 0
    outer loop
      vertex -66.0554 -55.2288 11
      vertex -66.391 -55.9385 7
      vertex -66.391 -55.9385 11
    endloop
  endfacet
  facet normal -0.595737 0.80318 0
    outer loop
      vertex -63.6492 -52.5 7
      vertex -64.0751 -52.8159 11
      vertex -63.6492 -52.5 11
    endloop
  endfacet
  facet normal -0.595737 0.80318 0
    outer loop
      vertex -64.0751 -52.8159 11
      vertex -63.6492 -52.5 7
      vertex -64.0751 -52.8159 7
    endloop
  endfacet
  facet normal 0.998797 -0.0490418 0
    outer loop
      vertex 66.9615 58.2159 11
      vertex 67 59 7
      vertex 67 59 11
    endloop
  endfacet
  facet normal 0.998797 -0.0490418 0
    outer loop
      vertex 67 59 7
      vertex 66.9615 58.2159 11
      vertex 66.9615 58.2159 7
    endloop
  endfacet
  facet normal -0.998797 0.0490418 0
    outer loop
      vertex 51 59 7
      vertex 51.0385 59.7841 11
      vertex 51.0385 59.7841 7
    endloop
  endfacet
  facet normal -0.998797 0.0490418 0
    outer loop
      vertex 51.0385 59.7841 11
      vertex 51 59 7
      vertex 51 59 11
    endloop
  endfacet
  facet normal 0.0490418 0.998797 -0
    outer loop
      vertex 59.7841 66.9615 7
      vertex 59 67 11
      vertex 59.7841 66.9615 11
    endloop
  endfacet
  facet normal 0.0490418 0.998797 0
    outer loop
      vertex 59 67 11
      vertex 59.7841 66.9615 7
      vertex 59 67 7
    endloop
  endfacet
  facet normal 0.67148 -0.741023 0
    outer loop
      vertex 64.0751 52.8159 7
      vertex 64.6569 53.3431 11
      vertex 64.0751 52.8159 11
    endloop
  endfacet
  facet normal 0.67148 -0.741023 0
    outer loop
      vertex 64.6569 53.3431 11
      vertex 64.0751 52.8159 7
      vertex 64.6569 53.3431 7
    endloop
  endfacet
  facet normal 0.90402 -0.427489 0
    outer loop
      vertex 66.0554 55.2288 11
      vertex 66.391 55.9385 7
      vertex 66.391 55.9385 11
    endloop
  endfacet
  facet normal 0.90402 -0.427489 0
    outer loop
      vertex 66.391 55.9385 7
      vertex 66.0554 55.2288 11
      vertex 66.0554 55.2288 7
    endloop
  endfacet
  facet normal -0.90402 -0.427489 0
    outer loop
      vertex 51.9446 55.2288 7
      vertex 51.609 55.9385 11
      vertex 51.609 55.9385 7
    endloop
  endfacet
  facet normal -0.90402 -0.427489 0
    outer loop
      vertex 51.609 55.9385 11
      vertex 51.9446 55.2288 7
      vertex 51.9446 55.2288 11
    endloop
  endfacet
  facet normal -0.85774 -0.514084 0
    outer loop
      vertex 52.3482 54.5554 7
      vertex 51.9446 55.2288 11
      vertex 51.9446 55.2288 7
    endloop
  endfacet
  facet normal -0.85774 -0.514084 0
    outer loop
      vertex 51.9446 55.2288 11
      vertex 52.3482 54.5554 7
      vertex 52.3482 54.5554 11
    endloop
  endfacet
  facet normal -0.90402 0.427489 0
    outer loop
      vertex 51.609 62.0615 7
      vertex 51.9446 62.7712 11
      vertex 51.9446 62.7712 7
    endloop
  endfacet
  facet normal -0.90402 0.427489 0
    outer loop
      vertex 51.9446 62.7712 11
      vertex 51.609 62.0615 7
      vertex 51.609 62.0615 11
    endloop
  endfacet
  facet normal 0.427489 0.90402 -0
    outer loop
      vertex 62.7712 66.0554 7
      vertex 62.0615 66.391 11
      vertex 62.7712 66.0554 11
    endloop
  endfacet
  facet normal 0.427489 0.90402 0
    outer loop
      vertex 62.0615 66.391 11
      vertex 62.7712 66.0554 7
      vertex 62.0615 66.391 7
    endloop
  endfacet
  facet normal 0.970023 -0.243015 0
    outer loop
      vertex 66.6555 56.6777 11
      vertex 66.8463 57.4393 7
      vertex 66.8463 57.4393 11
    endloop
  endfacet
  facet normal 0.970023 -0.243015 0
    outer loop
      vertex 66.8463 57.4393 7
      vertex 66.6555 56.6777 11
      vertex 66.6555 56.6777 7
    endloop
  endfacet
  facet normal 0.989176 -0.146733 0
    outer loop
      vertex 66.8463 57.4393 11
      vertex 66.9615 58.2159 7
      vertex 66.9615 58.2159 11
    endloop
  endfacet
  facet normal 0.989176 -0.146733 0
    outer loop
      vertex 66.9615 58.2159 7
      vertex 66.8463 57.4393 11
      vertex 66.8463 57.4393 7
    endloop
  endfacet
  facet normal 0.94154 -0.336901 0
    outer loop
      vertex 66.391 55.9385 11
      vertex 66.6555 56.6777 7
      vertex 66.6555 56.6777 11
    endloop
  endfacet
  facet normal 0.94154 -0.336901 0
    outer loop
      vertex 66.6555 56.6777 7
      vertex 66.391 55.9385 11
      vertex 66.391 55.9385 7
    endloop
  endfacet
  facet normal 0.803153 -0.595773 0
    outer loop
      vertex 65.1841 53.9249 11
      vertex 65.6518 54.5554 7
      vertex 65.6518 54.5554 11
    endloop
  endfacet
  facet normal 0.803153 -0.595773 0
    outer loop
      vertex 65.6518 54.5554 7
      vertex 65.1841 53.9249 11
      vertex 65.1841 53.9249 7
    endloop
  endfacet
  facet normal 0.741023 -0.67148 0
    outer loop
      vertex 64.6569 53.3431 11
      vertex 65.1841 53.9249 7
      vertex 65.1841 53.9249 11
    endloop
  endfacet
  facet normal 0.741023 -0.67148 0
    outer loop
      vertex 65.1841 53.9249 7
      vertex 64.6569 53.3431 11
      vertex 64.6569 53.3431 7
    endloop
  endfacet
  facet normal 0.85774 -0.514084 0
    outer loop
      vertex 65.6518 54.5554 11
      vertex 66.0554 55.2288 7
      vertex 66.0554 55.2288 11
    endloop
  endfacet
  facet normal 0.85774 -0.514084 0
    outer loop
      vertex 66.0554 55.2288 7
      vertex 65.6518 54.5554 11
      vertex 65.6518 54.5554 7
    endloop
  endfacet
  facet normal 0.595737 -0.80318 0
    outer loop
      vertex 63.6492 52.5 7
      vertex 64.0751 52.8159 11
      vertex 63.6492 52.5 11
    endloop
  endfacet
  facet normal 0.595737 -0.80318 0
    outer loop
      vertex 64.0751 52.8159 11
      vertex 63.6492 52.5 7
      vertex 64.0751 52.8159 7
    endloop
  endfacet
  facet normal -0.989176 -0.146733 0
    outer loop
      vertex 51.1537 57.4393 7
      vertex 51.0385 58.2159 11
      vertex 51.0385 58.2159 7
    endloop
  endfacet
  facet normal -0.989176 -0.146733 0
    outer loop
      vertex 51.0385 58.2159 11
      vertex 51.1537 57.4393 7
      vertex 51.1537 57.4393 11
    endloop
  endfacet
  facet normal 0 0 1
    outer loop
      vertex 66.9615 59.7841 11
      vertex 66.9615 58.2159 11
      vertex 67 59 11
    endloop
  endfacet
  facet normal 0 0 1
    outer loop
      vertex 66.8463 60.5607 11
      vertex 66.9615 58.2159 11
      vertex 66.9615 59.7841 11
    endloop
  endfacet
  facet normal 0 0 1
    outer loop
      vertex 66.8463 60.5607 11
      vertex 66.8463 57.4393 11
      vertex 66.9615 58.2159 11
    endloop
  endfacet
  facet normal 0 0 1
    outer loop
      vertex 66.6555 61.3223 11
      vertex 66.8463 57.4393 11
      vertex 66.8463 60.5607 11
    endloop
  endfacet
  facet normal 0 0 1
    outer loop
      vertex 66.6555 61.3223 11
      vertex 66.6555 56.6777 11
      vertex 66.8463 57.4393 11
    endloop
  endfacet
  facet normal 0 0 1
    outer loop
      vertex 66.391 62.0615 11
      vertex 66.6555 56.6777 11
      vertex 66.6555 61.3223 11
    endloop
  endfacet
  facet normal 0 0 1
    outer loop
      vertex 66.391 62.0615 11
      vertex 66.391 55.9385 11
      vertex 66.6555 56.6777 11
    endloop
  endfacet
  facet normal 0 0 1
    outer loop
      vertex 66.0554 62.7712 11
      vertex 66.391 55.9385 11
      vertex 66.391 62.0615 11
    endloop
  endfacet
  facet normal 0 0 1
    outer loop
      vertex 66.0554 62.7712 11
      vertex 66.0554 55.2288 11
      vertex 66.391 55.9385 11
    endloop
  endfacet
  facet normal 0 0 1
    outer loop
      vertex 65.6152 63.4939 11
      vertex 66.0554 62.7712 11
      vertex 65.6518 63.4446 11
    endloop
  endfacet
  facet normal 0 0 1
    outer loop
      vertex 66.0554 62.7712 11
      vertex 65.6152 63.4939 11
      vertex 66.0554 55.2288 11
    endloop
  endfacet
  facet normal 0 0 1
    outer loop
      vertex 66.0554 55.2288 11
      vertex 65.6152 63.4939 11
      vertex 65.6518 54.5554 11
    endloop
  endfacet
  facet normal 0 0 1
    outer loop
      vertex 65.6152 63.4939 11
      vertex 65.1841 53.9249 11
      vertex 65.6518 54.5554 11
    endloop
  endfacet
  facet normal 0 0 1
    outer loop
      vertex 65.6152 63.4939 11
      vertex 64.6569 53.3431 11
      vertex 65.1841 53.9249 11
    endloop
  endfacet
  facet normal 0 0 1
    outer loop
      vertex 63.6492 52.5 11
      vertex 64.6569 53.3431 11
      vertex 65.6152 63.4939 11
    endloop
  endfacet
  facet normal 0 0 1
    outer loop
      vertex 64.6569 53.3431 11
      vertex 63.6492 52.5 11
      vertex 64.0751 52.8159 11
    endloop
  endfacet
  facet normal 0 -0 1
    outer loop
      vertex 63.6492 52.5 11
      vertex 65.6152 63.4939 11
      vertex 54.6213 52.5 11
    endloop
  endfacet
  facet normal 0 0 1
    outer loop
      vertex 62.7712 66.0554 11
      vertex 63.4939 65.6152 11
      vertex 63.4446 65.6518 11
    endloop
  endfacet
  facet normal 0 0 1
    outer loop
      vertex 62.0615 66.391 11
      vertex 63.4939 65.6152 11
      vertex 62.7712 66.0554 11
    endloop
  endfacet
  facet normal 0 0 1
    outer loop
      vertex 61.3223 66.6555 11
      vertex 63.4939 65.6152 11
      vertex 62.0615 66.391 11
    endloop
  endfacet
  facet normal 0 0 1
    outer loop
      vertex 60.5607 66.8463 11
      vertex 63.4939 65.6152 11
      vertex 61.3223 66.6555 11
    endloop
  endfacet
  facet normal 0 0 1
    outer loop
      vertex 59.7841 66.9615 11
      vertex 63.4939 65.6152 11
      vertex 60.5607 66.8463 11
    endloop
  endfacet
  facet normal 0 0 1
    outer loop
      vertex 59 67 11
      vertex 63.4939 65.6152 11
      vertex 59.7841 66.9615 11
    endloop
  endfacet
  facet normal -0 0 1
    outer loop
      vertex 58.2159 66.9615 11
      vertex 63.4939 65.6152 11
      vertex 59 67 11
    endloop
  endfacet
  facet normal -0 0 1
    outer loop
      vertex 57.4393 66.8463 11
      vertex 63.4939 65.6152 11
      vertex 58.2159 66.9615 11
    endloop
  endfacet
  facet normal -0 0 1
    outer loop
      vertex 56.6777 66.6555 11
      vertex 63.4939 65.6152 11
      vertex 57.4393 66.8463 11
    endloop
  endfacet
  facet normal -0 0 1
    outer loop
      vertex 55.9385 66.391 11
      vertex 63.4939 65.6152 11
      vertex 56.6777 66.6555 11
    endloop
  endfacet
  facet normal -0 0 1
    outer loop
      vertex 55.2288 66.0554 11
      vertex 63.4939 65.6152 11
      vertex 55.9385 66.391 11
    endloop
  endfacet
  facet normal -0 0 1
    outer loop
      vertex 54.5554 65.6518 11
      vertex 63.4939 65.6152 11
      vertex 55.2288 66.0554 11
    endloop
  endfacet
  facet normal 0 0 1
    outer loop
      vertex 53.9249 65.1841 11
      vertex 63.4939 65.6152 11
      vertex 54.5554 65.6518 11
    endloop
  endfacet
  facet normal 0 0 1
    outer loop
      vertex 53.3431 64.6569 11
      vertex 63.4939 65.6152 11
      vertex 53.9249 65.1841 11
    endloop
  endfacet
  facet normal 0 0 1
    outer loop
      vertex 52.8159 64.0751 11
      vertex 63.4939 65.6152 11
      vertex 53.3431 64.6569 11
    endloop
  endfacet
  facet normal -0 0 1
    outer loop
      vertex 52.8159 64.0751 11
      vertex 52.3848 54.5061 11
      vertex 63.4939 65.6152 11
    endloop
  endfacet
  facet normal -0 0 1
    outer loop
      vertex 52.3482 63.4446 11
      vertex 52.3848 54.5061 11
      vertex 52.8159 64.0751 11
    endloop
  endfacet
  facet normal -0 0 1
    outer loop
      vertex 51.9446 62.7712 11
      vertex 52.3848 54.5061 11
      vertex 52.3482 63.4446 11
    endloop
  endfacet
  facet normal -0 0 1
    outer loop
      vertex 51.9446 55.2288 11
      vertex 52.3848 54.5061 11
      vertex 51.9446 62.7712 11
    endloop
  endfacet
  facet normal 0 0 1
    outer loop
      vertex 52.3848 54.5061 11
      vertex 51.9446 55.2288 11
      vertex 52.3482 54.5554 11
    endloop
  endfacet
  facet normal -0 0 1
    outer loop
      vertex 51.609 62.0615 11
      vertex 51.9446 55.2288 11
      vertex 51.9446 62.7712 11
    endloop
  endfacet
  facet normal 0 0 1
    outer loop
      vertex 51.609 62.0615 11
      vertex 51.609 55.9385 11
      vertex 51.9446 55.2288 11
    endloop
  endfacet
  facet normal -0 0 1
    outer loop
      vertex 51.3445 61.3223 11
      vertex 51.609 55.9385 11
      vertex 51.609 62.0615 11
    endloop
  endfacet
  facet normal 0 0 1
    outer loop
      vertex 51.3445 61.3223 11
      vertex 51.3445 56.6777 11
      vertex 51.609 55.9385 11
    endloop
  endfacet
  facet normal -0 0 1
    outer loop
      vertex 51.1537 60.5607 11
      vertex 51.3445 56.6777 11
      vertex 51.3445 61.3223 11
    endloop
  endfacet
  facet normal 0 0 1
    outer loop
      vertex 51.1537 60.5607 11
      vertex 51.1537 57.4393 11
      vertex 51.3445 56.6777 11
    endloop
  endfacet
  facet normal -0 0 1
    outer loop
      vertex 51.0385 59.7841 11
      vertex 51.1537 57.4393 11
      vertex 51.1537 60.5607 11
    endloop
  endfacet
  facet normal 0 0 1
    outer loop
      vertex 51.0385 59.7841 11
      vertex 51.0385 58.2159 11
      vertex 51.1537 57.4393 11
    endloop
  endfacet
  facet normal 0 -0 1
    outer loop
      vertex 51.0385 58.2159 11
      vertex 51.0385 59.7841 11
      vertex 51 59 11
    endloop
  endfacet
  facet normal -0.94154 -0.336901 0
    outer loop
      vertex 51.609 55.9385 7
      vertex 51.3445 56.6777 11
      vertex 51.3445 56.6777 7
    endloop
  endfacet
  facet normal -0.94154 -0.336901 0
    outer loop
      vertex 51.3445 56.6777 11
      vertex 51.609 55.9385 7
      vertex 51.609 55.9385 11
    endloop
  endfacet
  facet normal -0.998797 -0.0490418 0
    outer loop
      vertex 51.0385 58.2159 7
      vertex 51 59 11
      vertex 51 59 7
    endloop
  endfacet
  facet normal -0.998797 -0.0490418 0
    outer loop
      vertex 51 59 11
      vertex 51.0385 58.2159 7
      vertex 51.0385 58.2159 11
    endloop
  endfacet
  facet normal 0.998797 0.0490418 0
    outer loop
      vertex 67 59 11
      vertex 66.9615 59.7841 7
      vertex 66.9615 59.7841 11
    endloop
  endfacet
  facet normal 0.998797 0.0490418 0
    outer loop
      vertex 66.9615 59.7841 7
      vertex 67 59 11
      vertex 67 59 7
    endloop
  endfacet
  facet normal -0.989176 0.146733 0
    outer loop
      vertex 51.0385 59.7841 7
      vertex 51.1537 60.5607 11
      vertex 51.1537 60.5607 7
    endloop
  endfacet
  facet normal -0.989176 0.146733 0
    outer loop
      vertex 51.1537 60.5607 11
      vertex 51.0385 59.7841 7
      vertex 51.0385 59.7841 11
    endloop
  endfacet
  facet normal 0.146733 0.989176 -0
    outer loop
      vertex 60.5607 66.8463 7
      vertex 59.7841 66.9615 11
      vertex 60.5607 66.8463 11
    endloop
  endfacet
  facet normal 0.146733 0.989176 0
    outer loop
      vertex 59.7841 66.9615 11
      vertex 60.5607 66.8463 7
      vertex 59.7841 66.9615 7
    endloop
  endfacet
  facet normal 0.336901 0.94154 -0
    outer loop
      vertex 62.0615 66.391 7
      vertex 61.3223 66.6555 11
      vertex 62.0615 66.391 11
    endloop
  endfacet
  facet normal 0.336901 0.94154 0
    outer loop
      vertex 61.3223 66.6555 11
      vertex 62.0615 66.391 7
      vertex 61.3223 66.6555 7
    endloop
  endfacet
  facet normal -0.802922 -0.596084 0
    outer loop
      vertex 52.3848 54.5061 7
      vertex 52.3482 54.5554 11
      vertex 52.3482 54.5554 7
    endloop
  endfacet
  facet normal -0.802922 -0.596084 0
    outer loop
      vertex 52.3482 54.5554 11
      vertex 52.3848 54.5061 7
      vertex 52.3848 54.5061 11
    endloop
  endfacet
  facet normal -0.970023 -0.243015 0
    outer loop
      vertex 51.3445 56.6777 7
      vertex 51.1537 57.4393 11
      vertex 51.1537 57.4393 7
    endloop
  endfacet
  facet normal -0.970023 -0.243015 0
    outer loop
      vertex 51.1537 57.4393 11
      vertex 51.3445 56.6777 7
      vertex 51.3445 56.6777 11
    endloop
  endfacet
  facet normal 0.94154 0.336901 0
    outer loop
      vertex 66.6555 61.3223 11
      vertex 66.391 62.0615 7
      vertex 66.391 62.0615 11
    endloop
  endfacet
  facet normal 0.94154 0.336901 0
    outer loop
      vertex 66.391 62.0615 7
      vertex 66.6555 61.3223 11
      vertex 66.6555 61.3223 7
    endloop
  endfacet
  facet normal 0.970023 0.243015 0
    outer loop
      vertex 66.8463 60.5607 11
      vertex 66.6555 61.3223 7
      vertex 66.6555 61.3223 11
    endloop
  endfacet
  facet normal 0.970023 0.243015 0
    outer loop
      vertex 66.6555 61.3223 7
      vertex 66.8463 60.5607 11
      vertex 66.8463 60.5607 7
    endloop
  endfacet
  facet normal 0.989176 0.146733 0
    outer loop
      vertex 66.9615 59.7841 11
      vertex 66.8463 60.5607 7
      vertex 66.8463 60.5607 11
    endloop
  endfacet
  facet normal 0.989176 0.146733 0
    outer loop
      vertex 66.8463 60.5607 7
      vertex 66.9615 59.7841 11
      vertex 66.9615 59.7841 7
    endloop
  endfacet
  facet normal 0.90402 0.427489 0
    outer loop
      vertex 66.391 62.0615 11
      vertex 66.0554 62.7712 7
      vertex 66.0554 62.7712 11
    endloop
  endfacet
  facet normal 0.90402 0.427489 0
    outer loop
      vertex 66.0554 62.7712 7
      vertex 66.391 62.0615 11
      vertex 66.391 62.0615 7
    endloop
  endfacet
  facet normal 0.802922 0.596084 0
    outer loop
      vertex 65.6518 63.4446 11
      vertex 65.6152 63.4939 7
      vertex 65.6152 63.4939 11
    endloop
  endfacet
  facet normal 0.802922 0.596084 0
    outer loop
      vertex 65.6152 63.4939 7
      vertex 65.6518 63.4446 11
      vertex 65.6518 63.4446 7
    endloop
  endfacet
  facet normal -0.336901 0.94154 0
    outer loop
      vertex 56.6777 66.6555 7
      vertex 55.9385 66.391 11
      vertex 56.6777 66.6555 11
    endloop
  endfacet
  facet normal -0.336901 0.94154 0
    outer loop
      vertex 55.9385 66.391 11
      vertex 56.6777 66.6555 7
      vertex 55.9385 66.391 7
    endloop
  endfacet
  facet normal 0.243015 0.970023 -0
    outer loop
      vertex 61.3223 66.6555 7
      vertex 60.5607 66.8463 11
      vertex 61.3223 66.6555 11
    endloop
  endfacet
  facet normal 0.243015 0.970023 0
    outer loop
      vertex 60.5607 66.8463 11
      vertex 61.3223 66.6555 7
      vertex 60.5607 66.8463 7
    endloop
  endfacet
  facet normal 0.85774 0.514084 0
    outer loop
      vertex 66.0554 62.7712 11
      vertex 65.6518 63.4446 7
      vertex 65.6518 63.4446 11
    endloop
  endfacet
  facet normal 0.85774 0.514084 0
    outer loop
      vertex 65.6518 63.4446 7
      vertex 66.0554 62.7712 11
      vertex 66.0554 62.7712 7
    endloop
  endfacet
  facet normal -0.0490418 0.998797 0
    outer loop
      vertex 59 67 7
      vertex 58.2159 66.9615 11
      vertex 59 67 11
    endloop
  endfacet
  facet normal -0.0490418 0.998797 0
    outer loop
      vertex 58.2159 66.9615 11
      vertex 59 67 7
      vertex 58.2159 66.9615 7
    endloop
  endfacet
  facet normal -0.67148 0.741023 0
    outer loop
      vertex 53.9249 65.1841 7
      vertex 53.3431 64.6569 11
      vertex 53.9249 65.1841 11
    endloop
  endfacet
  facet normal -0.67148 0.741023 0
    outer loop
      vertex 53.3431 64.6569 11
      vertex 53.9249 65.1841 7
      vertex 53.3431 64.6569 7
    endloop
  endfacet
  facet normal -0.85774 0.514084 0
    outer loop
      vertex 51.9446 62.7712 7
      vertex 52.3482 63.4446 11
      vertex 52.3482 63.4446 7
    endloop
  endfacet
  facet normal -0.85774 0.514084 0
    outer loop
      vertex 52.3482 63.4446 11
      vertex 51.9446 62.7712 7
      vertex 51.9446 62.7712 11
    endloop
  endfacet
  facet normal -0.94154 0.336901 0
    outer loop
      vertex 51.3445 61.3223 7
      vertex 51.609 62.0615 11
      vertex 51.609 62.0615 7
    endloop
  endfacet
  facet normal -0.94154 0.336901 0
    outer loop
      vertex 51.609 62.0615 11
      vertex 51.3445 61.3223 7
      vertex 51.3445 61.3223 11
    endloop
  endfacet
  facet normal -0.970023 0.243015 0
    outer loop
      vertex 51.1537 60.5607 7
      vertex 51.3445 61.3223 11
      vertex 51.3445 61.3223 7
    endloop
  endfacet
  facet normal -0.970023 0.243015 0
    outer loop
      vertex 51.3445 61.3223 11
      vertex 51.1537 60.5607 7
      vertex 51.1537 60.5607 11
    endloop
  endfacet
  facet normal 0.596084 0.802922 -0
    outer loop
      vertex 63.4939 65.6152 7
      vertex 63.4446 65.6518 11
      vertex 63.4939 65.6152 11
    endloop
  endfacet
  facet normal 0.596084 0.802922 0
    outer loop
      vertex 63.4446 65.6518 11
      vertex 63.4939 65.6152 7
      vertex 63.4446 65.6518 7
    endloop
  endfacet
  facet normal 0.514084 0.85774 -0
    outer loop
      vertex 63.4446 65.6518 7
      vertex 62.7712 66.0554 11
      vertex 63.4446 65.6518 11
    endloop
  endfacet
  facet normal 0.514084 0.85774 0
    outer loop
      vertex 62.7712 66.0554 11
      vertex 63.4446 65.6518 7
      vertex 62.7712 66.0554 7
    endloop
  endfacet
  facet normal -0.243015 0.970023 0
    outer loop
      vertex 57.4393 66.8463 7
      vertex 56.6777 66.6555 11
      vertex 57.4393 66.8463 11
    endloop
  endfacet
  facet normal -0.243015 0.970023 0
    outer loop
      vertex 56.6777 66.6555 11
      vertex 57.4393 66.8463 7
      vertex 56.6777 66.6555 7
    endloop
  endfacet
  facet normal -0.427489 0.90402 0
    outer loop
      vertex 55.9385 66.391 7
      vertex 55.2288 66.0554 11
      vertex 55.9385 66.391 11
    endloop
  endfacet
  facet normal -0.427489 0.90402 0
    outer loop
      vertex 55.2288 66.0554 11
      vertex 55.9385 66.391 7
      vertex 55.2288 66.0554 7
    endloop
  endfacet
  facet normal -0.514084 0.85774 0
    outer loop
      vertex 55.2288 66.0554 7
      vertex 54.5554 65.6518 11
      vertex 55.2288 66.0554 11
    endloop
  endfacet
  facet normal -0.514084 0.85774 0
    outer loop
      vertex 54.5554 65.6518 11
      vertex 55.2288 66.0554 7
      vertex 54.5554 65.6518 7
    endloop
  endfacet
  facet normal -0.595773 0.803153 0
    outer loop
      vertex 54.5554 65.6518 7
      vertex 53.9249 65.1841 11
      vertex 54.5554 65.6518 11
    endloop
  endfacet
  facet normal -0.595773 0.803153 0
    outer loop
      vertex 53.9249 65.1841 11
      vertex 54.5554 65.6518 7
      vertex 53.9249 65.1841 7
    endloop
  endfacet
  facet normal -0.803153 0.595773 0
    outer loop
      vertex 52.3482 63.4446 7
      vertex 52.8159 64.0751 11
      vertex 52.8159 64.0751 7
    endloop
  endfacet
  facet normal -0.803153 0.595773 0
    outer loop
      vertex 52.8159 64.0751 11
      vertex 52.3482 63.4446 7
      vertex 52.3482 63.4446 11
    endloop
  endfacet
  facet normal -0.741023 0.67148 0
    outer loop
      vertex 52.8159 64.0751 7
      vertex 53.3431 64.6569 11
      vertex 53.3431 64.6569 7
    endloop
  endfacet
  facet normal -0.741023 0.67148 0
    outer loop
      vertex 53.3431 64.6569 11
      vertex 52.8159 64.0751 7
      vertex 52.8159 64.0751 11
    endloop
  endfacet
  facet normal -0.146733 0.989176 0
    outer loop
      vertex 58.2159 66.9615 7
      vertex 57.4393 66.8463 11
      vertex 58.2159 66.9615 11
    endloop
  endfacet
  facet normal -0.146733 0.989176 0
    outer loop
      vertex 57.4393 66.8463 11
      vertex 58.2159 66.9615 7
      vertex 57.4393 66.8463 7
    endloop
  endfacet
  facet normal 0.998797 -0.0490418 0
    outer loop
      vertex 66.9615 -59.7841 11
      vertex 67 -59 7
      vertex 67 -59 11
    endloop
  endfacet
  facet normal 0.998797 -0.0490418 0
    outer loop
      vertex 67 -59 7
      vertex 66.9615 -59.7841 11
      vertex 66.9615 -59.7841 7
    endloop
  endfacet
  facet normal -0.0490418 -0.998797 0
    outer loop
      vertex 58.2159 -66.9615 7
      vertex 59 -67 11
      vertex 58.2159 -66.9615 11
    endloop
  endfacet
  facet normal -0.0490418 -0.998797 -0
    outer loop
      vertex 59 -67 11
      vertex 58.2159 -66.9615 7
      vertex 59 -67 7
    endloop
  endfacet
  facet normal -0.741023 -0.67148 0
    outer loop
      vertex 53.3431 -64.6569 7
      vertex 52.8159 -64.0751 11
      vertex 52.8159 -64.0751 7
    endloop
  endfacet
  facet normal -0.741023 -0.67148 0
    outer loop
      vertex 52.8159 -64.0751 11
      vertex 53.3431 -64.6569 7
      vertex 53.3431 -64.6569 11
    endloop
  endfacet
  facet normal -0.427489 -0.90402 0
    outer loop
      vertex 55.2288 -66.0554 7
      vertex 55.9385 -66.391 11
      vertex 55.2288 -66.0554 11
    endloop
  endfacet
  facet normal -0.427489 -0.90402 -0
    outer loop
      vertex 55.9385 -66.391 11
      vertex 55.2288 -66.0554 7
      vertex 55.9385 -66.391 7
    endloop
  endfacet
  facet normal -0.94154 0.336901 0
    outer loop
      vertex 51.3445 -56.6777 7
      vertex 51.609 -55.9385 11
      vertex 51.609 -55.9385 7
    endloop
  endfacet
  facet normal -0.94154 0.336901 0
    outer loop
      vertex 51.609 -55.9385 11
      vertex 51.3445 -56.6777 7
      vertex 51.3445 -56.6777 11
    endloop
  endfacet
  facet normal 0.90402 -0.427489 0
    outer loop
      vertex 66.0554 -62.7712 11
      vertex 66.391 -62.0615 7
      vertex 66.391 -62.0615 11
    endloop
  endfacet
  facet normal 0.90402 -0.427489 0
    outer loop
      vertex 66.391 -62.0615 7
      vertex 66.0554 -62.7712 11
      vertex 66.0554 -62.7712 7
    endloop
  endfacet
  facet normal 0.336901 -0.94154 0
    outer loop
      vertex 61.3223 -66.6555 7
      vertex 62.0615 -66.391 11
      vertex 61.3223 -66.6555 11
    endloop
  endfacet
  facet normal 0.336901 -0.94154 0
    outer loop
      vertex 62.0615 -66.391 11
      vertex 61.3223 -66.6555 7
      vertex 62.0615 -66.391 7
    endloop
  endfacet
  facet normal -0.90402 -0.427489 0
    outer loop
      vertex 51.9446 -62.7712 7
      vertex 51.609 -62.0615 11
      vertex 51.609 -62.0615 7
    endloop
  endfacet
  facet normal -0.90402 -0.427489 0
    outer loop
      vertex 51.609 -62.0615 11
      vertex 51.9446 -62.7712 7
      vertex 51.9446 -62.7712 11
    endloop
  endfacet
  facet normal -0.85774 -0.514084 0
    outer loop
      vertex 52.3482 -63.4446 7
      vertex 51.9446 -62.7712 11
      vertex 51.9446 -62.7712 7
    endloop
  endfacet
  facet normal -0.85774 -0.514084 0
    outer loop
      vertex 51.9446 -62.7712 11
      vertex 52.3482 -63.4446 7
      vertex 52.3482 -63.4446 11
    endloop
  endfacet
  facet normal -0.243015 -0.970023 0
    outer loop
      vertex 56.6777 -66.6555 7
      vertex 57.4393 -66.8463 11
      vertex 56.6777 -66.6555 11
    endloop
  endfacet
  facet normal -0.243015 -0.970023 -0
    outer loop
      vertex 57.4393 -66.8463 11
      vertex 56.6777 -66.6555 7
      vertex 57.4393 -66.8463 7
    endloop
  endfacet
  facet normal 0.90402 0.427489 0
    outer loop
      vertex 66.391 -55.9385 11
      vertex 66.0554 -55.2288 7
      vertex 66.0554 -55.2288 11
    endloop
  endfacet
  facet normal 0.90402 0.427489 0
    outer loop
      vertex 66.0554 -55.2288 7
      vertex 66.391 -55.9385 11
      vertex 66.391 -55.9385 7
    endloop
  endfacet
  facet normal 0.741023 0.67148 0
    outer loop
      vertex 65.1841 -53.9249 11
      vertex 64.6569 -53.3431 7
      vertex 64.6569 -53.3431 11
    endloop
  endfacet
  facet normal 0.741023 0.67148 0
    outer loop
      vertex 64.6569 -53.3431 7
      vertex 65.1841 -53.9249 11
      vertex 65.1841 -53.9249 7
    endloop
  endfacet
  facet normal 0.970023 0.243015 0
    outer loop
      vertex 66.8463 -57.4393 11
      vertex 66.6555 -56.6777 7
      vertex 66.6555 -56.6777 11
    endloop
  endfacet
  facet normal 0.970023 0.243015 0
    outer loop
      vertex 66.6555 -56.6777 7
      vertex 66.8463 -57.4393 11
      vertex 66.8463 -57.4393 7
    endloop
  endfacet
  facet normal 0.970023 -0.243015 0
    outer loop
      vertex 66.6555 -61.3223 11
      vertex 66.8463 -60.5607 7
      vertex 66.8463 -60.5607 11
    endloop
  endfacet
  facet normal 0.970023 -0.243015 0
    outer loop
      vertex 66.8463 -60.5607 7
      vertex 66.6555 -61.3223 11
      vertex 66.6555 -61.3223 7
    endloop
  endfacet
  facet normal 0.989176 -0.146733 0
    outer loop
      vertex 66.8463 -60.5607 11
      vertex 66.9615 -59.7841 7
      vertex 66.9615 -59.7841 11
    endloop
  endfacet
  facet normal 0.989176 -0.146733 0
    outer loop
      vertex 66.9615 -59.7841 7
      vertex 66.8463 -60.5607 11
      vertex 66.8463 -60.5607 7
    endloop
  endfacet
  facet normal 0.94154 -0.336901 0
    outer loop
      vertex 66.391 -62.0615 11
      vertex 66.6555 -61.3223 7
      vertex 66.6555 -61.3223 11
    endloop
  endfacet
  facet normal 0.94154 -0.336901 0
    outer loop
      vertex 66.6555 -61.3223 7
      vertex 66.391 -62.0615 11
      vertex 66.391 -62.0615 7
    endloop
  endfacet
  facet normal 0.802922 -0.596084 0
    outer loop
      vertex 65.6152 -63.4939 11
      vertex 65.6518 -63.4446 7
      vertex 65.6518 -63.4446 11
    endloop
  endfacet
  facet normal 0.802922 -0.596084 0
    outer loop
      vertex 65.6518 -63.4446 7
      vertex 65.6152 -63.4939 11
      vertex 65.6152 -63.4939 7
    endloop
  endfacet
  facet normal 0.85774 -0.514084 0
    outer loop
      vertex 65.6518 -63.4446 11
      vertex 66.0554 -62.7712 7
      vertex 66.0554 -62.7712 11
    endloop
  endfacet
  facet normal 0.85774 -0.514084 0
    outer loop
      vertex 66.0554 -62.7712 7
      vertex 65.6518 -63.4446 11
      vertex 65.6518 -63.4446 7
    endloop
  endfacet
  facet normal 0.146733 -0.989176 0
    outer loop
      vertex 59.7841 -66.9615 7
      vertex 60.5607 -66.8463 11
      vertex 59.7841 -66.9615 11
    endloop
  endfacet
  facet normal 0.146733 -0.989176 0
    outer loop
      vertex 60.5607 -66.8463 11
      vertex 59.7841 -66.9615 7
      vertex 60.5607 -66.8463 7
    endloop
  endfacet
  facet normal 0.243015 -0.970023 0
    outer loop
      vertex 60.5607 -66.8463 7
      vertex 61.3223 -66.6555 11
      vertex 60.5607 -66.8463 11
    endloop
  endfacet
  facet normal 0.243015 -0.970023 0
    outer loop
      vertex 61.3223 -66.6555 11
      vertex 60.5607 -66.8463 7
      vertex 61.3223 -66.6555 7
    endloop
  endfacet
  facet normal 0.0490418 -0.998797 0
    outer loop
      vertex 59 -67 7
      vertex 59.7841 -66.9615 11
      vertex 59 -67 11
    endloop
  endfacet
  facet normal 0.0490418 -0.998797 0
    outer loop
      vertex 59.7841 -66.9615 11
      vertex 59 -67 7
      vertex 59.7841 -66.9615 7
    endloop
  endfacet
  facet normal 0.514084 -0.85774 0
    outer loop
      vertex 62.7712 -66.0554 7
      vertex 63.4446 -65.6518 11
      vertex 62.7712 -66.0554 11
    endloop
  endfacet
  facet normal 0.514084 -0.85774 0
    outer loop
      vertex 63.4446 -65.6518 11
      vertex 62.7712 -66.0554 7
      vertex 63.4446 -65.6518 7
    endloop
  endfacet
  facet normal 0.427489 -0.90402 0
    outer loop
      vertex 62.0615 -66.391 7
      vertex 62.7712 -66.0554 11
      vertex 62.0615 -66.391 11
    endloop
  endfacet
  facet normal 0.427489 -0.90402 0
    outer loop
      vertex 62.7712 -66.0554 11
      vertex 62.0615 -66.391 7
      vertex 62.7712 -66.0554 7
    endloop
  endfacet
  facet normal 0.596084 -0.802922 0
    outer loop
      vertex 63.4446 -65.6518 7
      vertex 63.4939 -65.6152 11
      vertex 63.4446 -65.6518 11
    endloop
  endfacet
  facet normal 0.596084 -0.802922 0
    outer loop
      vertex 63.4939 -65.6152 11
      vertex 63.4446 -65.6518 7
      vertex 63.4939 -65.6152 7
    endloop
  endfacet
  facet normal -0.989176 -0.146733 0
    outer loop
      vertex 51.1537 -60.5607 7
      vertex 51.0385 -59.7841 11
      vertex 51.0385 -59.7841 7
    endloop
  endfacet
  facet normal -0.989176 -0.146733 0
    outer loop
      vertex 51.0385 -59.7841 11
      vertex 51.1537 -60.5607 7
      vertex 51.1537 -60.5607 11
    endloop
  endfacet
  facet normal 0 0 1
    outer loop
      vertex 66.9615 -58.2159 11
      vertex 66.9615 -59.7841 11
      vertex 67 -59 11
    endloop
  endfacet
  facet normal 0 0 1
    outer loop
      vertex 66.8463 -57.4393 11
      vertex 66.9615 -59.7841 11
      vertex 66.9615 -58.2159 11
    endloop
  endfacet
  facet normal 0 0 1
    outer loop
      vertex 66.8463 -57.4393 11
      vertex 66.8463 -60.5607 11
      vertex 66.9615 -59.7841 11
    endloop
  endfacet
  facet normal 0 0 1
    outer loop
      vertex 66.6555 -56.6777 11
      vertex 66.8463 -60.5607 11
      vertex 66.8463 -57.4393 11
    endloop
  endfacet
  facet normal 0 0 1
    outer loop
      vertex 66.6555 -56.6777 11
      vertex 66.6555 -61.3223 11
      vertex 66.8463 -60.5607 11
    endloop
  endfacet
  facet normal 0 0 1
    outer loop
      vertex 66.391 -55.9385 11
      vertex 66.6555 -61.3223 11
      vertex 66.6555 -56.6777 11
    endloop
  endfacet
  facet normal 0 0 1
    outer loop
      vertex 66.391 -55.9385 11
      vertex 66.391 -62.0615 11
      vertex 66.6555 -61.3223 11
    endloop
  endfacet
  facet normal 0 0 1
    outer loop
      vertex 66.0554 -55.2288 11
      vertex 66.391 -62.0615 11
      vertex 66.391 -55.9385 11
    endloop
  endfacet
  facet normal 0 0 1
    outer loop
      vertex 66.0554 -55.2288 11
      vertex 66.0554 -62.7712 11
      vertex 66.391 -62.0615 11
    endloop
  endfacet
  facet normal 0 0 1
    outer loop
      vertex 65.6518 -54.5554 11
      vertex 66.0554 -62.7712 11
      vertex 66.0554 -55.2288 11
    endloop
  endfacet
  facet normal 0 0 1
    outer loop
      vertex 65.6152 -63.4939 11
      vertex 66.0554 -62.7712 11
      vertex 65.6518 -54.5554 11
    endloop
  endfacet
  facet normal 0 0 1
    outer loop
      vertex 66.0554 -62.7712 11
      vertex 65.6152 -63.4939 11
      vertex 65.6518 -63.4446 11
    endloop
  endfacet
  facet normal 0 0 1
    outer loop
      vertex 65.1841 -53.9249 11
      vertex 65.6152 -63.4939 11
      vertex 65.6518 -54.5554 11
    endloop
  endfacet
  facet normal 0 0 1
    outer loop
      vertex 64.6569 -53.3431 11
      vertex 65.6152 -63.4939 11
      vertex 65.1841 -53.9249 11
    endloop
  endfacet
  facet normal 0 0 1
    outer loop
      vertex 63.6492 -52.5 11
      vertex 64.6569 -53.3431 11
      vertex 64.0751 -52.8159 11
    endloop
  endfacet
  facet normal 0 0 1
    outer loop
      vertex 64.6569 -53.3431 11
      vertex 63.6492 -52.5 11
      vertex 65.6152 -63.4939 11
    endloop
  endfacet
  facet normal 0 0 1
    outer loop
      vertex 65.6152 -63.4939 11
      vertex 63.6492 -52.5 11
      vertex 54.6213 -52.5 11
    endloop
  endfacet
  facet normal 0 0 1
    outer loop
      vertex 63.4939 -65.6152 11
      vertex 62.7712 -66.0554 11
      vertex 63.4446 -65.6518 11
    endloop
  endfacet
  facet normal 0 0 1
    outer loop
      vertex 63.4939 -65.6152 11
      vertex 62.0615 -66.391 11
      vertex 62.7712 -66.0554 11
    endloop
  endfacet
  facet normal 0 0 1
    outer loop
      vertex 63.4939 -65.6152 11
      vertex 61.3223 -66.6555 11
      vertex 62.0615 -66.391 11
    endloop
  endfacet
  facet normal 0 0 1
    outer loop
      vertex 63.4939 -65.6152 11
      vertex 60.5607 -66.8463 11
      vertex 61.3223 -66.6555 11
    endloop
  endfacet
  facet normal 0 0 1
    outer loop
      vertex 63.4939 -65.6152 11
      vertex 59.7841 -66.9615 11
      vertex 60.5607 -66.8463 11
    endloop
  endfacet
  facet normal 0 0 1
    outer loop
      vertex 63.4939 -65.6152 11
      vertex 59 -67 11
      vertex 59.7841 -66.9615 11
    endloop
  endfacet
  facet normal 0 0 1
    outer loop
      vertex 63.4939 -65.6152 11
      vertex 58.2159 -66.9615 11
      vertex 59 -67 11
    endloop
  endfacet
  facet normal 0 0 1
    outer loop
      vertex 63.4939 -65.6152 11
      vertex 57.4393 -66.8463 11
      vertex 58.2159 -66.9615 11
    endloop
  endfacet
  facet normal 0 0 1
    outer loop
      vertex 63.4939 -65.6152 11
      vertex 56.6777 -66.6555 11
      vertex 57.4393 -66.8463 11
    endloop
  endfacet
  facet normal 0 0 1
    outer loop
      vertex 63.4939 -65.6152 11
      vertex 55.9385 -66.391 11
      vertex 56.6777 -66.6555 11
    endloop
  endfacet
  facet normal 0 0 1
    outer loop
      vertex 63.4939 -65.6152 11
      vertex 55.2288 -66.0554 11
      vertex 55.9385 -66.391 11
    endloop
  endfacet
  facet normal 0 0 1
    outer loop
      vertex 63.4939 -65.6152 11
      vertex 54.5554 -65.6518 11
      vertex 55.2288 -66.0554 11
    endloop
  endfacet
  facet normal 0 0 1
    outer loop
      vertex 63.4939 -65.6152 11
      vertex 53.9249 -65.1841 11
      vertex 54.5554 -65.6518 11
    endloop
  endfacet
  facet normal 0 0 1
    outer loop
      vertex 63.4939 -65.6152 11
      vertex 53.3431 -64.6569 11
      vertex 53.9249 -65.1841 11
    endloop
  endfacet
  facet normal 0 0 1
    outer loop
      vertex 63.4939 -65.6152 11
      vertex 52.8159 -64.0751 11
      vertex 53.3431 -64.6569 11
    endloop
  endfacet
  facet normal 0 0 1
    outer loop
      vertex 52.3848 -54.5061 11
      vertex 52.8159 -64.0751 11
      vertex 63.4939 -65.6152 11
    endloop
  endfacet
  facet normal 0 0 1
    outer loop
      vertex 51.9446 -55.2288 11
      vertex 52.3848 -54.5061 11
      vertex 52.3482 -54.5554 11
    endloop
  endfacet
  facet normal 0 0 1
    outer loop
      vertex 52.3848 -54.5061 11
      vertex 52.3482 -63.4446 11
      vertex 52.8159 -64.0751 11
    endloop
  endfacet
  facet normal 0 0 1
    outer loop
      vertex 52.3848 -54.5061 11
      vertex 51.9446 -55.2288 11
      vertex 52.3482 -63.4446 11
    endloop
  endfacet
  facet normal 0 0 1
    outer loop
      vertex 51.9446 -55.2288 11
      vertex 51.9446 -62.7712 11
      vertex 52.3482 -63.4446 11
    endloop
  endfacet
  facet normal -0 0 1
    outer loop
      vertex 51.609 -55.9385 11
      vertex 51.9446 -62.7712 11
      vertex 51.9446 -55.2288 11
    endloop
  endfacet
  facet normal 0 0 1
    outer loop
      vertex 51.609 -55.9385 11
      vertex 51.609 -62.0615 11
      vertex 51.9446 -62.7712 11
    endloop
  endfacet
  facet normal -0 0 1
    outer loop
      vertex 51.3445 -56.6777 11
      vertex 51.609 -62.0615 11
      vertex 51.609 -55.9385 11
    endloop
  endfacet
  facet normal 0 0 1
    outer loop
      vertex 51.3445 -56.6777 11
      vertex 51.3445 -61.3223 11
      vertex 51.609 -62.0615 11
    endloop
  endfacet
  facet normal -0 0 1
    outer loop
      vertex 51.1537 -57.4393 11
      vertex 51.3445 -61.3223 11
      vertex 51.3445 -56.6777 11
    endloop
  endfacet
  facet normal 0 0 1
    outer loop
      vertex 51.1537 -57.4393 11
      vertex 51.1537 -60.5607 11
      vertex 51.3445 -61.3223 11
    endloop
  endfacet
  facet normal -0 0 1
    outer loop
      vertex 51.0385 -58.2159 11
      vertex 51.1537 -60.5607 11
      vertex 51.1537 -57.4393 11
    endloop
  endfacet
  facet normal 0 0 1
    outer loop
      vertex 51.0385 -58.2159 11
      vertex 51.0385 -59.7841 11
      vertex 51.1537 -60.5607 11
    endloop
  endfacet
  facet normal 0 -0 1
    outer loop
      vertex 51.0385 -59.7841 11
      vertex 51.0385 -58.2159 11
      vertex 51 -59 11
    endloop
  endfacet
  facet normal -0.803153 -0.595773 0
    outer loop
      vertex 52.8159 -64.0751 7
      vertex 52.3482 -63.4446 11
      vertex 52.3482 -63.4446 7
    endloop
  endfacet
  facet normal -0.803153 -0.595773 0
    outer loop
      vertex 52.3482 -63.4446 11
      vertex 52.8159 -64.0751 7
      vertex 52.8159 -64.0751 11
    endloop
  endfacet
  facet normal -0.94154 -0.336901 0
    outer loop
      vertex 51.609 -62.0615 7
      vertex 51.3445 -61.3223 11
      vertex 51.3445 -61.3223 7
    endloop
  endfacet
  facet normal -0.94154 -0.336901 0
    outer loop
      vertex 51.3445 -61.3223 11
      vertex 51.609 -62.0615 7
      vertex 51.609 -62.0615 11
    endloop
  endfacet
  facet normal -0.970023 -0.243015 0
    outer loop
      vertex 51.3445 -61.3223 7
      vertex 51.1537 -60.5607 11
      vertex 51.1537 -60.5607 7
    endloop
  endfacet
  facet normal -0.970023 -0.243015 0
    outer loop
      vertex 51.1537 -60.5607 11
      vertex 51.3445 -61.3223 7
      vertex 51.3445 -61.3223 11
    endloop
  endfacet
  facet normal -0.998797 -0.0490418 0
    outer loop
      vertex 51.0385 -59.7841 7
      vertex 51 -59 11
      vertex 51 -59 7
    endloop
  endfacet
  facet normal -0.998797 -0.0490418 0
    outer loop
      vertex 51 -59 11
      vertex 51.0385 -59.7841 7
      vertex 51.0385 -59.7841 11
    endloop
  endfacet
  facet normal -0.514084 -0.85774 0
    outer loop
      vertex 54.5554 -65.6518 7
      vertex 55.2288 -66.0554 11
      vertex 54.5554 -65.6518 11
    endloop
  endfacet
  facet normal -0.514084 -0.85774 -0
    outer loop
      vertex 55.2288 -66.0554 11
      vertex 54.5554 -65.6518 7
      vertex 55.2288 -66.0554 7
    endloop
  endfacet
  facet normal -0.595773 -0.803153 0
    outer loop
      vertex 53.9249 -65.1841 7
      vertex 54.5554 -65.6518 11
      vertex 53.9249 -65.1841 11
    endloop
  endfacet
  facet normal -0.595773 -0.803153 -0
    outer loop
      vertex 54.5554 -65.6518 11
      vertex 53.9249 -65.1841 7
      vertex 54.5554 -65.6518 7
    endloop
  endfacet
  facet normal -0.67148 -0.741023 0
    outer loop
      vertex 53.3431 -64.6569 7
      vertex 53.9249 -65.1841 11
      vertex 53.3431 -64.6569 11
    endloop
  endfacet
  facet normal -0.67148 -0.741023 -0
    outer loop
      vertex 53.9249 -65.1841 11
      vertex 53.3431 -64.6569 7
      vertex 53.9249 -65.1841 7
    endloop
  endfacet
  facet normal -0.336901 -0.94154 0
    outer loop
      vertex 55.9385 -66.391 7
      vertex 56.6777 -66.6555 11
      vertex 55.9385 -66.391 11
    endloop
  endfacet
  facet normal -0.336901 -0.94154 -0
    outer loop
      vertex 56.6777 -66.6555 11
      vertex 55.9385 -66.391 7
      vertex 56.6777 -66.6555 7
    endloop
  endfacet
  facet normal -0.146733 -0.989176 0
    outer loop
      vertex 57.4393 -66.8463 7
      vertex 58.2159 -66.9615 11
      vertex 57.4393 -66.8463 11
    endloop
  endfacet
  facet normal -0.146733 -0.989176 -0
    outer loop
      vertex 58.2159 -66.9615 11
      vertex 57.4393 -66.8463 7
      vertex 58.2159 -66.9615 7
    endloop
  endfacet
  facet normal 0.67148 0.741023 -0
    outer loop
      vertex 64.6569 -53.3431 7
      vertex 64.0751 -52.8159 11
      vertex 64.6569 -53.3431 11
    endloop
  endfacet
  facet normal 0.67148 0.741023 0
    outer loop
      vertex 64.0751 -52.8159 11
      vertex 64.6569 -53.3431 7
      vertex 64.0751 -52.8159 7
    endloop
  endfacet
  facet normal 0.803153 0.595773 0
    outer loop
      vertex 65.6518 -54.5554 11
      vertex 65.1841 -53.9249 7
      vertex 65.1841 -53.9249 11
    endloop
  endfacet
  facet normal 0.803153 0.595773 0
    outer loop
      vertex 65.1841 -53.9249 7
      vertex 65.6518 -54.5554 11
      vertex 65.6518 -54.5554 7
    endloop
  endfacet
  facet normal 0.85774 0.514084 0
    outer loop
      vertex 66.0554 -55.2288 11
      vertex 65.6518 -54.5554 7
      vertex 65.6518 -54.5554 11
    endloop
  endfacet
  facet normal 0.85774 0.514084 0
    outer loop
      vertex 65.6518 -54.5554 7
      vertex 66.0554 -55.2288 11
      vertex 66.0554 -55.2288 7
    endloop
  endfacet
  facet normal -0.85774 0.514084 0
    outer loop
      vertex 51.9446 -55.2288 7
      vertex 52.3482 -54.5554 11
      vertex 52.3482 -54.5554 7
    endloop
  endfacet
  facet normal -0.85774 0.514084 0
    outer loop
      vertex 52.3482 -54.5554 11
      vertex 51.9446 -55.2288 7
      vertex 51.9446 -55.2288 11
    endloop
  endfacet
  facet normal -0.989176 0.146733 0
    outer loop
      vertex 51.0385 -58.2159 7
      vertex 51.1537 -57.4393 11
      vertex 51.1537 -57.4393 7
    endloop
  endfacet
  facet normal -0.989176 0.146733 0
    outer loop
      vertex 51.1537 -57.4393 11
      vertex 51.0385 -58.2159 7
      vertex 51.0385 -58.2159 11
    endloop
  endfacet
  facet normal -0.998797 0.0490418 0
    outer loop
      vertex 51 -59 7
      vertex 51.0385 -58.2159 11
      vertex 51.0385 -58.2159 7
    endloop
  endfacet
  facet normal -0.998797 0.0490418 0
    outer loop
      vertex 51.0385 -58.2159 11
      vertex 51 -59 7
      vertex 51 -59 11
    endloop
  endfacet
  facet normal 0.595737 0.80318 -0
    outer loop
      vertex 64.0751 -52.8159 7
      vertex 63.6492 -52.5 11
      vertex 64.0751 -52.8159 11
    endloop
  endfacet
  facet normal 0.595737 0.80318 0
    outer loop
      vertex 63.6492 -52.5 11
      vertex 64.0751 -52.8159 7
      vertex 63.6492 -52.5 7
    endloop
  endfacet
  facet normal 0.94154 0.336901 0
    outer loop
      vertex 66.6555 -56.6777 11
      vertex 66.391 -55.9385 7
      vertex 66.391 -55.9385 11
    endloop
  endfacet
  facet normal 0.94154 0.336901 0
    outer loop
      vertex 66.391 -55.9385 7
      vertex 66.6555 -56.6777 11
      vertex 66.6555 -56.6777 7
    endloop
  endfacet
  facet normal 0.989176 0.146733 0
    outer loop
      vertex 66.9615 -58.2159 11
      vertex 66.8463 -57.4393 7
      vertex 66.8463 -57.4393 11
    endloop
  endfacet
  facet normal 0.989176 0.146733 0
    outer loop
      vertex 66.8463 -57.4393 7
      vertex 66.9615 -58.2159 11
      vertex 66.9615 -58.2159 7
    endloop
  endfacet
  facet normal 0.998797 0.0490418 0
    outer loop
      vertex 67 -59 11
      vertex 66.9615 -58.2159 7
      vertex 66.9615 -58.2159 11
    endloop
  endfacet
  facet normal 0.998797 0.0490418 0
    outer loop
      vertex 66.9615 -58.2159 7
      vertex 67 -59 11
      vertex 67 -59 7
    endloop
  endfacet
  facet normal -0.802922 0.596084 0
    outer loop
      vertex 52.3482 -54.5554 7
      vertex 52.3848 -54.5061 11
      vertex 52.3848 -54.5061 7
    endloop
  endfacet
  facet normal -0.802922 0.596084 0
    outer loop
      vertex 52.3848 -54.5061 11
      vertex 52.3482 -54.5554 7
      vertex 52.3482 -54.5554 11
    endloop
  endfacet
  facet normal -0.90402 0.427489 0
    outer loop
      vertex 51.609 -55.9385 7
      vertex 51.9446 -55.2288 11
      vertex 51.9446 -55.2288 7
    endloop
  endfacet
  facet normal -0.90402 0.427489 0
    outer loop
      vertex 51.9446 -55.2288 11
      vertex 51.609 -55.9385 7
      vertex 51.609 -55.9385 11
    endloop
  endfacet
  facet normal -0.970023 0.243015 0
    outer loop
      vertex 51.1537 -57.4393 7
      vertex 51.3445 -56.6777 11
      vertex 51.3445 -56.6777 7
    endloop
  endfacet
  facet normal -0.970023 0.243015 0
    outer loop
      vertex 51.3445 -56.6777 11
      vertex 51.1537 -57.4393 7
      vertex 51.1537 -57.4393 11
    endloop
  endfacet
  facet normal 0 0 1
    outer loop
      vertex 79 -49.5 12
      vertex 54.6213 -52.5 12
      vertex 79 -52.5 12
    endloop
  endfacet
  facet normal 0 -0 1
    outer loop
      vertex 54.6213 -52.5 12
      vertex 79 -49.5 12
      vertex 51.6213 -49.5 12
    endloop
  endfacet
  facet normal 0 0 1
    outer loop
      vertex 78.1634 -76.0421 12
      vertex 77.6381 -76.8064 12
      vertex 77.9888 -76.3334 12
    endloop
  endfacet
  facet normal 0 0 1
    outer loop
      vertex 78.1634 -76.0421 12
      vertex 77.2426 -77.2426 12
      vertex 77.6381 -76.8064 12
    endloop
  endfacet
  facet normal 0 0 1
    outer loop
      vertex 78.1634 -76.0421 12
      vertex 76.8064 -77.6381 12
      vertex 77.2426 -77.2426 12
    endloop
  endfacet
  facet normal 0 0 1
    outer loop
      vertex 76.0421 -78.1634 12
      vertex 76.8064 -77.6381 12
      vertex 78.1634 -76.0421 12
    endloop
  endfacet
  facet normal 0 0 1
    outer loop
      vertex 76.8064 -77.6381 12
      vertex 76.0421 -78.1634 12
      vertex 76.3334 -77.9888 12
    endloop
  endfacet
  facet normal 0 0 1
    outer loop
      vertex 54.6213 -52.5 12
      vertex 76.0421 -78.1634 12
      vertex 78.1634 -76.0421 12
    endloop
  endfacet
  facet normal 0 0 1
    outer loop
      vertex 50.3787 -52.5 12
      vertex 54.6213 -52.5 12
      vertex 51.6213 -49.5 12
    endloop
  endfacet
  facet normal 0 0 1
    outer loop
      vertex 54.6213 -52.5 12
      vertex 50.3787 -52.5 12
      vertex 76.0421 -78.1634 12
    endloop
  endfacet
  facet normal 0 0 1
    outer loop
      vertex 51.6213 -49.5 12
      vertex 47.3787 -49.5 12
      vertex 50.3787 -52.5 12
    endloop
  endfacet
  facet normal 0 0 1
    outer loop
      vertex 37.5 -35.3787 12
      vertex 47.3787 -49.5 12
      vertex 51.6213 -49.5 12
    endloop
  endfacet
  facet normal 0 0 1
    outer loop
      vertex 47.3787 -49.5 12
      vertex 37.5 -35.3787 12
      vertex 37.5 -39.6213 12
    endloop
  endfacet
  facet normal -0 0 1
    outer loop
      vertex -79 -49.5 12
      vertex -54.6213 -52.5 12
      vertex -51.6213 -49.5 12
    endloop
  endfacet
  facet normal 0 0 1
    outer loop
      vertex -54.6213 -52.5 12
      vertex -79 -49.5 12
      vertex -79 -52.5 12
    endloop
  endfacet
  facet normal 0 0 1
    outer loop
      vertex -79 49.5 12
      vertex -54.6213 52.5 12
      vertex -79 52.5 12
    endloop
  endfacet
  facet normal 0 0 1
    outer loop
      vertex -54.6213 52.5 12
      vertex -79 49.5 12
      vertex -51.6213 49.5 12
    endloop
  endfacet
  facet normal -0 0 1
    outer loop
      vertex -47.3787 -49.5 12
      vertex -37.5 -52.5 12
      vertex -37.5 -49.5 12
    endloop
  endfacet
  facet normal 0 0 1
    outer loop
      vertex -37.5 -52.5 12
      vertex -47.3787 -49.5 12
      vertex -50.3787 -52.5 12
    endloop
  endfacet
  facet normal 0 0 1
    outer loop
      vertex -37.5 -35.3787 12
      vertex -47.3787 -49.5 12
      vertex -37.5 -39.6213 12
    endloop
  endfacet
  facet normal 0 0 1
    outer loop
      vertex -51.6213 -49.5 12
      vertex -47.3787 -49.5 12
      vertex -37.5 -35.3787 12
    endloop
  endfacet
  facet normal 0 0 1
    outer loop
      vertex -47.3787 -49.5 12
      vertex -51.6213 -49.5 12
      vertex -50.3787 -52.5 12
    endloop
  endfacet
  facet normal 0 0 1
    outer loop
      vertex -54.6213 -52.5 12
      vertex -50.3787 -52.5 12
      vertex -51.6213 -49.5 12
    endloop
  endfacet
  facet normal -0 0 1
    outer loop
      vertex -54.6213 -52.5 12
      vertex -76.0421 -78.1634 12
      vertex -50.3787 -52.5 12
    endloop
  endfacet
  facet normal -0 0 1
    outer loop
      vertex -78.1634 -76.0421 12
      vertex -76.0421 -78.1634 12
      vertex -54.6213 -52.5 12
    endloop
  endfacet
  facet normal -0 -0 1
    outer loop
      vertex -76.8064 -77.6381 12
      vertex -76.0421 -78.1634 12
      vertex -78.1634 -76.0421 12
    endloop
  endfacet
  facet normal 0 0 1
    outer loop
      vertex -76.0421 -78.1634 12
      vertex -76.8064 -77.6381 12
      vertex -76.3334 -77.9888 12
    endloop
  endfacet
  facet normal 0 0 1
    outer loop
      vertex -76.8064 -77.6381 12
      vertex -78.1634 -76.0421 12
      vertex -77.2426 -77.2426 12
    endloop
  endfacet
  facet normal 0 0 1
    outer loop
      vertex -77.2426 -77.2426 12
      vertex -78.1634 -76.0421 12
      vertex -77.6381 -76.8064 12
    endloop
  endfacet
  facet normal 0 0 1
    outer loop
      vertex -77.6381 -76.8064 12
      vertex -78.1634 -76.0421 12
      vertex -77.9888 -76.3334 12
    endloop
  endfacet
  facet normal -0 0 1
    outer loop
      vertex -79 1.5 12
      vertex -37.5 -1.5 12
      vertex -37.5 1.5 12
    endloop
  endfacet
  facet normal 0 0 1
    outer loop
      vertex -37.5 -1.5 12
      vertex -79 1.5 12
      vertex -79 -1.5 12
    endloop
  endfacet
  facet normal 0 0 1
    outer loop
      vertex -47.3787 49.5 12
      vertex -37.5 35.3787 12
      vertex -37.5 39.6213 12
    endloop
  endfacet
  facet normal 0 0 1
    outer loop
      vertex -51.6213 49.5 12
      vertex -47.3787 49.5 12
      vertex -50.3787 52.5 12
    endloop
  endfacet
  facet normal 0 0 1
    outer loop
      vertex -47.3787 49.5 12
      vertex -51.6213 49.5 12
      vertex -37.5 35.3787 12
    endloop
  endfacet
  facet normal 0 0 1
    outer loop
      vertex -50.3787 52.5 12
      vertex -54.6213 52.5 12
      vertex -51.6213 49.5 12
    endloop
  endfacet
  facet normal 0 0 1
    outer loop
      vertex -76.0421 78.1634 12
      vertex -54.6213 52.5 12
      vertex -50.3787 52.5 12
    endloop
  endfacet
  facet normal 0 0 1
    outer loop
      vertex -76.8064 77.6381 12
      vertex -76.0421 78.1634 12
      vertex -76.3334 77.9888 12
    endloop
  endfacet
  facet normal 0 0 1
    outer loop
      vertex -76.0421 78.1634 12
      vertex -76.8064 77.6381 12
      vertex -78.1634 76.0421 12
    endloop
  endfacet
  facet normal 0 0 1
    outer loop
      vertex -78.1634 76.0421 12
      vertex -76.8064 77.6381 12
      vertex -77.2426 77.2426 12
    endloop
  endfacet
  facet normal 0 0 1
    outer loop
      vertex -78.1634 76.0421 12
      vertex -77.2426 77.2426 12
      vertex -77.6381 76.8064 12
    endloop
  endfacet
  facet normal 0 0 1
    outer loop
      vertex -78.1634 76.0421 12
      vertex -77.6381 76.8064 12
      vertex -77.9888 76.3334 12
    endloop
  endfacet
  facet normal 0 0 1
    outer loop
      vertex -76.0421 78.1634 12
      vertex -78.1634 76.0421 12
      vertex -54.6213 52.5 12
    endloop
  endfacet
  facet normal 0 0 1
    outer loop
      vertex -37.5 52.5 12
      vertex -47.3787 49.5 12
      vertex -37.5 49.5 12
    endloop
  endfacet
  facet normal 0 -0 1
    outer loop
      vertex -47.3787 49.5 12
      vertex -37.5 52.5 12
      vertex -50.3787 52.5 12
    endloop
  endfacet
  facet normal 0 0 1
    outer loop
      vertex -37.5 52.5 12
      vertex -34.5 52.5 12
      vertex -34.5 79 12
    endloop
  endfacet
  facet normal 0 0 1
    outer loop
      vertex -34.5 52.5 12
      vertex -37.5 52.5 12
      vertex -34.5 49.5 12
    endloop
  endfacet
  facet normal 0 0 1
    outer loop
      vertex -37.5 49.5 12
      vertex -34.5 49.5 12
      vertex -37.5 52.5 12
    endloop
  endfacet
  facet normal 0 0 1
    outer loop
      vertex -37.5 39.6213 12
      vertex -34.5 49.5 12
      vertex -37.5 49.5 12
    endloop
  endfacet
  facet normal 0 0 1
    outer loop
      vertex -34.5 36.6213 12
      vertex -37.5 35.3787 12
      vertex -34.5 32.3787 12
    endloop
  endfacet
  facet normal 0 0 1
    outer loop
      vertex -34.5 32.3787 12
      vertex -37.5 1.5 12
      vertex -34.5 1.5 12
    endloop
  endfacet
  facet normal 0 0 1
    outer loop
      vertex -34.5 1.5 12
      vertex -37.5 1.5 12
      vertex -34.5 -1.5 12
    endloop
  endfacet
  facet normal 0 0 1
    outer loop
      vertex -34.5 -1.5 12
      vertex -37.5 -1.5 12
      vertex -34.5 -32.3787 12
    endloop
  endfacet
  facet normal 0 0 1
    outer loop
      vertex -37.5 -35.3787 12
      vertex -34.5 -32.3787 12
      vertex -37.5 -1.5 12
    endloop
  endfacet
  facet normal 0 0 1
    outer loop
      vertex -34.5 -32.3787 12
      vertex -37.5 -35.3787 12
      vertex -34.5 -36.6213 12
    endloop
  endfacet
  facet normal 0 0 1
    outer loop
      vertex -37.5 52.5 12
      vertex -34.5 79 12
      vertex -37.5 79 12
    endloop
  endfacet
  facet normal 0 0 1
    outer loop
      vertex -34.5 49.5 12
      vertex -37.5 39.6213 12
      vertex -34.5 36.6213 12
    endloop
  endfacet
  facet normal 0 0 1
    outer loop
      vertex -37.5 35.3787 12
      vertex -34.5 36.6213 12
      vertex -37.5 39.6213 12
    endloop
  endfacet
  facet normal 0 0 1
    outer loop
      vertex -37.5 1.5 12
      vertex -34.5 32.3787 12
      vertex -37.5 35.3787 12
    endloop
  endfacet
  facet normal 0 0 1
    outer loop
      vertex -37.5 -1.5 12
      vertex -34.5 -1.5 12
      vertex -37.5 1.5 12
    endloop
  endfacet
  facet normal 0 0 1
    outer loop
      vertex -37.5 -39.6213 12
      vertex -34.5 -36.6213 12
      vertex -37.5 -35.3787 12
    endloop
  endfacet
  facet normal 0 0 1
    outer loop
      vertex -34.5 -36.6213 12
      vertex -37.5 -39.6213 12
      vertex -34.5 -49.5 12
    endloop
  endfacet
  facet normal 0 0 1
    outer loop
      vertex -37.5 -49.5 12
      vertex -34.5 -49.5 12
      vertex -37.5 -39.6213 12
    endloop
  endfacet
  facet normal 0 0 1
    outer loop
      vertex -34.5 -49.5 12
      vertex -37.5 -49.5 12
      vertex -34.5 -52.5 12
    endloop
  endfacet
  facet normal 0 0 1
    outer loop
      vertex -37.5 -52.5 12
      vertex -34.5 -52.5 12
      vertex -37.5 -49.5 12
    endloop
  endfacet
  facet normal 0 0 1
    outer loop
      vertex -34.5 -52.5 12
      vertex -37.5 -52.5 12
      vertex -34.5 -79 12
    endloop
  endfacet
  facet normal 0 0 1
    outer loop
      vertex -34.5 -79 12
      vertex -37.5 -52.5 12
      vertex -37.5 -79 12
    endloop
  endfacet
  facet normal -0 0 1
    outer loop
      vertex -34.5 -49.5 12
      vertex -1.5 -52.5 12
      vertex -1.5 -49.5 12
    endloop
  endfacet
  facet normal 0 0 1
    outer loop
      vertex -1.5 -52.5 12
      vertex -34.5 -49.5 12
      vertex -34.5 -52.5 12
    endloop
  endfacet
  facet normal -0 0 1
    outer loop
      vertex -34.5 52.5 12
      vertex -1.5 49.5 12
      vertex -1.5 52.5 12
    endloop
  endfacet
  facet normal 0 0 1
    outer loop
      vertex -1.5 49.5 12
      vertex -34.5 52.5 12
      vertex -34.5 49.5 12
    endloop
  endfacet
  facet normal 0 0 1
    outer loop
      vertex -1.5 -49.5 12
      vertex 1.5 -49.5 12
      vertex 1.5 -47.5 12
    endloop
  endfacet
  facet normal 0 0 1
    outer loop
      vertex 1.5 -49.5 12
      vertex -1.5 -49.5 12
      vertex 1.5 -52.5 12
    endloop
  endfacet
  facet normal 0 0 1
    outer loop
      vertex -1.5 -49.5 12
      vertex 1.5 -47.5 12
      vertex -1.5 -47.5 12
    endloop
  endfacet
  facet normal 0 0 1
    outer loop
      vertex 1.5 -52.5 12
      vertex -1.5 -49.5 12
      vertex -1.5 -52.5 12
    endloop
  endfacet
  facet normal 0 0 1
    outer loop
      vertex 1.5 -52.5 12
      vertex -1.5 -52.5 12
      vertex 1.5 -79 12
    endloop
  endfacet
  facet normal 0 0 1
    outer loop
      vertex 1.5 -79 12
      vertex -1.5 -52.5 12
      vertex -1.5 -79 12
    endloop
  endfacet
  facet normal 0 0 1
    outer loop
      vertex -1.5 52.5 12
      vertex 1.5 52.5 12
      vertex 1.5 79 12
    endloop
  endfacet
  facet normal 0 0 1
    outer loop
      vertex 1.5 52.5 12
      vertex -1.5 52.5 12
      vertex 1.5 49.5 12
    endloop
  endfacet
  facet normal 0 0 1
    outer loop
      vertex -1.5 52.5 12
      vertex 1.5 79 12
      vertex -1.5 79 12
    endloop
  endfacet
  facet normal 0 0 1
    outer loop
      vertex -1.5 49.5 12
      vertex 1.5 49.5 12
      vertex -1.5 52.5 12
    endloop
  endfacet
  facet normal 0 0 1
    outer loop
      vertex 1.5 49.5 12
      vertex -1.5 49.5 12
      vertex 1.5 47.5 12
    endloop
  endfacet
  facet normal 0 0 1
    outer loop
      vertex 1.5 47.5 12
      vertex -1.5 49.5 12
      vertex -1.5 47.5 12
    endloop
  endfacet
  facet normal -0 0 1
    outer loop
      vertex 1.5 -49.5 12
      vertex 34.5 -52.5 12
      vertex 34.5 -49.5 12
    endloop
  endfacet
  facet normal 0 0 1
    outer loop
      vertex 34.5 -52.5 12
      vertex 1.5 -49.5 12
      vertex 1.5 -52.5 12
    endloop
  endfacet
  facet normal 0 0 1
    outer loop
      vertex 33 -35.1213 12
      vertex 34.5 -32.3787 12
      vertex 33 -30.8787 12
    endloop
  endfacet
  facet normal 0 0 1
    outer loop
      vertex 34.5 -32.3787 12
      vertex 33 -35.1213 12
      vertex 34.5 -36.6213 12
    endloop
  endfacet
  facet normal -0 0 1
    outer loop
      vertex 33 1.5 12
      vertex 34.5 -1.5 12
      vertex 34.5 1.5 12
    endloop
  endfacet
  facet normal 0 0 1
    outer loop
      vertex 34.5 -1.5 12
      vertex 33 1.5 12
      vertex 33 -1.5 12
    endloop
  endfacet
  facet normal -0 0 1
    outer loop
      vertex 33 35.1213 12
      vertex 34.5 32.3787 12
      vertex 34.5 36.6213 12
    endloop
  endfacet
  facet normal 0 0 1
    outer loop
      vertex 34.5 32.3787 12
      vertex 33 35.1213 12
      vertex 33 30.8787 12
    endloop
  endfacet
  facet normal -0 0 1
    outer loop
      vertex 1.5 52.5 12
      vertex 34.5 49.5 12
      vertex 34.5 52.5 12
    endloop
  endfacet
  facet normal 0 0 1
    outer loop
      vertex 34.5 49.5 12
      vertex 1.5 52.5 12
      vertex 1.5 49.5 12
    endloop
  endfacet
  facet normal 0 0 1
    outer loop
      vertex 34.5 52.5 12
      vertex 37.5 52.5 12
      vertex 37.5 79 12
    endloop
  endfacet
  facet normal 0 0 1
    outer loop
      vertex 37.5 52.5 12
      vertex 34.5 52.5 12
      vertex 37.5 49.5 12
    endloop
  endfacet
  facet normal 0 0 1
    outer loop
      vertex 34.5 49.5 12
      vertex 37.5 49.5 12
      vertex 34.5 52.5 12
    endloop
  endfacet
  facet normal 0 0 1
    outer loop
      vertex 37.5 49.5 12
      vertex 34.5 49.5 12
      vertex 37.5 39.6213 12
    endloop
  endfacet
  facet normal 0 0 1
    outer loop
      vertex 34.5 32.3787 12
      vertex 37.5 35.3787 12
      vertex 34.5 36.6213 12
    endloop
  endfacet
  facet normal 0 0 1
    outer loop
      vertex 37.5 35.3787 12
      vertex 34.5 32.3787 12
      vertex 37.5 1.5 12
    endloop
  endfacet
  facet normal 0 0 1
    outer loop
      vertex 37.5 1.5 12
      vertex 34.5 1.5 12
      vertex 37.5 -1.5 12
    endloop
  endfacet
  facet normal 0 0 1
    outer loop
      vertex 34.5 -32.3787 12
      vertex 37.5 -1.5 12
      vertex 34.5 -1.5 12
    endloop
  endfacet
  facet normal 0 0 1
    outer loop
      vertex 37.5 -1.5 12
      vertex 34.5 -32.3787 12
      vertex 37.5 -35.3787 12
    endloop
  endfacet
  facet normal 0 0 1
    outer loop
      vertex 34.5 -36.6213 12
      vertex 37.5 -35.3787 12
      vertex 34.5 -32.3787 12
    endloop
  endfacet
  facet normal 0 0 1
    outer loop
      vertex 34.5 52.5 12
      vertex 37.5 79 12
      vertex 34.5 79 12
    endloop
  endfacet
  facet normal 0 0 1
    outer loop
      vertex 34.5 36.6213 12
      vertex 37.5 39.6213 12
      vertex 34.5 49.5 12
    endloop
  endfacet
  facet normal 0 0 1
    outer loop
      vertex 37.5 39.6213 12
      vertex 34.5 36.6213 12
      vertex 37.5 35.3787 12
    endloop
  endfacet
  facet normal 0 0 1
    outer loop
      vertex 34.5 1.5 12
      vertex 37.5 1.5 12
      vertex 34.5 32.3787 12
    endloop
  endfacet
  facet normal 0 0 1
    outer loop
      vertex 34.5 -1.5 12
      vertex 37.5 -1.5 12
      vertex 34.5 1.5 12
    endloop
  endfacet
  facet normal 0 0 1
    outer loop
      vertex 37.5 -35.3787 12
      vertex 34.5 -36.6213 12
      vertex 37.5 -39.6213 12
    endloop
  endfacet
  facet normal 0 0 1
    outer loop
      vertex 34.5 -49.5 12
      vertex 37.5 -39.6213 12
      vertex 34.5 -36.6213 12
    endloop
  endfacet
  facet normal 0 0 1
    outer loop
      vertex 37.5 -39.6213 12
      vertex 34.5 -49.5 12
      vertex 37.5 -49.5 12
    endloop
  endfacet
  facet normal 0 0 1
    outer loop
      vertex 37.5 -49.5 12
      vertex 34.5 -49.5 12
      vertex 37.5 -52.5 12
    endloop
  endfacet
  facet normal 0 0 1
    outer loop
      vertex 34.5 -52.5 12
      vertex 37.5 -52.5 12
      vertex 34.5 -49.5 12
    endloop
  endfacet
  facet normal 0 0 1
    outer loop
      vertex 37.5 -52.5 12
      vertex 34.5 -52.5 12
      vertex 37.5 -79 12
    endloop
  endfacet
  facet normal 0 0 1
    outer loop
      vertex 37.5 -79 12
      vertex 34.5 -52.5 12
      vertex 34.5 -79 12
    endloop
  endfacet
  facet normal -0 0 1
    outer loop
      vertex 37.5 52.5 12
      vertex 47.3787 49.5 12
      vertex 50.3787 52.5 12
    endloop
  endfacet
  facet normal 0 0 1
    outer loop
      vertex 47.3787 49.5 12
      vertex 37.5 52.5 12
      vertex 37.5 49.5 12
    endloop
  endfacet
  facet normal 0 0 1
    outer loop
      vertex 77.6381 76.8064 12
      vertex 78.1634 76.0421 12
      vertex 77.9888 76.3334 12
    endloop
  endfacet
  facet normal 0 0 1
    outer loop
      vertex 77.2426 77.2426 12
      vertex 78.1634 76.0421 12
      vertex 77.6381 76.8064 12
    endloop
  endfacet
  facet normal 0 0 1
    outer loop
      vertex 76.8064 77.6381 12
      vertex 78.1634 76.0421 12
      vertex 77.2426 77.2426 12
    endloop
  endfacet
  facet normal 0 0 1
    outer loop
      vertex 76.0421 78.1634 12
      vertex 76.8064 77.6381 12
      vertex 76.3334 77.9888 12
    endloop
  endfacet
  facet normal 0 0 1
    outer loop
      vertex 76.8064 77.6381 12
      vertex 76.0421 78.1634 12
      vertex 78.1634 76.0421 12
    endloop
  endfacet
  facet normal 0 0 1
    outer loop
      vertex 76.0421 78.1634 12
      vertex 54.6213 52.5 12
      vertex 78.1634 76.0421 12
    endloop
  endfacet
  facet normal 0 0 1
    outer loop
      vertex 50.3787 52.5 12
      vertex 54.6213 52.5 12
      vertex 76.0421 78.1634 12
    endloop
  endfacet
  facet normal 0 0 1
    outer loop
      vertex 54.6213 52.5 12
      vertex 50.3787 52.5 12
      vertex 51.6213 49.5 12
    endloop
  endfacet
  facet normal 0 0 1
    outer loop
      vertex 47.3787 49.5 12
      vertex 51.6213 49.5 12
      vertex 50.3787 52.5 12
    endloop
  endfacet
  facet normal 0 0 1
    outer loop
      vertex 37.5 39.6213 12
      vertex 51.6213 49.5 12
      vertex 47.3787 49.5 12
    endloop
  endfacet
  facet normal 0 0 1
    outer loop
      vertex 51.6213 49.5 12
      vertex 37.5 39.6213 12
      vertex 37.5 35.3787 12
    endloop
  endfacet
  facet normal -0 0 1
    outer loop
      vertex 54.6213 52.5 12
      vertex 79 49.5 12
      vertex 79 52.5 12
    endloop
  endfacet
  facet normal 0 0 1
    outer loop
      vertex 79 49.5 12
      vertex 54.6213 52.5 12
      vertex 51.6213 49.5 12
    endloop
  endfacet
  facet normal -0 0 1
    outer loop
      vertex 37.5 1.5 12
      vertex 79 -1.5 12
      vertex 79 1.5 12
    endloop
  endfacet
  facet normal 0 0 1
    outer loop
      vertex 79 -1.5 12
      vertex 37.5 1.5 12
      vertex 37.5 -1.5 12
    endloop
  endfacet
  facet normal 0 0 1
    outer loop
      vertex 37.5 -52.5 12
      vertex 47.3787 -49.5 12
      vertex 37.5 -49.5 12
    endloop
  endfacet
  facet normal 0 0 1
    outer loop
      vertex 47.3787 -49.5 12
      vertex 37.5 -52.5 12
      vertex 50.3787 -52.5 12
    endloop
  endfacet
  facet normal 0 0 1
    outer loop
      vertex -34.5 32.3787 12
      vertex -33 35.1213 12
      vertex -34.5 36.6213 12
    endloop
  endfacet
  facet normal 0 0 1
    outer loop
      vertex -33 35.1213 12
      vertex -34.5 32.3787 12
      vertex -33 30.8787 12
    endloop
  endfacet
  facet normal -0 0 1
    outer loop
      vertex -34.5 1.5 12
      vertex -33 -1.5 12
      vertex -33 1.5 12
    endloop
  endfacet
  facet normal 0 0 1
    outer loop
      vertex -33 -1.5 12
      vertex -34.5 1.5 12
      vertex -34.5 -1.5 12
    endloop
  endfacet
  facet normal -0 0 1
    outer loop
      vertex -34.5 -32.3787 12
      vertex -33 -35.1213 12
      vertex -33 -30.8787 12
    endloop
  endfacet
  facet normal 0 0 1
    outer loop
      vertex -33 -35.1213 12
      vertex -34.5 -32.3787 12
      vertex -34.5 -36.6213 12
    endloop
  endfacet
  facet normal 0.707107 -0.707107 0
    outer loop
      vertex 78.1634 76.0421 12
      vertex 65.6152 63.4939 11
      vertex 78.1634 76.0421 7
    endloop
  endfacet
  facet normal 0.707107 -0.707107 6.82936e-15
    outer loop
      vertex 54.6213 52.5 12
      vertex 65.6152 63.4939 11
      vertex 78.1634 76.0421 12
    endloop
  endfacet
  facet normal 0.707107 -0.707107 0
    outer loop
      vertex 65.6152 63.4939 11
      vertex 54.6213 52.5 12
      vertex 54.6213 52.5 11
    endloop
  endfacet
  facet normal 0.707107 -0.707107 0
    outer loop
      vertex 78.1634 76.0421 7
      vertex 65.6152 63.4939 11
      vertex 65.6152 63.4939 7
    endloop
  endfacet
  facet normal 0 1 0
    outer loop
      vertex 79 52.5 12
      vertex 63.6492 52.5 11
      vertex 54.6213 52.5 12
    endloop
  endfacet
  facet normal 0 1 -0
    outer loop
      vertex 79 52.5 7
      vertex 63.6492 52.5 11
      vertex 79 52.5 12
    endloop
  endfacet
  facet normal 0 1 0
    outer loop
      vertex 63.6492 52.5 11
      vertex 79 52.5 7
      vertex 63.6492 52.5 7
    endloop
  endfacet
  facet normal 0 1 0
    outer loop
      vertex 54.6213 52.5 12
      vertex 63.6492 52.5 11
      vertex 54.6213 52.5 11
    endloop
  endfacet
  facet normal 0 -1 0
    outer loop
      vertex 51.6213 49.5 7
      vertex 79 49.5 12
      vertex 51.6213 49.5 12
    endloop
  endfacet
  facet normal 0 -1 -0
    outer loop
      vertex 79 49.5 12
      vertex 51.6213 49.5 7
      vertex 79 49.5 7
    endloop
  endfacet
  facet normal 0.707107 -0.707107 0
    outer loop
      vertex 37.5 35.3787 12
      vertex 51.6213 49.5 7
      vertex 51.6213 49.5 12
    endloop
  endfacet
  facet normal 0.707107 -0.707107 0
    outer loop
      vertex 51.6213 49.5 7
      vertex 37.5 35.3787 12
      vertex 37.5 35.3787 7
    endloop
  endfacet
  facet normal 1 -0 0
    outer loop
      vertex 37.5 1.5 12
      vertex 37.5 35.3787 7
      vertex 37.5 35.3787 12
    endloop
  endfacet
  facet normal 1 0 0
    outer loop
      vertex 37.5 35.3787 7
      vertex 37.5 1.5 12
      vertex 37.5 1.5 7
    endloop
  endfacet
  facet normal 0 1 -0
    outer loop
      vertex 79 1.5 7
      vertex 37.5 1.5 12
      vertex 79 1.5 12
    endloop
  endfacet
  facet normal 0 1 0
    outer loop
      vertex 37.5 1.5 12
      vertex 79 1.5 7
      vertex 37.5 1.5 7
    endloop
  endfacet
  facet normal 0 -1 0
    outer loop
      vertex 37.5 -1.5 7
      vertex 79 -1.5 12
      vertex 37.5 -1.5 12
    endloop
  endfacet
  facet normal 0 -1 -0
    outer loop
      vertex 79 -1.5 12
      vertex 37.5 -1.5 7
      vertex 79 -1.5 7
    endloop
  endfacet
  facet normal 1 -0 0
    outer loop
      vertex 37.5 -35.3787 12
      vertex 37.5 -1.5 7
      vertex 37.5 -1.5 12
    endloop
  endfacet
  facet normal 1 0 0
    outer loop
      vertex 37.5 -1.5 7
      vertex 37.5 -35.3787 12
      vertex 37.5 -35.3787 7
    endloop
  endfacet
  facet normal 0.707107 0.707107 0
    outer loop
      vertex 51.6213 -49.5 12
      vertex 37.5 -35.3787 7
      vertex 37.5 -35.3787 12
    endloop
  endfacet
  facet normal 0.707107 0.707107 0
    outer loop
      vertex 37.5 -35.3787 7
      vertex 51.6213 -49.5 12
      vertex 51.6213 -49.5 7
    endloop
  endfacet
  facet normal 0 1 -0
    outer loop
      vertex 79 -49.5 7
      vertex 51.6213 -49.5 12
      vertex 79 -49.5 12
    endloop
  endfacet
  facet normal 0 1 0
    outer loop
      vertex 51.6213 -49.5 12
      vertex 79 -49.5 7
      vertex 51.6213 -49.5 7
    endloop
  endfacet
  facet normal 0 -1 0
    outer loop
      vertex 63.6492 -52.5 11
      vertex 54.6213 -52.5 12
      vertex 54.6213 -52.5 11
    endloop
  endfacet
  facet normal 0 -1 0
    outer loop
      vertex 54.6213 -52.5 12
      vertex 63.6492 -52.5 11
      vertex 79 -52.5 12
    endloop
  endfacet
  facet normal 0 -1 0
    outer loop
      vertex 79 -52.5 7
      vertex 63.6492 -52.5 11
      vertex 63.6492 -52.5 7
    endloop
  endfacet
  facet normal 0 -1 0
    outer loop
      vertex 63.6492 -52.5 11
      vertex 79 -52.5 7
      vertex 79 -52.5 12
    endloop
  endfacet
  facet normal 0.707107 0.707107 0
    outer loop
      vertex 54.6213 -52.5 12
      vertex 65.6152 -63.4939 11
      vertex 54.6213 -52.5 11
    endloop
  endfacet
  facet normal 0.707107 0.707107 6.82936e-15
    outer loop
      vertex 78.1634 -76.0421 12
      vertex 65.6152 -63.4939 11
      vertex 54.6213 -52.5 12
    endloop
  endfacet
  facet normal 0.707107 0.707107 -0
    outer loop
      vertex 78.1634 -76.0421 7
      vertex 65.6152 -63.4939 11
      vertex 78.1634 -76.0421 12
    endloop
  endfacet
  facet normal 0.707107 0.707107 0
    outer loop
      vertex 65.6152 -63.4939 11
      vertex 78.1634 -76.0421 7
      vertex 65.6152 -63.4939 7
    endloop
  endfacet
  facet normal -0.707107 -0.707107 0
    outer loop
      vertex 63.4939 -65.6152 7
      vertex 76.0421 -78.1634 7
      vertex 63.4939 -65.6152 11
    endloop
  endfacet
  facet normal -0.707107 -0.707107 -0
    outer loop
      vertex 52.3848 -54.5061 11
      vertex 50.3787 -52.5 7
      vertex 52.3848 -54.5061 7
    endloop
  endfacet
  facet normal -0.707107 -0.707107 0
    outer loop
      vertex 50.3787 -52.5 7
      vertex 52.3848 -54.5061 11
      vertex 50.3787 -52.5 12
    endloop
  endfacet
  facet normal -0.707107 -0.707107 5.42722e-15
    outer loop
      vertex 63.4939 -65.6152 11
      vertex 50.3787 -52.5 12
      vertex 52.3848 -54.5061 11
    endloop
  endfacet
  facet normal -0.707107 -0.707107 7.83107e-15
    outer loop
      vertex 63.4939 -65.6152 11
      vertex 76.0421 -78.1634 12
      vertex 50.3787 -52.5 12
    endloop
  endfacet
  facet normal -0.707107 -0.707107 -0
    outer loop
      vertex 76.0421 -78.1634 12
      vertex 63.4939 -65.6152 11
      vertex 76.0421 -78.1634 7
    endloop
  endfacet
  facet normal 0 -1 0
    outer loop
      vertex 37.5 -52.5 7
      vertex 50.3787 -52.5 12
      vertex 37.5 -52.5 12
    endloop
  endfacet
  facet normal 0 -1 -0
    outer loop
      vertex 50.3787 -52.5 12
      vertex 37.5 -52.5 7
      vertex 50.3787 -52.5 7
    endloop
  endfacet
  facet normal 1 -0 0
    outer loop
      vertex 37.5 -79 12
      vertex 37.5 -52.5 7
      vertex 37.5 -52.5 12
    endloop
  endfacet
  facet normal 1 0 0
    outer loop
      vertex 37.5 -52.5 7
      vertex 37.5 -79 12
      vertex 37.5 -79 7
    endloop
  endfacet
  facet normal -1 0 0
    outer loop
      vertex 34.5 -79 7
      vertex 34.5 -52.5 12
      vertex 34.5 -52.5 7
    endloop
  endfacet
  facet normal -1 -0 0
    outer loop
      vertex 34.5 -52.5 12
      vertex 34.5 -79 7
      vertex 34.5 -79 12
    endloop
  endfacet
  facet normal 0 -1 0
    outer loop
      vertex 1.5 -52.5 7
      vertex 34.5 -52.5 12
      vertex 1.5 -52.5 12
    endloop
  endfacet
  facet normal 0 -1 -0
    outer loop
      vertex 34.5 -52.5 12
      vertex 1.5 -52.5 7
      vertex 34.5 -52.5 7
    endloop
  endfacet
  facet normal 1 -0 0
    outer loop
      vertex 1.5 -79 12
      vertex 1.5 -52.5 7
      vertex 1.5 -52.5 12
    endloop
  endfacet
  facet normal 1 0 0
    outer loop
      vertex 1.5 -52.5 7
      vertex 1.5 -79 12
      vertex 1.5 -79 7
    endloop
  endfacet
  facet normal -1 0 0
    outer loop
      vertex -1.5 -79 7
      vertex -1.5 -52.5 12
      vertex -1.5 -52.5 7
    endloop
  endfacet
  facet normal -1 -0 0
    outer loop
      vertex -1.5 -52.5 12
      vertex -1.5 -79 7
      vertex -1.5 -79 12
    endloop
  endfacet
  facet normal 0 -1 0
    outer loop
      vertex -34.5 -52.5 7
      vertex -1.5 -52.5 12
      vertex -34.5 -52.5 12
    endloop
  endfacet
  facet normal 0 -1 -0
    outer loop
      vertex -1.5 -52.5 12
      vertex -34.5 -52.5 7
      vertex -1.5 -52.5 7
    endloop
  endfacet
  facet normal 1 -0 0
    outer loop
      vertex -34.5 -79 12
      vertex -34.5 -52.5 7
      vertex -34.5 -52.5 12
    endloop
  endfacet
  facet normal 1 0 0
    outer loop
      vertex -34.5 -52.5 7
      vertex -34.5 -79 12
      vertex -34.5 -79 7
    endloop
  endfacet
  facet normal -1 0 0
    outer loop
      vertex -37.5 -79 7
      vertex -37.5 -52.5 12
      vertex -37.5 -52.5 7
    endloop
  endfacet
  facet normal -1 -0 0
    outer loop
      vertex -37.5 -52.5 12
      vertex -37.5 -79 7
      vertex -37.5 -79 12
    endloop
  endfacet
  facet normal 0 -1 0
    outer loop
      vertex -50.3787 -52.5 7
      vertex -37.5 -52.5 12
      vertex -50.3787 -52.5 12
    endloop
  endfacet
  facet normal 0 -1 -0
    outer loop
      vertex -37.5 -52.5 12
      vertex -50.3787 -52.5 7
      vertex -37.5 -52.5 7
    endloop
  endfacet
  facet normal 0.707107 -0.707107 0
    outer loop
      vertex -50.3787 -52.5 12
      vertex -52.3848 -54.5061 11
      vertex -50.3787 -52.5 7
    endloop
  endfacet
  facet normal 0.707107 -0.707107 4.97495e-15
    outer loop
      vertex -50.3787 -52.5 12
      vertex -63.4939 -65.6152 11
      vertex -52.3848 -54.5061 11
    endloop
  endfacet
  facet normal 0.707107 -0.707107 7.83107e-15
    outer loop
      vertex -76.0421 -78.1634 12
      vertex -63.4939 -65.6152 11
      vertex -50.3787 -52.5 12
    endloop
  endfacet
  facet normal 0.707107 -0.707107 0
    outer loop
      vertex -76.0421 -78.1634 7
      vertex -63.4939 -65.6152 11
      vertex -76.0421 -78.1634 12
    endloop
  endfacet
  facet normal 0.707107 -0.707107 0
    outer loop
      vertex -63.4939 -65.6152 11
      vertex -76.0421 -78.1634 7
      vertex -63.4939 -65.6152 7
    endloop
  endfacet
  facet normal 0.707107 -0.707107 0
    outer loop
      vertex -50.3787 -52.5 7
      vertex -52.3848 -54.5061 11
      vertex -52.3848 -54.5061 7
    endloop
  endfacet
  facet normal -0.707107 0.707107 0
    outer loop
      vertex -65.6152 -63.4939 7
      vertex -78.1634 -76.0421 7
      vertex -65.6152 -63.4939 11
    endloop
  endfacet
  facet normal -0.707107 0.707107 0
    outer loop
      vertex -65.6152 -63.4939 11
      vertex -54.6213 -52.5 12
      vertex -54.6213 -52.5 11
    endloop
  endfacet
  facet normal -0.707107 0.707107 7.68303e-15
    outer loop
      vertex -65.6152 -63.4939 11
      vertex -78.1634 -76.0421 12
      vertex -54.6213 -52.5 12
    endloop
  endfacet
  facet normal -0.707107 0.707107 0
    outer loop
      vertex -78.1634 -76.0421 12
      vertex -65.6152 -63.4939 11
      vertex -78.1634 -76.0421 7
    endloop
  endfacet
  facet normal 0 -1 0
    outer loop
      vertex -79 -52.5 12
      vertex -63.6492 -52.5 11
      vertex -54.6213 -52.5 12
    endloop
  endfacet
  facet normal 0 -1 0
    outer loop
      vertex -79 -52.5 7
      vertex -63.6492 -52.5 11
      vertex -79 -52.5 12
    endloop
  endfacet
  facet normal 0 -1 -0
    outer loop
      vertex -63.6492 -52.5 11
      vertex -79 -52.5 7
      vertex -63.6492 -52.5 7
    endloop
  endfacet
  facet normal 0 -1 -0
    outer loop
      vertex -54.6213 -52.5 12
      vertex -63.6492 -52.5 11
      vertex -54.6213 -52.5 11
    endloop
  endfacet
  facet normal 0 1 -0
    outer loop
      vertex -51.6213 -49.5 7
      vertex -79 -49.5 12
      vertex -51.6213 -49.5 12
    endloop
  endfacet
  facet normal 0 1 0
    outer loop
      vertex -79 -49.5 12
      vertex -51.6213 -49.5 7
      vertex -79 -49.5 7
    endloop
  endfacet
  facet normal -0.707107 0.707107 0
    outer loop
      vertex -51.6213 -49.5 7
      vertex -37.5 -35.3787 12
      vertex -37.5 -35.3787 7
    endloop
  endfacet
  facet normal -0.707107 0.707107 0
    outer loop
      vertex -37.5 -35.3787 12
      vertex -51.6213 -49.5 7
      vertex -51.6213 -49.5 12
    endloop
  endfacet
  facet normal -1 0 0
    outer loop
      vertex -37.5 -35.3787 7
      vertex -37.5 -1.5 12
      vertex -37.5 -1.5 7
    endloop
  endfacet
  facet normal -1 -0 0
    outer loop
      vertex -37.5 -1.5 12
      vertex -37.5 -35.3787 7
      vertex -37.5 -35.3787 12
    endloop
  endfacet
  facet normal 0 -1 0
    outer loop
      vertex -79 -1.5 7
      vertex -37.5 -1.5 12
      vertex -79 -1.5 12
    endloop
  endfacet
  facet normal 0 -1 -0
    outer loop
      vertex -37.5 -1.5 12
      vertex -79 -1.5 7
      vertex -37.5 -1.5 7
    endloop
  endfacet
  facet normal 0 1 -0
    outer loop
      vertex -37.5 1.5 7
      vertex -79 1.5 12
      vertex -37.5 1.5 12
    endloop
  endfacet
  facet normal 0 1 0
    outer loop
      vertex -79 1.5 12
      vertex -37.5 1.5 7
      vertex -79 1.5 7
    endloop
  endfacet
  facet normal -1 0 0
    outer loop
      vertex -37.5 1.5 7
      vertex -37.5 35.3787 12
      vertex -37.5 35.3787 7
    endloop
  endfacet
  facet normal -1 -0 0
    outer loop
      vertex -37.5 35.3787 12
      vertex -37.5 1.5 7
      vertex -37.5 1.5 12
    endloop
  endfacet
  facet normal -0.707107 -0.707107 0
    outer loop
      vertex -37.5 35.3787 7
      vertex -51.6213 49.5 12
      vertex -51.6213 49.5 7
    endloop
  endfacet
  facet normal -0.707107 -0.707107 0
    outer loop
      vertex -51.6213 49.5 12
      vertex -37.5 35.3787 7
      vertex -37.5 35.3787 12
    endloop
  endfacet
  facet normal 0 -1 0
    outer loop
      vertex -79 49.5 7
      vertex -51.6213 49.5 12
      vertex -79 49.5 12
    endloop
  endfacet
  facet normal 0 -1 -0
    outer loop
      vertex -51.6213 49.5 12
      vertex -79 49.5 7
      vertex -51.6213 49.5 7
    endloop
  endfacet
  facet normal 0 1 0
    outer loop
      vertex -63.6492 52.5 11
      vertex -54.6213 52.5 12
      vertex -54.6213 52.5 11
    endloop
  endfacet
  facet normal 0 1 0
    outer loop
      vertex -54.6213 52.5 12
      vertex -63.6492 52.5 11
      vertex -79 52.5 12
    endloop
  endfacet
  facet normal 0 1 0
    outer loop
      vertex -79 52.5 7
      vertex -63.6492 52.5 11
      vertex -63.6492 52.5 7
    endloop
  endfacet
  facet normal 0 1 0
    outer loop
      vertex -63.6492 52.5 11
      vertex -79 52.5 7
      vertex -79 52.5 12
    endloop
  endfacet
  facet normal -0.707107 -0.707107 -0
    outer loop
      vertex -65.6152 63.4939 11
      vertex -78.1634 76.0421 7
      vertex -65.6152 63.4939 7
    endloop
  endfacet
  facet normal -0.707107 -0.707107 0
    outer loop
      vertex -78.1634 76.0421 7
      vertex -65.6152 63.4939 11
      vertex -78.1634 76.0421 12
    endloop
  endfacet
  facet normal -0.707107 -0.707107 -0
    outer loop
      vertex -54.6213 52.5 12
      vertex -65.6152 63.4939 11
      vertex -54.6213 52.5 11
    endloop
  endfacet
  facet normal -0.707107 -0.707107 7.68303e-15
    outer loop
      vertex -65.6152 63.4939 11
      vertex -54.6213 52.5 12
      vertex -78.1634 76.0421 12
    endloop
  endfacet
  facet normal 0.707107 0.707107 0
    outer loop
      vertex -76.0421 78.1634 12
      vertex -63.4939 65.6152 11
      vertex -76.0421 78.1634 7
    endloop
  endfacet
  facet normal 0.707107 0.707107 7.83107e-15
    outer loop
      vertex -50.3787 52.5 12
      vertex -63.4939 65.6152 11
      vertex -76.0421 78.1634 12
    endloop
  endfacet
  facet normal 0.707107 0.707107 5.42722e-15
    outer loop
      vertex -63.4939 65.6152 11
      vertex -50.3787 52.5 12
      vertex -52.3848 54.5061 11
    endloop
  endfacet
  facet normal 0.707107 0.707107 -0
    outer loop
      vertex -50.3787 52.5 7
      vertex -52.3848 54.5061 11
      vertex -50.3787 52.5 12
    endloop
  endfacet
  facet normal 0.707107 0.707107 0
    outer loop
      vertex -52.3848 54.5061 11
      vertex -50.3787 52.5 7
      vertex -52.3848 54.5061 7
    endloop
  endfacet
  facet normal 0.707107 0.707107 0
    outer loop
      vertex -76.0421 78.1634 7
      vertex -63.4939 65.6152 11
      vertex -63.4939 65.6152 7
    endloop
  endfacet
  facet normal 0 1 -0
    outer loop
      vertex -37.5 52.5 7
      vertex -50.3787 52.5 12
      vertex -37.5 52.5 12
    endloop
  endfacet
  facet normal 0 1 0
    outer loop
      vertex -50.3787 52.5 12
      vertex -37.5 52.5 7
      vertex -50.3787 52.5 7
    endloop
  endfacet
  facet normal -1 0 0
    outer loop
      vertex -37.5 52.5 7
      vertex -37.5 79 12
      vertex -37.5 79 7
    endloop
  endfacet
  facet normal -1 -0 0
    outer loop
      vertex -37.5 79 12
      vertex -37.5 52.5 7
      vertex -37.5 52.5 12
    endloop
  endfacet
  facet normal 1 -0 0
    outer loop
      vertex -34.5 52.5 12
      vertex -34.5 79 7
      vertex -34.5 79 12
    endloop
  endfacet
  facet normal 1 0 0
    outer loop
      vertex -34.5 79 7
      vertex -34.5 52.5 12
      vertex -34.5 52.5 7
    endloop
  endfacet
  facet normal 0 1 -0
    outer loop
      vertex -1.5 52.5 7
      vertex -34.5 52.5 12
      vertex -1.5 52.5 12
    endloop
  endfacet
  facet normal 0 1 0
    outer loop
      vertex -34.5 52.5 12
      vertex -1.5 52.5 7
      vertex -34.5 52.5 7
    endloop
  endfacet
  facet normal -1 0 0
    outer loop
      vertex -1.5 52.5 7
      vertex -1.5 79 12
      vertex -1.5 79 7
    endloop
  endfacet
  facet normal -1 -0 0
    outer loop
      vertex -1.5 79 12
      vertex -1.5 52.5 7
      vertex -1.5 52.5 12
    endloop
  endfacet
  facet normal 1 -0 0
    outer loop
      vertex 1.5 52.5 12
      vertex 1.5 79 7
      vertex 1.5 79 12
    endloop
  endfacet
  facet normal 1 0 0
    outer loop
      vertex 1.5 79 7
      vertex 1.5 52.5 12
      vertex 1.5 52.5 7
    endloop
  endfacet
  facet normal 0 1 -0
    outer loop
      vertex 34.5 52.5 7
      vertex 1.5 52.5 12
      vertex 34.5 52.5 12
    endloop
  endfacet
  facet normal 0 1 0
    outer loop
      vertex 1.5 52.5 12
      vertex 34.5 52.5 7
      vertex 1.5 52.5 7
    endloop
  endfacet
  facet normal -1 0 0
    outer loop
      vertex 34.5 52.5 7
      vertex 34.5 79 12
      vertex 34.5 79 7
    endloop
  endfacet
  facet normal -1 -0 0
    outer loop
      vertex 34.5 79 12
      vertex 34.5 52.5 7
      vertex 34.5 52.5 12
    endloop
  endfacet
  facet normal 1 -0 0
    outer loop
      vertex 37.5 52.5 12
      vertex 37.5 79 7
      vertex 37.5 79 12
    endloop
  endfacet
  facet normal 1 0 0
    outer loop
      vertex 37.5 79 7
      vertex 37.5 52.5 12
      vertex 37.5 52.5 7
    endloop
  endfacet
  facet normal 0 1 -0
    outer loop
      vertex 50.3787 52.5 7
      vertex 37.5 52.5 12
      vertex 50.3787 52.5 12
    endloop
  endfacet
  facet normal 0 1 0
    outer loop
      vertex 37.5 52.5 12
      vertex 50.3787 52.5 7
      vertex 37.5 52.5 7
    endloop
  endfacet
  facet normal -0.707107 0.707107 0
    outer loop
      vertex 52.3848 54.5061 7
      vertex 50.3787 52.5 7
      vertex 52.3848 54.5061 11
    endloop
  endfacet
  facet normal -0.707107 0.707107 0
    outer loop
      vertex 63.4939 65.6152 11
      vertex 76.0421 78.1634 7
      vertex 63.4939 65.6152 7
    endloop
  endfacet
  facet normal -0.707107 0.707107 0
    outer loop
      vertex 76.0421 78.1634 7
      vertex 63.4939 65.6152 11
      vertex 76.0421 78.1634 12
    endloop
  endfacet
  facet normal -0.707107 0.707107 4.97495e-15
    outer loop
      vertex 50.3787 52.5 12
      vertex 63.4939 65.6152 11
      vertex 52.3848 54.5061 11
    endloop
  endfacet
  facet normal -0.707107 0.707107 7.83107e-15
    outer loop
      vertex 63.4939 65.6152 11
      vertex 50.3787 52.5 12
      vertex 76.0421 78.1634 12
    endloop
  endfacet
  facet normal -0.707107 0.707107 0
    outer loop
      vertex 50.3787 52.5 12
      vertex 52.3848 54.5061 11
      vertex 50.3787 52.5 7
    endloop
  endfacet
  facet normal 1 -0 0
    outer loop
      vertex 37.5 -49.5 12
      vertex 37.5 -39.6213 7
      vertex 37.5 -39.6213 12
    endloop
  endfacet
  facet normal 1 0 0
    outer loop
      vertex 37.5 -39.6213 7
      vertex 37.5 -49.5 12
      vertex 37.5 -49.5 7
    endloop
  endfacet
  facet normal 0 1 -0
    outer loop
      vertex 47.3787 -49.5 7
      vertex 37.5 -49.5 12
      vertex 47.3787 -49.5 12
    endloop
  endfacet
  facet normal 0 1 0
    outer loop
      vertex 37.5 -49.5 12
      vertex 47.3787 -49.5 7
      vertex 37.5 -49.5 7
    endloop
  endfacet
  facet normal -0.707107 -0.707107 0
    outer loop
      vertex 47.3787 -49.5 7
      vertex 37.5 -39.6213 12
      vertex 37.5 -39.6213 7
    endloop
  endfacet
  facet normal -0.707107 -0.707107 0
    outer loop
      vertex 37.5 -39.6213 12
      vertex 47.3787 -49.5 7
      vertex 47.3787 -49.5 12
    endloop
  endfacet
  facet normal 0 1 -0
    outer loop
      vertex -37.5 -49.5 7
      vertex -47.3787 -49.5 12
      vertex -37.5 -49.5 12
    endloop
  endfacet
  facet normal 0 1 0
    outer loop
      vertex -47.3787 -49.5 12
      vertex -37.5 -49.5 7
      vertex -47.3787 -49.5 7
    endloop
  endfacet
  facet normal -1 0 0
    outer loop
      vertex -37.5 -49.5 7
      vertex -37.5 -39.6213 12
      vertex -37.5 -39.6213 7
    endloop
  endfacet
  facet normal -1 -0 0
    outer loop
      vertex -37.5 -39.6213 12
      vertex -37.5 -49.5 7
      vertex -37.5 -49.5 12
    endloop
  endfacet
  facet normal 0.707107 -0.707107 0
    outer loop
      vertex -47.3787 -49.5 12
      vertex -37.5 -39.6213 7
      vertex -37.5 -39.6213 12
    endloop
  endfacet
  facet normal 0.707107 -0.707107 0
    outer loop
      vertex -37.5 -39.6213 7
      vertex -47.3787 -49.5 12
      vertex -47.3787 -49.5 7
    endloop
  endfacet
  facet normal 1 -0 0
    outer loop
      vertex -34.5 -49.5 12
      vertex -34.5 -36.6213 7
      vertex -34.5 -36.6213 12
    endloop
  endfacet
  facet normal 1 0 0
    outer loop
      vertex -34.5 -36.6213 7
      vertex -34.5 -49.5 12
      vertex -34.5 -49.5 7
    endloop
  endfacet
  facet normal 0 1 -0
    outer loop
      vertex -1.5 -49.5 7
      vertex -34.5 -49.5 12
      vertex -1.5 -49.5 12
    endloop
  endfacet
  facet normal 0 1 0
    outer loop
      vertex -34.5 -49.5 12
      vertex -1.5 -49.5 7
      vertex -34.5 -49.5 7
    endloop
  endfacet
  facet normal -1 0 0
    outer loop
      vertex -1.5 -49.5 7
      vertex -1.5 -47.5 12
      vertex -1.5 -47.5 7
    endloop
  endfacet
  facet normal -1 -0 0
    outer loop
      vertex -1.5 -47.5 12
      vertex -1.5 -49.5 7
      vertex -1.5 -49.5 12
    endloop
  endfacet
  facet normal 0.707107 -0.707107 0
    outer loop
      vertex -34.5 -36.6213 12
      vertex -33 -35.1213 7
      vertex -33 -35.1213 12
    endloop
  endfacet
  facet normal 0.707107 -0.707107 0
    outer loop
      vertex -33 -35.1213 7
      vertex -34.5 -36.6213 12
      vertex -34.5 -36.6213 7
    endloop
  endfacet
  facet normal 0 1 -0
    outer loop
      vertex 34.5 -49.5 7
      vertex 1.5 -49.5 12
      vertex 34.5 -49.5 12
    endloop
  endfacet
  facet normal 0 1 0
    outer loop
      vertex 1.5 -49.5 12
      vertex 34.5 -49.5 7
      vertex 1.5 -49.5 7
    endloop
  endfacet
  facet normal -1 0 0
    outer loop
      vertex 34.5 -49.5 7
      vertex 34.5 -36.6213 12
      vertex 34.5 -36.6213 7
    endloop
  endfacet
  facet normal -1 -0 0
    outer loop
      vertex 34.5 -36.6213 12
      vertex 34.5 -49.5 7
      vertex 34.5 -49.5 12
    endloop
  endfacet
  facet normal -0.707107 -0.707107 0
    outer loop
      vertex 34.5 -36.6213 7
      vertex 33 -35.1213 12
      vertex 33 -35.1213 7
    endloop
  endfacet
  facet normal -0.707107 -0.707107 0
    outer loop
      vertex 33 -35.1213 12
      vertex 34.5 -36.6213 7
      vertex 34.5 -36.6213 12
    endloop
  endfacet
  facet normal 1 -0 0
    outer loop
      vertex 1.5 -49.5 12
      vertex 1.5 -47.5 7
      vertex 1.5 -47.5 12
    endloop
  endfacet
  facet normal 1 0 0
    outer loop
      vertex 1.5 -47.5 7
      vertex 1.5 -49.5 12
      vertex 1.5 -49.5 7
    endloop
  endfacet
  facet normal 1 -0 0
    outer loop
      vertex -34.5 -32.3787 12
      vertex -34.5 -1.5 7
      vertex -34.5 -1.5 12
    endloop
  endfacet
  facet normal 1 0 0
    outer loop
      vertex -34.5 -1.5 7
      vertex -34.5 -32.3787 12
      vertex -34.5 -32.3787 7
    endloop
  endfacet
  facet normal -0.707107 0.707107 0
    outer loop
      vertex -34.5 -32.3787 7
      vertex -33 -30.8787 12
      vertex -33 -30.8787 7
    endloop
  endfacet
  facet normal -0.707107 0.707107 0
    outer loop
      vertex -33 -30.8787 12
      vertex -34.5 -32.3787 7
      vertex -34.5 -32.3787 12
    endloop
  endfacet
  facet normal 0 -1 0
    outer loop
      vertex -34.5 -1.5 7
      vertex -33 -1.5 12
      vertex -34.5 -1.5 12
    endloop
  endfacet
  facet normal 0 -1 -0
    outer loop
      vertex -33 -1.5 12
      vertex -34.5 -1.5 7
      vertex -33 -1.5 7
    endloop
  endfacet
  facet normal 0.707107 0.707107 0
    outer loop
      vertex 34.5 -32.3787 12
      vertex 33 -30.8787 7
      vertex 33 -30.8787 12
    endloop
  endfacet
  facet normal 0.707107 0.707107 0
    outer loop
      vertex 33 -30.8787 7
      vertex 34.5 -32.3787 12
      vertex 34.5 -32.3787 7
    endloop
  endfacet
  facet normal -1 0 0
    outer loop
      vertex 34.5 -32.3787 7
      vertex 34.5 -1.5 12
      vertex 34.5 -1.5 7
    endloop
  endfacet
  facet normal -1 -0 0
    outer loop
      vertex 34.5 -1.5 12
      vertex 34.5 -32.3787 7
      vertex 34.5 -32.3787 12
    endloop
  endfacet
  facet normal 0 -1 0
    outer loop
      vertex 33 -1.5 7
      vertex 34.5 -1.5 12
      vertex 33 -1.5 12
    endloop
  endfacet
  facet normal 0 -1 -0
    outer loop
      vertex 34.5 -1.5 12
      vertex 33 -1.5 7
      vertex 34.5 -1.5 7
    endloop
  endfacet
  facet normal 0 1 -0
    outer loop
      vertex -33 1.5 7
      vertex -34.5 1.5 12
      vertex -33 1.5 12
    endloop
  endfacet
  facet normal 0 1 0
    outer loop
      vertex -34.5 1.5 12
      vertex -33 1.5 7
      vertex -34.5 1.5 7
    endloop
  endfacet
  facet normal -0.707107 -0.707107 0
    outer loop
      vertex -33 30.8787 7
      vertex -34.5 32.3787 12
      vertex -34.5 32.3787 7
    endloop
  endfacet
  facet normal -0.707107 -0.707107 0
    outer loop
      vertex -34.5 32.3787 12
      vertex -33 30.8787 7
      vertex -33 30.8787 12
    endloop
  endfacet
  facet normal 1 -0 0
    outer loop
      vertex -34.5 1.5 12
      vertex -34.5 32.3787 7
      vertex -34.5 32.3787 12
    endloop
  endfacet
  facet normal 1 0 0
    outer loop
      vertex -34.5 32.3787 7
      vertex -34.5 1.5 12
      vertex -34.5 1.5 7
    endloop
  endfacet
  facet normal 0 1 -0
    outer loop
      vertex 34.5 1.5 7
      vertex 33 1.5 12
      vertex 34.5 1.5 12
    endloop
  endfacet
  facet normal 0 1 0
    outer loop
      vertex 33 1.5 12
      vertex 34.5 1.5 7
      vertex 33 1.5 7
    endloop
  endfacet
  facet normal -1 0 0
    outer loop
      vertex 34.5 1.5 7
      vertex 34.5 32.3787 12
      vertex 34.5 32.3787 7
    endloop
  endfacet
  facet normal -1 -0 0
    outer loop
      vertex 34.5 32.3787 12
      vertex 34.5 1.5 7
      vertex 34.5 1.5 12
    endloop
  endfacet
  facet normal 0.707107 -0.707107 0
    outer loop
      vertex 33 30.8787 12
      vertex 34.5 32.3787 7
      vertex 34.5 32.3787 12
    endloop
  endfacet
  facet normal 0.707107 -0.707107 0
    outer loop
      vertex 34.5 32.3787 7
      vertex 33 30.8787 12
      vertex 33 30.8787 7
    endloop
  endfacet
  facet normal 1 -0 0
    outer loop
      vertex -34.5 36.6213 12
      vertex -34.5 49.5 7
      vertex -34.5 49.5 12
    endloop
  endfacet
  facet normal 1 0 0
    outer loop
      vertex -34.5 49.5 7
      vertex -34.5 36.6213 12
      vertex -34.5 36.6213 7
    endloop
  endfacet
  facet normal 0.707107 0.707107 0
    outer loop
      vertex -33 35.1213 12
      vertex -34.5 36.6213 7
      vertex -34.5 36.6213 12
    endloop
  endfacet
  facet normal 0.707107 0.707107 0
    outer loop
      vertex -34.5 36.6213 7
      vertex -33 35.1213 12
      vertex -33 35.1213 7
    endloop
  endfacet
  facet normal -1 0 0
    outer loop
      vertex -1.5 47.5 7
      vertex -1.5 49.5 12
      vertex -1.5 49.5 7
    endloop
  endfacet
  facet normal -1 -0 0
    outer loop
      vertex -1.5 49.5 12
      vertex -1.5 47.5 7
      vertex -1.5 47.5 12
    endloop
  endfacet
  facet normal 0 -1 0
    outer loop
      vertex -34.5 49.5 7
      vertex -1.5 49.5 12
      vertex -34.5 49.5 12
    endloop
  endfacet
  facet normal 0 -1 -0
    outer loop
      vertex -1.5 49.5 12
      vertex -34.5 49.5 7
      vertex -1.5 49.5 7
    endloop
  endfacet
  facet normal 1 -0 0
    outer loop
      vertex 1.5 47.5 12
      vertex 1.5 49.5 7
      vertex 1.5 49.5 12
    endloop
  endfacet
  facet normal 1 0 0
    outer loop
      vertex 1.5 49.5 7
      vertex 1.5 47.5 12
      vertex 1.5 47.5 7
    endloop
  endfacet
  facet normal -0.707107 0.707107 0
    outer loop
      vertex 33 35.1213 7
      vertex 34.5 36.6213 12
      vertex 34.5 36.6213 7
    endloop
  endfacet
  facet normal -0.707107 0.707107 0
    outer loop
      vertex 34.5 36.6213 12
      vertex 33 35.1213 7
      vertex 33 35.1213 12
    endloop
  endfacet
  facet normal -1 0 0
    outer loop
      vertex 34.5 36.6213 7
      vertex 34.5 49.5 12
      vertex 34.5 49.5 7
    endloop
  endfacet
  facet normal -1 -0 0
    outer loop
      vertex 34.5 49.5 12
      vertex 34.5 36.6213 7
      vertex 34.5 36.6213 12
    endloop
  endfacet
  facet normal 0 -1 0
    outer loop
      vertex 1.5 49.5 7
      vertex 34.5 49.5 12
      vertex 1.5 49.5 12
    endloop
  endfacet
  facet normal 0 -1 -0
    outer loop
      vertex 34.5 49.5 12
      vertex 1.5 49.5 7
      vertex 34.5 49.5 7
    endloop
  endfacet
  facet normal 1 -0 0
    outer loop
      vertex 37.5 39.6213 12
      vertex 37.5 49.5 7
      vertex 37.5 49.5 12
    endloop
  endfacet
  facet normal 1 0 0
    outer loop
      vertex 37.5 49.5 7
      vertex 37.5 39.6213 12
      vertex 37.5 39.6213 7
    endloop
  endfacet
  facet normal -0.707107 0.707107 0
    outer loop
      vertex 37.5 39.6213 7
      vertex 47.3787 49.5 12
      vertex 47.3787 49.5 7
    endloop
  endfacet
  facet normal -0.707107 0.707107 0
    outer loop
      vertex 47.3787 49.5 12
      vertex 37.5 39.6213 7
      vertex 37.5 39.6213 12
    endloop
  endfacet
  facet normal 0 -1 0
    outer loop
      vertex 37.5 49.5 7
      vertex 47.3787 49.5 12
      vertex 37.5 49.5 12
    endloop
  endfacet
  facet normal 0 -1 -0
    outer loop
      vertex 47.3787 49.5 12
      vertex 37.5 49.5 7
      vertex 47.3787 49.5 7
    endloop
  endfacet
  facet normal -1 0 0
    outer loop
      vertex -37.5 39.6213 7
      vertex -37.5 49.5 12
      vertex -37.5 49.5 7
    endloop
  endfacet
  facet normal -1 -0 0
    outer loop
      vertex -37.5 49.5 12
      vertex -37.5 39.6213 7
      vertex -37.5 39.6213 12
    endloop
  endfacet
  facet normal 0 -1 0
    outer loop
      vertex -47.3787 49.5 7
      vertex -37.5 49.5 12
      vertex -47.3787 49.5 12
    endloop
  endfacet
  facet normal 0 -1 -0
    outer loop
      vertex -37.5 49.5 12
      vertex -47.3787 49.5 7
      vertex -37.5 49.5 7
    endloop
  endfacet
  facet normal 0.707107 0.707107 0
    outer loop
      vertex -37.5 39.6213 12
      vertex -47.3787 49.5 7
      vertex -47.3787 49.5 12
    endloop
  endfacet
  facet normal 0.707107 0.707107 0
    outer loop
      vertex -47.3787 49.5 7
      vertex -37.5 39.6213 12
      vertex -37.5 39.6213 7
    endloop
  endfacet
  facet normal 0 1 -0
    outer loop
      vertex -34.5 79 7
      vertex -37.5 79 12
      vertex -34.5 79 12
    endloop
  endfacet
  facet normal 0 1 0
    outer loop
      vertex -37.5 79 12
      vertex -34.5 79 7
      vertex -37.5 79 7
    endloop
  endfacet
  facet normal 0 1 -0
    outer loop
      vertex 1.5 79 7
      vertex -1.5 79 12
      vertex 1.5 79 12
    endloop
  endfacet
  facet normal 0 1 0
    outer loop
      vertex -1.5 79 12
      vertex 1.5 79 7
      vertex -1.5 79 7
    endloop
  endfacet
  facet normal 0 1 -0
    outer loop
      vertex 37.5 79 7
      vertex 34.5 79 12
      vertex 37.5 79 12
    endloop
  endfacet
  facet normal 0 1 0
    outer loop
      vertex 34.5 79 12
      vertex 37.5 79 7
      vertex 34.5 79 7
    endloop
  endfacet
  facet normal 0 -1 0
    outer loop
      vertex -37.5 -79 7
      vertex -34.5 -79 12
      vertex -37.5 -79 12
    endloop
  endfacet
  facet normal 0 -1 -0
    outer loop
      vertex -34.5 -79 12
      vertex -37.5 -79 7
      vertex -34.5 -79 7
    endloop
  endfacet
  facet normal 0 -1 0
    outer loop
      vertex -1.5 -79 7
      vertex 1.5 -79 12
      vertex -1.5 -79 12
    endloop
  endfacet
  facet normal 0 -1 -0
    outer loop
      vertex 1.5 -79 12
      vertex -1.5 -79 7
      vertex 1.5 -79 7
    endloop
  endfacet
  facet normal 0 -1 0
    outer loop
      vertex 34.5 -79 7
      vertex 37.5 -79 12
      vertex 34.5 -79 12
    endloop
  endfacet
  facet normal 0 -1 -0
    outer loop
      vertex 37.5 -79 12
      vertex 34.5 -79 7
      vertex 37.5 -79 7
    endloop
  endfacet
  facet normal -0.803289 -0.595589 0
    outer loop
      vertex -77.6381 -76.8064 7
      vertex -77.9888 -76.3334 12
      vertex -77.9888 -76.3334 7
    endloop
  endfacet
  facet normal -0.803289 -0.595589 0
    outer loop
      vertex -77.9888 -76.3334 12
      vertex -77.6381 -76.8064 7
      vertex -77.6381 -76.8064 12
    endloop
  endfacet
  facet normal -1 0 0
    outer loop
      vertex -79 -1.5 7
      vertex -79 1.5 12
      vertex -79 1.5 7
    endloop
  endfacet
  facet normal -1 -0 0
    outer loop
      vertex -79 1.5 12
      vertex -79 -1.5 7
      vertex -79 -1.5 12
    endloop
  endfacet
  facet normal -1 0 0
    outer loop
      vertex -79 -52.5 7
      vertex -79 -49.5 12
      vertex -79 -49.5 7
    endloop
  endfacet
  facet normal -1 -0 0
    outer loop
      vertex -79 -49.5 12
      vertex -79 -52.5 7
      vertex -79 -52.5 12
    endloop
  endfacet
  facet normal -1 0 0
    outer loop
      vertex -79 49.5 7
      vertex -79 52.5 12
      vertex -79 52.5 7
    endloop
  endfacet
  facet normal -1 -0 0
    outer loop
      vertex -79 52.5 12
      vertex -79 49.5 7
      vertex -79 49.5 12
    endloop
  endfacet
  facet normal 1 -0 0
    outer loop
      vertex 79 -1.5 12
      vertex 79 1.5 7
      vertex 79 1.5 12
    endloop
  endfacet
  facet normal 1 0 0
    outer loop
      vertex 79 1.5 7
      vertex 79 -1.5 12
      vertex 79 -1.5 7
    endloop
  endfacet
  facet normal 1 -0 0
    outer loop
      vertex 79 49.5 12
      vertex 79 52.5 7
      vertex 79 52.5 12
    endloop
  endfacet
  facet normal 1 0 0
    outer loop
      vertex 79 52.5 7
      vertex 79 49.5 12
      vertex 79 49.5 7
    endloop
  endfacet
  facet normal 1 -0 0
    outer loop
      vertex 79 -52.5 12
      vertex 79 -49.5 7
      vertex 79 -49.5 12
    endloop
  endfacet
  facet normal 1 0 0
    outer loop
      vertex 79 -49.5 7
      vertex 79 -52.5 12
      vertex 79 -52.5 7
    endloop
  endfacet
  facet normal 0.740823 -0.6717 0
    outer loop
      vertex 77.2426 -77.2426 12
      vertex 77.6381 -76.8064 7
      vertex 77.6381 -76.8064 12
    endloop
  endfacet
  facet normal 0.740823 -0.6717 0
    outer loop
      vertex 77.6381 -76.8064 7
      vertex 77.2426 -77.2426 12
      vertex 77.2426 -77.2426 7
    endloop
  endfacet
  facet normal -0.6717 0.740823 0
    outer loop
      vertex -76.8064 77.6381 7
      vertex -77.2426 77.2426 12
      vertex -76.8064 77.6381 12
    endloop
  endfacet
  facet normal -0.6717 0.740823 0
    outer loop
      vertex -77.2426 77.2426 12
      vertex -76.8064 77.6381 7
      vertex -77.2426 77.2426 7
    endloop
  endfacet
  facet normal 0.740823 0.6717 0
    outer loop
      vertex 77.6381 76.8064 12
      vertex 77.2426 77.2426 7
      vertex 77.2426 77.2426 12
    endloop
  endfacet
  facet normal 0.740823 0.6717 0
    outer loop
      vertex 77.2426 77.2426 7
      vertex 77.6381 76.8064 12
      vertex 77.6381 76.8064 7
    endloop
  endfacet
  facet normal 0.514106 -0.857727 0
    outer loop
      vertex 76.0421 -78.1634 7
      vertex 76.3334 -77.9888 12
      vertex 76.0421 -78.1634 12
    endloop
  endfacet
  facet normal 0.514106 -0.857727 0
    outer loop
      vertex 76.3334 -77.9888 12
      vertex 76.0421 -78.1634 7
      vertex 76.3334 -77.9888 7
    endloop
  endfacet
  facet normal -0.595589 -0.803289 0
    outer loop
      vertex -76.8064 -77.6381 7
      vertex -76.3334 -77.9888 12
      vertex -76.8064 -77.6381 12
    endloop
  endfacet
  facet normal -0.595589 -0.803289 -0
    outer loop
      vertex -76.3334 -77.9888 12
      vertex -76.8064 -77.6381 7
      vertex -76.3334 -77.9888 7
    endloop
  endfacet
  facet normal -0.595589 0.803289 0
    outer loop
      vertex -76.3334 77.9888 7
      vertex -76.8064 77.6381 12
      vertex -76.3334 77.9888 12
    endloop
  endfacet
  facet normal -0.595589 0.803289 0
    outer loop
      vertex -76.8064 77.6381 12
      vertex -76.3334 77.9888 7
      vertex -76.8064 77.6381 7
    endloop
  endfacet
  facet normal -0.514106 0.857727 0
    outer loop
      vertex -76.0421 78.1634 7
      vertex -76.3334 77.9888 12
      vertex -76.0421 78.1634 12
    endloop
  endfacet
  facet normal -0.514106 0.857727 0
    outer loop
      vertex -76.3334 77.9888 12
      vertex -76.0421 78.1634 7
      vertex -76.3334 77.9888 7
    endloop
  endfacet
  facet normal 0.595589 -0.803289 0
    outer loop
      vertex 76.3334 -77.9888 7
      vertex 76.8064 -77.6381 12
      vertex 76.3334 -77.9888 12
    endloop
  endfacet
  facet normal 0.595589 -0.803289 0
    outer loop
      vertex 76.8064 -77.6381 12
      vertex 76.3334 -77.9888 7
      vertex 76.8064 -77.6381 7
    endloop
  endfacet
  facet normal 0.6717 -0.740823 0
    outer loop
      vertex 76.8064 -77.6381 7
      vertex 77.2426 -77.2426 12
      vertex 76.8064 -77.6381 12
    endloop
  endfacet
  facet normal 0.6717 -0.740823 0
    outer loop
      vertex 77.2426 -77.2426 12
      vertex 76.8064 -77.6381 7
      vertex 77.2426 -77.2426 7
    endloop
  endfacet
  facet normal -0.803289 0.595589 0
    outer loop
      vertex -77.9888 76.3334 7
      vertex -77.6381 76.8064 12
      vertex -77.6381 76.8064 7
    endloop
  endfacet
  facet normal -0.803289 0.595589 0
    outer loop
      vertex -77.6381 76.8064 12
      vertex -77.9888 76.3334 7
      vertex -77.9888 76.3334 12
    endloop
  endfacet
  facet normal -0.740823 0.6717 0
    outer loop
      vertex -77.6381 76.8064 7
      vertex -77.2426 77.2426 12
      vertex -77.2426 77.2426 7
    endloop
  endfacet
  facet normal -0.740823 0.6717 0
    outer loop
      vertex -77.2426 77.2426 12
      vertex -77.6381 76.8064 7
      vertex -77.6381 76.8064 12
    endloop
  endfacet
  facet normal 0.514106 0.857727 -0
    outer loop
      vertex 76.3334 77.9888 7
      vertex 76.0421 78.1634 12
      vertex 76.3334 77.9888 12
    endloop
  endfacet
  facet normal 0.514106 0.857727 0
    outer loop
      vertex 76.0421 78.1634 12
      vertex 76.3334 77.9888 7
      vertex 76.0421 78.1634 7
    endloop
  endfacet
  facet normal -0.514106 -0.857727 0
    outer loop
      vertex -76.3334 -77.9888 7
      vertex -76.0421 -78.1634 12
      vertex -76.3334 -77.9888 12
    endloop
  endfacet
  facet normal -0.514106 -0.857727 -0
    outer loop
      vertex -76.0421 -78.1634 12
      vertex -76.3334 -77.9888 7
      vertex -76.0421 -78.1634 7
    endloop
  endfacet
  facet normal -0.740823 -0.6717 0
    outer loop
      vertex -77.2426 -77.2426 7
      vertex -77.6381 -76.8064 12
      vertex -77.6381 -76.8064 7
    endloop
  endfacet
  facet normal -0.740823 -0.6717 0
    outer loop
      vertex -77.6381 -76.8064 12
      vertex -77.2426 -77.2426 7
      vertex -77.2426 -77.2426 12
    endloop
  endfacet
  facet normal -0.6717 -0.740823 0
    outer loop
      vertex -77.2426 -77.2426 7
      vertex -76.8064 -77.6381 12
      vertex -77.2426 -77.2426 12
    endloop
  endfacet
  facet normal -0.6717 -0.740823 -0
    outer loop
      vertex -76.8064 -77.6381 12
      vertex -77.2426 -77.2426 7
      vertex -76.8064 -77.6381 7
    endloop
  endfacet
  facet normal -0.857727 -0.514106 0
    outer loop
      vertex -77.9888 -76.3334 7
      vertex -78.1634 -76.0421 12
      vertex -78.1634 -76.0421 7
    endloop
  endfacet
  facet normal -0.857727 -0.514106 0
    outer loop
      vertex -78.1634 -76.0421 12
      vertex -77.9888 -76.3334 7
      vertex -77.9888 -76.3334 12
    endloop
  endfacet
  facet normal -0.857727 0.514106 0
    outer loop
      vertex -78.1634 76.0421 7
      vertex -77.9888 76.3334 12
      vertex -77.9888 76.3334 7
    endloop
  endfacet
  facet normal -0.857727 0.514106 0
    outer loop
      vertex -77.9888 76.3334 12
      vertex -78.1634 76.0421 7
      vertex -78.1634 76.0421 12
    endloop
  endfacet
  facet normal 0.803289 -0.595589 0
    outer loop
      vertex 77.6381 -76.8064 12
      vertex 77.9888 -76.3334 7
      vertex 77.9888 -76.3334 12
    endloop
  endfacet
  facet normal 0.803289 -0.595589 0
    outer loop
      vertex 77.9888 -76.3334 7
      vertex 77.6381 -76.8064 12
      vertex 77.6381 -76.8064 7
    endloop
  endfacet
  facet normal 0.857727 -0.514106 0
    outer loop
      vertex 77.9888 -76.3334 12
      vertex 78.1634 -76.0421 7
      vertex 78.1634 -76.0421 12
    endloop
  endfacet
  facet normal 0.857727 -0.514106 0
    outer loop
      vertex 78.1634 -76.0421 7
      vertex 77.9888 -76.3334 12
      vertex 77.9888 -76.3334 7
    endloop
  endfacet
  facet normal 0.6717 0.740823 -0
    outer loop
      vertex 77.2426 77.2426 7
      vertex 76.8064 77.6381 12
      vertex 77.2426 77.2426 12
    endloop
  endfacet
  facet normal 0.6717 0.740823 0
    outer loop
      vertex 76.8064 77.6381 12
      vertex 77.2426 77.2426 7
      vertex 76.8064 77.6381 7
    endloop
  endfacet
  facet normal 0.803289 0.595589 0
    outer loop
      vertex 77.9888 76.3334 12
      vertex 77.6381 76.8064 7
      vertex 77.6381 76.8064 12
    endloop
  endfacet
  facet normal 0.803289 0.595589 0
    outer loop
      vertex 77.6381 76.8064 7
      vertex 77.9888 76.3334 12
      vertex 77.9888 76.3334 7
    endloop
  endfacet
  facet normal 0.595589 0.803289 -0
    outer loop
      vertex 76.8064 77.6381 7
      vertex 76.3334 77.9888 12
      vertex 76.8064 77.6381 12
    endloop
  endfacet
  facet normal 0.595589 0.803289 0
    outer loop
      vertex 76.3334 77.9888 12
      vertex 76.8064 77.6381 7
      vertex 76.3334 77.9888 7
    endloop
  endfacet
  facet normal 0.857727 0.514106 0
    outer loop
      vertex 78.1634 76.0421 12
      vertex 77.9888 76.3334 7
      vertex 77.9888 76.3334 12
    endloop
  endfacet
  facet normal 0.857727 0.514106 0
    outer loop
      vertex 77.9888 76.3334 7
      vertex 78.1634 76.0421 12
      vertex 78.1634 76.0421 7
    endloop
  endfacet
  facet normal 1 -0 0
    outer loop
      vertex -33 -35.1213 12
      vertex -33 -30.8787 7
      vertex -33 -30.8787 12
    endloop
  endfacet
  facet normal 1 0 0
    outer loop
      vertex -33 -30.8787 7
      vertex -33 -35.1213 12
      vertex -33 -35.1213 7
    endloop
  endfacet
  facet normal 1 -0 0
    outer loop
      vertex -33 -1.5 12
      vertex -33 1.5 7
      vertex -33 1.5 12
    endloop
  endfacet
  facet normal 1 0 0
    outer loop
      vertex -33 1.5 7
      vertex -33 -1.5 12
      vertex -33 -1.5 7
    endloop
  endfacet
  facet normal 1 -0 0
    outer loop
      vertex -33 30.8787 12
      vertex -33 35.1213 7
      vertex -33 35.1213 12
    endloop
  endfacet
  facet normal 1 0 0
    outer loop
      vertex -33 35.1213 7
      vertex -33 30.8787 12
      vertex -33 30.8787 7
    endloop
  endfacet
  facet normal -1 0 0
    outer loop
      vertex 33 30.8787 7
      vertex 33 35.1213 12
      vertex 33 35.1213 7
    endloop
  endfacet
  facet normal -1 -0 0
    outer loop
      vertex 33 35.1213 12
      vertex 33 30.8787 7
      vertex 33 30.8787 12
    endloop
  endfacet
  facet normal -1 0 0
    outer loop
      vertex 33 -35.1213 7
      vertex 33 -30.8787 12
      vertex 33 -30.8787 7
    endloop
  endfacet
  facet normal -1 -0 0
    outer loop
      vertex 33 -30.8787 12
      vertex 33 -35.1213 7
      vertex 33 -35.1213 12
    endloop
  endfacet
  facet normal -1 0 0
    outer loop
      vertex 33 -1.5 7
      vertex 33 1.5 12
      vertex 33 1.5 7
    endloop
  endfacet
  facet normal -1 -0 0
    outer loop
      vertex 33 1.5 12
      vertex 33 -1.5 7
      vertex 33 -1.5 12
    endloop
  endfacet
  facet normal 0 1 -0
    outer loop
      vertex 1.5 -47.5 7
      vertex -1.5 -47.5 12
      vertex 1.5 -47.5 12
    endloop
  endfacet
  facet normal 0 1 0
    outer loop
      vertex -1.5 -47.5 12
      vertex 1.5 -47.5 7
      vertex -1.5 -47.5 7
    endloop
  endfacet
  facet normal 0 -1 0
    outer loop
      vertex -1.5 47.5 7
      vertex 1.5 47.5 12
      vertex -1.5 47.5 12
    endloop
  endfacet
  facet normal 0 -1 -0
    outer loop
      vertex 1.5 47.5 12
      vertex -1.5 47.5 7
      vertex 1.5 47.5 7
    endloop
  endfacet
  facet normal 0.243015 0.970023 -0
    outer loop
      vertex 82.2223 87.5555 0
      vertex 81.4607 87.7463 14
      vertex 82.2223 87.5555 14
    endloop
  endfacet
  facet normal 0.243015 0.970023 0
    outer loop
      vertex 81.4607 87.7463 14
      vertex 82.2223 87.5555 0
      vertex 81.4607 87.7463 0
    endloop
  endfacet
  facet normal 0.146733 0.989176 -0
    outer loop
      vertex 81.4607 87.7463 0
      vertex 80.6841 87.8615 14
      vertex 81.4607 87.7463 14
    endloop
  endfacet
  facet normal 0.146733 0.989176 0
    outer loop
      vertex 80.6841 87.8615 14
      vertex 81.4607 87.7463 0
      vertex 80.6841 87.8615 0
    endloop
  endfacet
  facet normal 0.998797 0.0490418 0
    outer loop
      vertex 87.9 79.9 14
      vertex 87.8615 80.6841 0
      vertex 87.8615 80.6841 14
    endloop
  endfacet
  facet normal 0.998797 0.0490418 0
    outer loop
      vertex 87.8615 80.6841 0
      vertex 87.9 79.9 14
      vertex 87.9 79.9 0
    endloop
  endfacet
  facet normal -1 0 0
    outer loop
      vertex -87.9 -79.9 0
      vertex -87.9 79.9 14
      vertex -87.9 79.9 0
    endloop
  endfacet
  facet normal -1 -0 0
    outer loop
      vertex -87.9 79.9 14
      vertex -87.9 -79.9 0
      vertex -87.9 -79.9 14
    endloop
  endfacet
  facet normal 0.0490418 0.998797 -0
    outer loop
      vertex 80.6841 87.8615 0
      vertex 79.9 87.9 14
      vertex 80.6841 87.8615 14
    endloop
  endfacet
  facet normal 0.0490418 0.998797 0
    outer loop
      vertex 79.9 87.9 14
      vertex 80.6841 87.8615 0
      vertex 79.9 87.9 0
    endloop
  endfacet
  facet normal 0.67148 -0.741023 0
    outer loop
      vertex 84.9751 -86.0841 0
      vertex 85.5569 -85.5569 14
      vertex 84.9751 -86.0841 14
    endloop
  endfacet
  facet normal 0.67148 -0.741023 0
    outer loop
      vertex 85.5569 -85.5569 14
      vertex 84.9751 -86.0841 0
      vertex 85.5569 -85.5569 0
    endloop
  endfacet
  facet normal 0 1 -0
    outer loop
      vertex 79.9 87.9 0
      vertex -79.9 87.9 14
      vertex 79.9 87.9 14
    endloop
  endfacet
  facet normal 0 1 0
    outer loop
      vertex -79.9 87.9 14
      vertex 79.9 87.9 0
      vertex -79.9 87.9 0
    endloop
  endfacet
  facet normal 0 -1 0
    outer loop
      vertex -79.9 -87.9 0
      vertex 79.9 -87.9 14
      vertex -79.9 -87.9 14
    endloop
  endfacet
  facet normal 0 -1 -0
    outer loop
      vertex 79.9 -87.9 14
      vertex -79.9 -87.9 0
      vertex 79.9 -87.9 0
    endloop
  endfacet
  facet normal -0.0490418 -0.998797 0
    outer loop
      vertex -80.6841 -87.8615 0
      vertex -79.9 -87.9 14
      vertex -80.6841 -87.8615 14
    endloop
  endfacet
  facet normal -0.0490418 -0.998797 -0
    outer loop
      vertex -79.9 -87.9 14
      vertex -80.6841 -87.8615 0
      vertex -79.9 -87.9 0
    endloop
  endfacet
  facet normal 1 -0 0
    outer loop
      vertex 87.9 -79.9 14
      vertex 87.9 79.9 0
      vertex 87.9 79.9 14
    endloop
  endfacet
  facet normal 1 0 0
    outer loop
      vertex 87.9 79.9 0
      vertex 87.9 -79.9 14
      vertex 87.9 -79.9 0
    endloop
  endfacet
  facet normal 0.803153 0.595773 0
    outer loop
      vertex 86.5518 84.3446 14
      vertex 86.0841 84.9751 0
      vertex 86.0841 84.9751 14
    endloop
  endfacet
  facet normal 0.803153 0.595773 0
    outer loop
      vertex 86.0841 84.9751 0
      vertex 86.5518 84.3446 14
      vertex 86.5518 84.3446 0
    endloop
  endfacet
  facet normal 0 0 -1
    outer loop
      vertex 79.9 -87.9 0
      vertex 87.9 -79.9 0
      vertex 87.8615 -80.6841 0
    endloop
  endfacet
  facet normal 0 0 -1
    outer loop
      vertex 87.9 -79.9 0
      vertex 45.9093 24.3012 0
      vertex 87.9 79.9 0
    endloop
  endfacet
  facet normal 0 0 -1
    outer loop
      vertex 79.9 -87.9 0
      vertex 87.8615 -80.6841 0
      vertex 87.7463 -81.4607 0
    endloop
  endfacet
  facet normal 0 -0 -1
    outer loop
      vertex 45.9652 24.5602 0
      vertex 87.9 79.9 0
      vertex 45.9093 24.3012 0
    endloop
  endfacet
  facet normal 0 0 -1
    outer loop
      vertex 79.9 -87.9 0
      vertex 87.7463 -81.4607 0
      vertex 87.5555 -82.2223 0
    endloop
  endfacet
  facet normal 0 -0 -1
    outer loop
      vertex 45.9955 24.8234 0
      vertex 87.9 79.9 0
      vertex 45.9652 24.5602 0
    endloop
  endfacet
  facet normal 0 0 -1
    outer loop
      vertex 79.9 -87.9 0
      vertex 87.5555 -82.2223 0
      vertex 87.291 -82.9615 0
    endloop
  endfacet
  facet normal 0 -0 -1
    outer loop
      vertex 45.9998 25.0883 0
      vertex 87.9 79.9 0
      vertex 45.9955 24.8234 0
    endloop
  endfacet
  facet normal 0 0 -1
    outer loop
      vertex 79.9 -87.9 0
      vertex 87.291 -82.9615 0
      vertex 86.9554 -83.6712 0
    endloop
  endfacet
  facet normal 0 0 -1
    outer loop
      vertex 45.9782 25.3524 0
      vertex 87.9 79.9 0
      vertex 45.9998 25.0883 0
    endloop
  endfacet
  facet normal 0 0 -1
    outer loop
      vertex 79.9 -87.9 0
      vertex 86.9554 -83.6712 0
      vertex 86.5518 -84.3446 0
    endloop
  endfacet
  facet normal 0 0 -1
    outer loop
      vertex 45.9307 25.6131 0
      vertex 87.9 79.9 0
      vertex 45.9782 25.3524 0
    endloop
  endfacet
  facet normal 0 0 -1
    outer loop
      vertex 79.9 -87.9 0
      vertex 86.5518 -84.3446 0
      vertex 86.0841 -84.9751 0
    endloop
  endfacet
  facet normal 0 0 -1
    outer loop
      vertex 45.858 25.8679 0
      vertex 87.9 79.9 0
      vertex 45.9307 25.6131 0
    endloop
  endfacet
  facet normal 0 0 -1
    outer loop
      vertex 79.9 -87.9 0
      vertex 86.0841 -84.9751 0
      vertex 85.5569 -85.5569 0
    endloop
  endfacet
  facet normal 0 0 -1
    outer loop
      vertex 45.7606 26.1143 0
      vertex 87.9 79.9 0
      vertex 45.858 25.8679 0
    endloop
  endfacet
  facet normal 0 0 -1
    outer loop
      vertex 79.9 -87.9 0
      vertex 85.5569 -85.5569 0
      vertex 84.9751 -86.0841 0
    endloop
  endfacet
  facet normal 0 0 -1
    outer loop
      vertex 45.6395 26.35 0
      vertex 87.9 79.9 0
      vertex 45.7606 26.1143 0
    endloop
  endfacet
  facet normal 0 0 -1
    outer loop
      vertex 79.9 -87.9 0
      vertex 84.9751 -86.0841 0
      vertex 84.3446 -86.5518 0
    endloop
  endfacet
  facet normal 0 0 -1
    outer loop
      vertex 45.496 26.5727 0
      vertex 87.9 79.9 0
      vertex 45.6395 26.35 0
    endloop
  endfacet
  facet normal 0 0 -1
    outer loop
      vertex 79.9 -87.9 0
      vertex 84.3446 -86.5518 0
      vertex 83.6712 -86.9554 0
    endloop
  endfacet
  facet normal 0 0 -1
    outer loop
      vertex 45.3312 26.7802 0
      vertex 87.9 79.9 0
      vertex 45.496 26.5727 0
    endloop
  endfacet
  facet normal 0 0 -1
    outer loop
      vertex 79.9 -87.9 0
      vertex 83.6712 -86.9554 0
      vertex 82.9615 -87.291 0
    endloop
  endfacet
  facet normal 0 0 -1
    outer loop
      vertex 44.9449 27.1421 0
      vertex 87.9 79.9 0
      vertex 45.147 26.9706 0
    endloop
  endfacet
  facet normal 0 0 -1
    outer loop
      vertex 79.9 -87.9 0
      vertex 82.9615 -87.291 0
      vertex 82.2223 -87.5555 0
    endloop
  endfacet
  facet normal 0 0 -1
    outer loop
      vertex 44.7271 27.2928 0
      vertex 87.9 79.9 0
      vertex 44.9449 27.1421 0
    endloop
  endfacet
  facet normal 0 0 -1
    outer loop
      vertex 79.9 -87.9 0
      vertex 82.2223 -87.5555 0
      vertex 81.4607 -87.7463 0
    endloop
  endfacet
  facet normal 0 0 -1
    outer loop
      vertex 44.4954 27.4216 0
      vertex 87.9 79.9 0
      vertex 44.7271 27.2928 0
    endloop
  endfacet
  facet normal 0 0 -1
    outer loop
      vertex 79.9 -87.9 0
      vertex 81.4607 -87.7463 0
      vertex 80.6841 -87.8615 0
    endloop
  endfacet
  facet normal 0 -0 -1
    outer loop
      vertex 79.9 87.9 0
      vertex 87.9 79.9 0
      vertex 44.4954 27.4216 0
    endloop
  endfacet
  facet normal -0 0 -1
    outer loop
      vertex 87.9 -79.9 0
      vertex 79.9 -87.9 0
      vertex 2.7 -50 0
    endloop
  endfacet
  facet normal 0 0 -1
    outer loop
      vertex 87.8615 80.6841 0
      vertex 79.9 87.9 0
      vertex 87.7463 81.4607 0
    endloop
  endfacet
  facet normal 0 0 -1
    outer loop
      vertex 87.7463 81.4607 0
      vertex 79.9 87.9 0
      vertex 87.5555 82.2223 0
    endloop
  endfacet
  facet normal 0 0 -1
    outer loop
      vertex 86.5518 84.3446 0
      vertex 79.9 87.9 0
      vertex 86.0841 84.9751 0
    endloop
  endfacet
  facet normal 0 0 -1
    outer loop
      vertex 87.291 82.9615 0
      vertex 79.9 87.9 0
      vertex 86.9554 83.6712 0
    endloop
  endfacet
  facet normal 0 0 -1
    outer loop
      vertex 45.147 26.9706 0
      vertex 87.9 79.9 0
      vertex 45.3312 26.7802 0
    endloop
  endfacet
  facet normal 0 0 -1
    outer loop
      vertex 87.9 -79.9 0
      vertex 45.8282 24.0489 0
      vertex 45.9093 24.3012 0
    endloop
  endfacet
  facet normal 0 0 -1
    outer loop
      vertex 87.9 -79.9 0
      vertex 45.7228 23.8058 0
      vertex 45.8282 24.0489 0
    endloop
  endfacet
  facet normal 0 0 -1
    outer loop
      vertex 87.9 -79.9 0
      vertex 45.5941 23.5742 0
      vertex 45.7228 23.8058 0
    endloop
  endfacet
  facet normal 0 0 -1
    outer loop
      vertex 87.9 -79.9 0
      vertex 45.4433 23.3563 0
      vertex 45.5941 23.5742 0
    endloop
  endfacet
  facet normal 0 0 -1
    outer loop
      vertex 87.9 -79.9 0
      vertex 45.2719 23.1543 0
      vertex 45.4433 23.3563 0
    endloop
  endfacet
  facet normal 0 0 -1
    outer loop
      vertex 87.9 -79.9 0
      vertex 45.0815 22.97 0
      vertex 45.2719 23.1543 0
    endloop
  endfacet
  facet normal 0 0 -1
    outer loop
      vertex 87.9 -79.9 0
      vertex 44.874 22.8053 0
      vertex 45.0815 22.97 0
    endloop
  endfacet
  facet normal 0 0 -1
    outer loop
      vertex 87.9 -79.9 0
      vertex 44.6513 22.6617 0
      vertex 44.874 22.8053 0
    endloop
  endfacet
  facet normal 0 0 -1
    outer loop
      vertex 87.9 -79.9 0
      vertex 44.4156 22.5407 0
      vertex 44.6513 22.6617 0
    endloop
  endfacet
  facet normal 0 0 -1
    outer loop
      vertex 87.9 -79.9 0
      vertex 44.1692 22.4433 0
      vertex 44.4156 22.5407 0
    endloop
  endfacet
  facet normal 0 0 -1
    outer loop
      vertex 87.9 -79.9 0
      vertex 43.9144 22.3705 0
      vertex 44.1692 22.4433 0
    endloop
  endfacet
  facet normal 0 0 -1
    outer loop
      vertex 87.9 -79.9 0
      vertex 2.58374 -49.2162 0
      vertex 43.9144 22.3705 0
    endloop
  endfacet
  facet normal 0 0 -1
    outer loop
      vertex 43.9144 22.3705 0
      vertex 2.58374 -49.2162 0
      vertex 43.6537 22.3231 0
    endloop
  endfacet
  facet normal 0 0 -1
    outer loop
      vertex 2.49447 -48.9668 0
      vertex 43.6537 22.3231 0
      vertex 2.58374 -49.2162 0
    endloop
  endfacet
  facet normal 0 0 -1
    outer loop
      vertex 43.6537 22.3231 0
      vertex 2.49447 -48.9668 0
      vertex 43.3896 22.3014 0
    endloop
  endfacet
  facet normal 0 0 -1
    outer loop
      vertex 2.38119 -48.7272 0
      vertex 43.3896 22.3014 0
      vertex 2.49447 -48.9668 0
    endloop
  endfacet
  facet normal -0 0 -1
    outer loop
      vertex 43.3896 22.3014 0
      vertex 2.38119 -48.7272 0
      vertex 43.1247 22.3058 0
    endloop
  endfacet
  facet normal 0 0 -1
    outer loop
      vertex 2.24497 -48.5 0
      vertex 43.1247 22.3058 0
      vertex 2.38119 -48.7272 0
    endloop
  endfacet
  facet normal -0 0 -1
    outer loop
      vertex 43.1247 22.3058 0
      vertex 2.24497 -48.5 0
      vertex 42.8615 22.3361 0
    endloop
  endfacet
  facet normal 0 0 -1
    outer loop
      vertex 2.08713 -48.2871 0
      vertex 42.8615 22.3361 0
      vertex 2.24497 -48.5 0
    endloop
  endfacet
  facet normal -0 0 -1
    outer loop
      vertex 42.8615 22.3361 0
      vertex 2.08713 -48.2871 0
      vertex 42.6025 22.392 0
    endloop
  endfacet
  facet normal 0 0 -1
    outer loop
      vertex 1.90919 -48.0908 0
      vertex 42.6025 22.392 0
      vertex 2.08713 -48.2871 0
    endloop
  endfacet
  facet normal -0 0 -1
    outer loop
      vertex 42.6025 22.392 0
      vertex 1.90919 -48.0908 0
      vertex 42.3502 22.4731 0
    endloop
  endfacet
  facet normal 0 0 -1
    outer loop
      vertex 1.71286 -47.9129 0
      vertex 42.3502 22.4731 0
      vertex 1.90919 -48.0908 0
    endloop
  endfacet
  facet normal -0 0 -1
    outer loop
      vertex 42.3502 22.4731 0
      vertex 1.71286 -47.9129 0
      vertex 42.1071 22.5784 0
    endloop
  endfacet
  facet normal 0 0 -1
    outer loop
      vertex 1.50004 -47.755 0
      vertex 42.1071 22.5784 0
      vertex 1.71286 -47.9129 0
    endloop
  endfacet
  facet normal -0 0 -1
    outer loop
      vertex 42.1071 22.5784 0
      vertex 1.50004 -47.755 0
      vertex 41.8755 22.7072 0
    endloop
  endfacet
  facet normal 0 0 -1
    outer loop
      vertex 87.9 -79.9 0
      vertex 2.64812 -49.4733 0
      vertex 2.58374 -49.2162 0
    endloop
  endfacet
  facet normal 0 0 -1
    outer loop
      vertex 87.9 -79.9 0
      vertex 2.687 -49.7354 0
      vertex 2.64812 -49.4733 0
    endloop
  endfacet
  facet normal 0 0 -1
    outer loop
      vertex 87.9 -79.9 0
      vertex 2.7 -50 0
      vertex 2.687 -49.7354 0
    endloop
  endfacet
  facet normal 0 0 -1
    outer loop
      vertex 79.9 -87.9 0
      vertex 2.687 -50.2646 0
      vertex 2.7 -50 0
    endloop
  endfacet
  facet normal 0 0 -1
    outer loop
      vertex 79.9 -87.9 0
      vertex 2.64812 -50.5267 0
      vertex 2.687 -50.2646 0
    endloop
  endfacet
  facet normal 0 0 -1
    outer loop
      vertex 79.9 -87.9 0
      vertex 2.58374 -50.7838 0
      vertex 2.64812 -50.5267 0
    endloop
  endfacet
  facet normal 0 0 -1
    outer loop
      vertex 79.9 -87.9 0
      vertex 2.49447 -51.0332 0
      vertex 2.58374 -50.7838 0
    endloop
  endfacet
  facet normal 0 0 -1
    outer loop
      vertex 79.9 -87.9 0
      vertex 2.38119 -51.2728 0
      vertex 2.49447 -51.0332 0
    endloop
  endfacet
  facet normal 0 0 -1
    outer loop
      vertex 79.9 -87.9 0
      vertex 2.24497 -51.5 0
      vertex 2.38119 -51.2728 0
    endloop
  endfacet
  facet normal 0 0 -1
    outer loop
      vertex 79.9 -87.9 0
      vertex 2.08713 -51.7129 0
      vertex 2.24497 -51.5 0
    endloop
  endfacet
  facet normal 0 0 -1
    outer loop
      vertex 79.9 -87.9 0
      vertex 1.90919 -51.9092 0
      vertex 2.08713 -51.7129 0
    endloop
  endfacet
  facet normal 0 0 -1
    outer loop
      vertex 79.9 -87.9 0
      vertex 1.71286 -52.0871 0
      vertex 1.90919 -51.9092 0
    endloop
  endfacet
  facet normal 0 0 -1
    outer loop
      vertex 79.9 -87.9 0
      vertex 1.50004 -52.245 0
      vertex 1.71286 -52.0871 0
    endloop
  endfacet
  facet normal 0 0 -1
    outer loop
      vertex 79.9 -87.9 0
      vertex 1.27277 -52.3812 0
      vertex 1.50004 -52.245 0
    endloop
  endfacet
  facet normal 0 0 -1
    outer loop
      vertex 79.9 -87.9 0
      vertex 1.03325 -52.4945 0
      vertex 1.27277 -52.3812 0
    endloop
  endfacet
  facet normal 0 0 -1
    outer loop
      vertex 79.9 -87.9 0
      vertex 0.783768 -52.5837 0
      vertex 1.03325 -52.4945 0
    endloop
  endfacet
  facet normal 0 0 -1
    outer loop
      vertex 79.9 -87.9 0
      vertex 0.526743 -52.6481 0
      vertex 0.783768 -52.5837 0
    endloop
  endfacet
  facet normal 0 0 -1
    outer loop
      vertex 79.9 -87.9 0
      vertex 0.264646 -52.687 0
      vertex 0.526743 -52.6481 0
    endloop
  endfacet
  facet normal 0 0 -1
    outer loop
      vertex 79.9 -87.9 0
      vertex 0 -52.7 0
      vertex 0.264646 -52.687 0
    endloop
  endfacet
  facet normal 0 0 -1
    outer loop
      vertex -79.9 -87.9 0
      vertex 0 -52.7 0
      vertex 79.9 -87.9 0
    endloop
  endfacet
  facet normal -0 0 -1
    outer loop
      vertex 0 -52.7 0
      vertex -79.9 -87.9 0
      vertex -0.264646 -52.687 0
    endloop
  endfacet
  facet normal -0 0 -1
    outer loop
      vertex -0.264646 -52.687 0
      vertex -79.9 -87.9 0
      vertex -0.526743 -52.6481 0
    endloop
  endfacet
  facet normal -0 0 -1
    outer loop
      vertex -0.526743 -52.6481 0
      vertex -79.9 -87.9 0
      vertex -0.783768 -52.5837 0
    endloop
  endfacet
  facet normal 0 0 -1
    outer loop
      vertex -79.9 -87.9 0
      vertex -2.7 -50 0
      vertex -2.687 -50.2646 0
    endloop
  endfacet
  facet normal 0 0 -1
    outer loop
      vertex -79.9 -87.9 0
      vertex -2.687 -50.2646 0
      vertex -2.64812 -50.5267 0
    endloop
  endfacet
  facet normal 0 0 -1
    outer loop
      vertex -79.9 -87.9 0
      vertex -2.64812 -50.5267 0
      vertex -2.58374 -50.7838 0
    endloop
  endfacet
  facet normal 0 0 -1
    outer loop
      vertex -79.9 -87.9 0
      vertex -2.58374 -50.7838 0
      vertex -2.49447 -51.0332 0
    endloop
  endfacet
  facet normal 0 0 -1
    outer loop
      vertex -79.9 -87.9 0
      vertex -2.49447 -51.0332 0
      vertex -2.38119 -51.2728 0
    endloop
  endfacet
  facet normal 0 0 -1
    outer loop
      vertex -2.7 -50 0
      vertex -40.6244 24.6476 0
      vertex -40.6027 24.9117 0
    endloop
  endfacet
  facet normal 0 0 -1
    outer loop
      vertex -2.7 -50 0
      vertex -40.6718 24.3869 0
      vertex -40.6244 24.6476 0
    endloop
  endfacet
  facet normal 0 0 -1
    outer loop
      vertex -2.7 -50 0
      vertex -40.7446 24.1321 0
      vertex -40.6718 24.3869 0
    endloop
  endfacet
  facet normal 0 0 -1
    outer loop
      vertex -2.7 -50 0
      vertex -40.8419 23.8857 0
      vertex -40.7446 24.1321 0
    endloop
  endfacet
  facet normal 0 0 -1
    outer loop
      vertex -2.7 -50 0
      vertex -40.963 23.65 0
      vertex -40.8419 23.8857 0
    endloop
  endfacet
  facet normal 0 0 -1
    outer loop
      vertex -2.7 -50 0
      vertex -41.1066 23.4273 0
      vertex -40.963 23.65 0
    endloop
  endfacet
  facet normal 0 0 -1
    outer loop
      vertex -2.7 -50 0
      vertex -41.2713 23.2198 0
      vertex -41.1066 23.4273 0
    endloop
  endfacet
  facet normal 0 0 -1
    outer loop
      vertex -2.7 -50 0
      vertex -41.4556 23.0294 0
      vertex -41.2713 23.2198 0
    endloop
  endfacet
  facet normal 0 0 -1
    outer loop
      vertex -2.7 -50 0
      vertex -41.6576 22.8579 0
      vertex -41.4556 23.0294 0
    endloop
  endfacet
  facet normal 0 0 -1
    outer loop
      vertex -2.7 -50 0
      vertex -41.8755 22.7072 0
      vertex -41.6576 22.8579 0
    endloop
  endfacet
  facet normal 0 0 -1
    outer loop
      vertex -2.7 -50 0
      vertex -42.1071 22.5784 0
      vertex -41.8755 22.7072 0
    endloop
  endfacet
  facet normal 0 0 -1
    outer loop
      vertex -2.7 -50 0
      vertex -42.3502 22.4731 0
      vertex -42.1071 22.5784 0
    endloop
  endfacet
  facet normal 0 0 -1
    outer loop
      vertex -2.7 -50 0
      vertex -42.6025 22.392 0
      vertex -42.3502 22.4731 0
    endloop
  endfacet
  facet normal 0 0 -1
    outer loop
      vertex -2.7 -50 0
      vertex -42.8615 22.3361 0
      vertex -42.6025 22.392 0
    endloop
  endfacet
  facet normal 0 0 -1
    outer loop
      vertex -2.7 -50 0
      vertex -43.1247 22.3058 0
      vertex -42.8615 22.3361 0
    endloop
  endfacet
  facet normal 0 0 -1
    outer loop
      vertex -2.7 -50 0
      vertex -43.3896 22.3014 0
      vertex -43.1247 22.3058 0
    endloop
  endfacet
  facet normal 0 0 -1
    outer loop
      vertex -2.7 -50 0
      vertex -43.6537 22.3231 0
      vertex -43.3896 22.3014 0
    endloop
  endfacet
  facet normal 0 0 -1
    outer loop
      vertex -2.7 -50 0
      vertex -43.9144 22.3705 0
      vertex -43.6537 22.3231 0
    endloop
  endfacet
  facet normal -0 0 -1
    outer loop
      vertex -2.7 -50 0
      vertex -87.9 -79.9 0
      vertex -43.9144 22.3705 0
    endloop
  endfacet
  facet normal -0 0 -1
    outer loop
      vertex -43.9144 22.3705 0
      vertex -87.9 -79.9 0
      vertex -44.1692 22.4433 0
    endloop
  endfacet
  facet normal -0 0 -1
    outer loop
      vertex -44.1692 22.4433 0
      vertex -87.9 -79.9 0
      vertex -44.4156 22.5407 0
    endloop
  endfacet
  facet normal -0 0 -1
    outer loop
      vertex -44.4156 22.5407 0
      vertex -87.9 -79.9 0
      vertex -44.6513 22.6617 0
    endloop
  endfacet
  facet normal -0 0 -1
    outer loop
      vertex -44.6513 22.6617 0
      vertex -87.9 -79.9 0
      vertex -44.874 22.8053 0
    endloop
  endfacet
  facet normal -0 0 -1
    outer loop
      vertex -44.874 22.8053 0
      vertex -87.9 -79.9 0
      vertex -45.0815 22.97 0
    endloop
  endfacet
  facet normal -0 0 -1
    outer loop
      vertex -45.0815 22.97 0
      vertex -87.9 -79.9 0
      vertex -45.2719 23.1543 0
    endloop
  endfacet
  facet normal -0 0 -1
    outer loop
      vertex -45.2719 23.1543 0
      vertex -87.9 -79.9 0
      vertex -45.4433 23.3563 0
    endloop
  endfacet
  facet normal 0 0 -1
    outer loop
      vertex -45.9093 24.3012 0
      vertex -87.9 79.9 0
      vertex -45.9652 24.5602 0
    endloop
  endfacet
  facet normal 0 0 -1
    outer loop
      vertex -87.9 79.9 0
      vertex -45.9093 24.3012 0
      vertex -87.9 -79.9 0
    endloop
  endfacet
  facet normal -0 0 -1
    outer loop
      vertex -45.8282 24.0489 0
      vertex -87.9 -79.9 0
      vertex -45.9093 24.3012 0
    endloop
  endfacet
  facet normal -0 0 -1
    outer loop
      vertex -45.7228 23.8058 0
      vertex -87.9 -79.9 0
      vertex -45.8282 24.0489 0
    endloop
  endfacet
  facet normal -0 0 -1
    outer loop
      vertex -45.5941 23.5742 0
      vertex -87.9 -79.9 0
      vertex -45.7228 23.8058 0
    endloop
  endfacet
  facet normal -0 0 -1
    outer loop
      vertex -45.4433 23.3563 0
      vertex -87.9 -79.9 0
      vertex -45.5941 23.5742 0
    endloop
  endfacet
  facet normal 0 0 -1
    outer loop
      vertex -2.7 -50 0
      vertex -79.9 -87.9 0
      vertex -87.9 -79.9 0
    endloop
  endfacet
  facet normal -0 0 -1
    outer loop
      vertex -2.24497 -51.5 0
      vertex -79.9 -87.9 0
      vertex -2.38119 -51.2728 0
    endloop
  endfacet
  facet normal -0 0 -1
    outer loop
      vertex -2.08713 -51.7129 0
      vertex -79.9 -87.9 0
      vertex -2.24497 -51.5 0
    endloop
  endfacet
  facet normal -0 0 -1
    outer loop
      vertex -1.90919 -51.9092 0
      vertex -79.9 -87.9 0
      vertex -2.08713 -51.7129 0
    endloop
  endfacet
  facet normal -0 0 -1
    outer loop
      vertex -1.71286 -52.0871 0
      vertex -79.9 -87.9 0
      vertex -1.90919 -51.9092 0
    endloop
  endfacet
  facet normal -0 0 -1
    outer loop
      vertex -1.50004 -52.245 0
      vertex -79.9 -87.9 0
      vertex -1.71286 -52.0871 0
    endloop
  endfacet
  facet normal -0 0 -1
    outer loop
      vertex -1.27277 -52.3812 0
      vertex -79.9 -87.9 0
      vertex -1.50004 -52.245 0
    endloop
  endfacet
  facet normal -0 0 -1
    outer loop
      vertex -1.03325 -52.4945 0
      vertex -79.9 -87.9 0
      vertex -1.27277 -52.3812 0
    endloop
  endfacet
  facet normal -0 0 -1
    outer loop
      vertex -0.783768 -52.5837 0
      vertex -79.9 -87.9 0
      vertex -1.03325 -52.4945 0
    endloop
  endfacet
  facet normal 0 0 -1
    outer loop
      vertex 86.0841 84.9751 0
      vertex 79.9 87.9 0
      vertex 85.5569 85.5569 0
    endloop
  endfacet
  facet normal 0 0 -1
    outer loop
      vertex 84.9751 86.0841 0
      vertex 79.9 87.9 0
      vertex 84.3446 86.5518 0
    endloop
  endfacet
  facet normal 0 0 -1
    outer loop
      vertex 84.3446 86.5518 0
      vertex 79.9 87.9 0
      vertex 83.6712 86.9554 0
    endloop
  endfacet
  facet normal 0 0 -1
    outer loop
      vertex 82.9615 87.291 0
      vertex 79.9 87.9 0
      vertex 82.2223 87.5555 0
    endloop
  endfacet
  facet normal 0 0 -1
    outer loop
      vertex 82.2223 87.5555 0
      vertex 79.9 87.9 0
      vertex 81.4607 87.7463 0
    endloop
  endfacet
  facet normal 0 0 -1
    outer loop
      vertex 81.4607 87.7463 0
      vertex 79.9 87.9 0
      vertex 80.6841 87.8615 0
    endloop
  endfacet
  facet normal 0 0 -1
    outer loop
      vertex 83.6712 86.9554 0
      vertex 79.9 87.9 0
      vertex 82.9615 87.291 0
    endloop
  endfacet
  facet normal 0 0 -1
    outer loop
      vertex 85.5569 85.5569 0
      vertex 79.9 87.9 0
      vertex 84.9751 86.0841 0
    endloop
  endfacet
  facet normal 0 0 -1
    outer loop
      vertex 86.9554 83.6712 0
      vertex 79.9 87.9 0
      vertex 86.5518 84.3446 0
    endloop
  endfacet
  facet normal 0 0 -1
    outer loop
      vertex 87.5555 82.2223 0
      vertex 79.9 87.9 0
      vertex 87.291 82.9615 0
    endloop
  endfacet
  facet normal 0 0 -1
    outer loop
      vertex 87.9 79.9 0
      vertex 79.9 87.9 0
      vertex 87.8615 80.6841 0
    endloop
  endfacet
  facet normal 0 0 -1
    outer loop
      vertex 44.2523 27.5269 0
      vertex 79.9 87.9 0
      vertex 44.4954 27.4216 0
    endloop
  endfacet
  facet normal 0 0 -1
    outer loop
      vertex 44.0001 27.608 0
      vertex 79.9 87.9 0
      vertex 44.2523 27.5269 0
    endloop
  endfacet
  facet normal 0 0 -1
    outer loop
      vertex 43.7411 27.6639 0
      vertex 79.9 87.9 0
      vertex 44.0001 27.608 0
    endloop
  endfacet
  facet normal 0 0 -1
    outer loop
      vertex 43.4779 27.6942 0
      vertex 79.9 87.9 0
      vertex 43.7411 27.6639 0
    endloop
  endfacet
  facet normal 0 0 -1
    outer loop
      vertex 43.2129 27.6986 0
      vertex 79.9 87.9 0
      vertex 43.4779 27.6942 0
    endloop
  endfacet
  facet normal 0 0 -1
    outer loop
      vertex 42.9488 27.6769 0
      vertex 79.9 87.9 0
      vertex 43.2129 27.6986 0
    endloop
  endfacet
  facet normal 0 0 -1
    outer loop
      vertex 42.6882 27.6295 0
      vertex 79.9 87.9 0
      vertex 42.9488 27.6769 0
    endloop
  endfacet
  facet normal 0 0 -1
    outer loop
      vertex 42.4334 27.5567 0
      vertex 79.9 87.9 0
      vertex 42.6882 27.6295 0
    endloop
  endfacet
  facet normal 0 0 -1
    outer loop
      vertex 42.187 27.4593 0
      vertex 79.9 87.9 0
      vertex 42.4334 27.5567 0
    endloop
  endfacet
  facet normal 0 0 -1
    outer loop
      vertex 41.9513 27.3383 0
      vertex 79.9 87.9 0
      vertex 42.187 27.4593 0
    endloop
  endfacet
  facet normal 0 0 -1
    outer loop
      vertex -41.9513 27.3383 0
      vertex 41.9513 27.3383 0
      vertex 41.7286 27.1947 0
    endloop
  endfacet
  facet normal 0 0 -1
    outer loop
      vertex -41.7286 27.1947 0
      vertex 41.7286 27.1947 0
      vertex 41.521 27.03 0
    endloop
  endfacet
  facet normal 0 0 -1
    outer loop
      vertex -41.521 27.03 0
      vertex 41.521 27.03 0
      vertex 41.3306 26.8457 0
    endloop
  endfacet
  facet normal 0 0 -1
    outer loop
      vertex -41.3306 26.8457 0
      vertex 41.3306 26.8457 0
      vertex 41.1592 26.6437 0
    endloop
  endfacet
  facet normal 0 0 -1
    outer loop
      vertex -41.1592 26.6437 0
      vertex 41.1592 26.6437 0
      vertex 41.0084 26.4258 0
    endloop
  endfacet
  facet normal 0 0 -1
    outer loop
      vertex 1.27277 -47.6188 0
      vertex 41.8755 22.7072 0
      vertex 1.50004 -47.755 0
    endloop
  endfacet
  facet normal -0 0 -1
    outer loop
      vertex 41.8755 22.7072 0
      vertex 1.27277 -47.6188 0
      vertex 41.6576 22.8579 0
    endloop
  endfacet
  facet normal 0 0 -1
    outer loop
      vertex 1.03325 -47.5055 0
      vertex 41.6576 22.8579 0
      vertex 1.27277 -47.6188 0
    endloop
  endfacet
  facet normal -0 0 -1
    outer loop
      vertex 41.6576 22.8579 0
      vertex 1.03325 -47.5055 0
      vertex 41.4556 23.0294 0
    endloop
  endfacet
  facet normal 0 0 -1
    outer loop
      vertex 0.783768 -47.4163 0
      vertex 41.4556 23.0294 0
      vertex 1.03325 -47.5055 0
    endloop
  endfacet
  facet normal -0 0 -1
    outer loop
      vertex 41.4556 23.0294 0
      vertex 0.783768 -47.4163 0
      vertex 41.2713 23.2198 0
    endloop
  endfacet
  facet normal 0 0 -1
    outer loop
      vertex 0.526743 -47.3519 0
      vertex 41.2713 23.2198 0
      vertex 0.783768 -47.4163 0
    endloop
  endfacet
  facet normal -0 0 -1
    outer loop
      vertex 41.2713 23.2198 0
      vertex 0.526743 -47.3519 0
      vertex 41.1066 23.4273 0
    endloop
  endfacet
  facet normal 0 0 -1
    outer loop
      vertex 0.264646 -47.313 0
      vertex 41.1066 23.4273 0
      vertex 0.526743 -47.3519 0
    endloop
  endfacet
  facet normal -0 0 -1
    outer loop
      vertex 41.1066 23.4273 0
      vertex 0.264646 -47.313 0
      vertex 40.963 23.65 0
    endloop
  endfacet
  facet normal 0 0 -1
    outer loop
      vertex 0 -47.3 0
      vertex 40.963 23.65 0
      vertex 0.264646 -47.313 0
    endloop
  endfacet
  facet normal 0 0 -1
    outer loop
      vertex -40.6027 24.9117 0
      vertex 40.963 23.65 0
      vertex 0 -47.3 0
    endloop
  endfacet
  facet normal 0 0 -1
    outer loop
      vertex 40.963 23.65 0
      vertex -40.6027 24.9117 0
      vertex 40.8419 23.8857 0
    endloop
  endfacet
  facet normal 0 0 -1
    outer loop
      vertex 40.8419 23.8857 0
      vertex -40.6027 24.9117 0
      vertex 40.7446 24.1321 0
    endloop
  endfacet
  facet normal 0 0 -1
    outer loop
      vertex 40.7446 24.1321 0
      vertex -40.6027 24.9117 0
      vertex 40.6718 24.3869 0
    endloop
  endfacet
  facet normal 0 0 -1
    outer loop
      vertex 40.6718 24.3869 0
      vertex -40.6027 24.9117 0
      vertex 40.6244 24.6476 0
    endloop
  endfacet
  facet normal 0 0 -1
    outer loop
      vertex 40.6244 24.6476 0
      vertex -40.6027 24.9117 0
      vertex 40.6027 24.9117 0
    endloop
  endfacet
  facet normal 0 0 -1
    outer loop
      vertex 40.6027 24.9117 0
      vertex -40.6027 24.9117 0
      vertex 40.6071 25.1766 0
    endloop
  endfacet
  facet normal 0 0 -1
    outer loop
      vertex -40.6071 25.1766 0
      vertex 40.6071 25.1766 0
      vertex -40.6027 24.9117 0
    endloop
  endfacet
  facet normal 0 0 -1
    outer loop
      vertex 40.6071 25.1766 0
      vertex -40.6071 25.1766 0
      vertex 40.6373 25.4398 0
    endloop
  endfacet
  facet normal 0 0 -1
    outer loop
      vertex -40.6373 25.4398 0
      vertex 40.6373 25.4398 0
      vertex -40.6071 25.1766 0
    endloop
  endfacet
  facet normal 0 0 -1
    outer loop
      vertex 40.6373 25.4398 0
      vertex -40.6373 25.4398 0
      vertex 40.6933 25.6988 0
    endloop
  endfacet
  facet normal 0 0 -1
    outer loop
      vertex -40.6027 24.9117 0
      vertex 0 -47.3 0
      vertex -0.264646 -47.313 0
    endloop
  endfacet
  facet normal 0 0 -1
    outer loop
      vertex -40.6027 24.9117 0
      vertex -0.264646 -47.313 0
      vertex -0.526743 -47.3519 0
    endloop
  endfacet
  facet normal 0 0 -1
    outer loop
      vertex -40.6027 24.9117 0
      vertex -0.526743 -47.3519 0
      vertex -0.783768 -47.4163 0
    endloop
  endfacet
  facet normal 0 0 -1
    outer loop
      vertex -40.6027 24.9117 0
      vertex -0.783768 -47.4163 0
      vertex -1.03325 -47.5055 0
    endloop
  endfacet
  facet normal 0 0 -1
    outer loop
      vertex -40.6027 24.9117 0
      vertex -1.03325 -47.5055 0
      vertex -1.27277 -47.6188 0
    endloop
  endfacet
  facet normal 0 0 -1
    outer loop
      vertex -40.6027 24.9117 0
      vertex -1.27277 -47.6188 0
      vertex -1.50004 -47.755 0
    endloop
  endfacet
  facet normal 0 0 -1
    outer loop
      vertex -40.6027 24.9117 0
      vertex -1.50004 -47.755 0
      vertex -1.71286 -47.9129 0
    endloop
  endfacet
  facet normal 0 0 -1
    outer loop
      vertex -40.6027 24.9117 0
      vertex -1.71286 -47.9129 0
      vertex -1.90919 -48.0908 0
    endloop
  endfacet
  facet normal 0 0 -1
    outer loop
      vertex -40.6027 24.9117 0
      vertex -1.90919 -48.0908 0
      vertex -2.08713 -48.2871 0
    endloop
  endfacet
  facet normal 0 0 -1
    outer loop
      vertex -40.6027 24.9117 0
      vertex -2.08713 -48.2871 0
      vertex -2.24497 -48.5 0
    endloop
  endfacet
  facet normal 0 0 -1
    outer loop
      vertex -40.6027 24.9117 0
      vertex -2.24497 -48.5 0
      vertex -2.38119 -48.7272 0
    endloop
  endfacet
  facet normal 0 0 -1
    outer loop
      vertex -40.6027 24.9117 0
      vertex -2.687 -49.7354 0
      vertex -2.7 -50 0
    endloop
  endfacet
  facet normal 0 0 -1
    outer loop
      vertex -40.6027 24.9117 0
      vertex -2.64812 -49.4733 0
      vertex -2.687 -49.7354 0
    endloop
  endfacet
  facet normal 0 0 -1
    outer loop
      vertex -40.6027 24.9117 0
      vertex -2.58374 -49.2162 0
      vertex -2.64812 -49.4733 0
    endloop
  endfacet
  facet normal 0 0 -1
    outer loop
      vertex -40.6027 24.9117 0
      vertex -2.49447 -48.9668 0
      vertex -2.58374 -49.2162 0
    endloop
  endfacet
  facet normal 0 0 -1
    outer loop
      vertex -40.6027 24.9117 0
      vertex -2.38119 -48.7272 0
      vertex -2.49447 -48.9668 0
    endloop
  endfacet
  facet normal 0 0 -1
    outer loop
      vertex -40.6933 25.6988 0
      vertex 40.6933 25.6988 0
      vertex -40.6373 25.4398 0
    endloop
  endfacet
  facet normal 0 0 -1
    outer loop
      vertex 40.6933 25.6988 0
      vertex -40.6933 25.6988 0
      vertex 40.7743 25.9511 0
    endloop
  endfacet
  facet normal 0 0 -1
    outer loop
      vertex -40.7743 25.9511 0
      vertex 40.7743 25.9511 0
      vertex -40.6933 25.6988 0
    endloop
  endfacet
  facet normal 0 0 -1
    outer loop
      vertex 40.7743 25.9511 0
      vertex -40.7743 25.9511 0
      vertex 40.8797 26.1942 0
    endloop
  endfacet
  facet normal 0 0 -1
    outer loop
      vertex -40.8797 26.1942 0
      vertex 40.8797 26.1942 0
      vertex -40.7743 25.9511 0
    endloop
  endfacet
  facet normal 0 0 -1
    outer loop
      vertex 40.8797 26.1942 0
      vertex -40.8797 26.1942 0
      vertex 41.0084 26.4258 0
    endloop
  endfacet
  facet normal 0 0 -1
    outer loop
      vertex -41.0084 26.4258 0
      vertex 41.0084 26.4258 0
      vertex -40.8797 26.1942 0
    endloop
  endfacet
  facet normal 0 0 -1
    outer loop
      vertex -41.1592 26.6437 0
      vertex 41.0084 26.4258 0
      vertex -41.0084 26.4258 0
    endloop
  endfacet
  facet normal 0 0 -1
    outer loop
      vertex 41.1592 26.6437 0
      vertex -41.1592 26.6437 0
      vertex -41.3306 26.8457 0
    endloop
  endfacet
  facet normal 0 0 -1
    outer loop
      vertex 41.3306 26.8457 0
      vertex -41.3306 26.8457 0
      vertex -41.521 27.03 0
    endloop
  endfacet
  facet normal 0 0 -1
    outer loop
      vertex 41.521 27.03 0
      vertex -41.521 27.03 0
      vertex -41.7286 27.1947 0
    endloop
  endfacet
  facet normal 0 0 -1
    outer loop
      vertex 41.7286 27.1947 0
      vertex -41.7286 27.1947 0
      vertex -41.9513 27.3383 0
    endloop
  endfacet
  facet normal 0 0 -1
    outer loop
      vertex 41.9513 27.3383 0
      vertex -41.9513 27.3383 0
      vertex 79.9 87.9 0
    endloop
  endfacet
  facet normal 0 0 -1
    outer loop
      vertex -79.9 87.9 0
      vertex -41.9513 27.3383 0
      vertex -42.187 27.4593 0
    endloop
  endfacet
  facet normal 0 0 -1
    outer loop
      vertex -79.9 87.9 0
      vertex -42.187 27.4593 0
      vertex -42.4334 27.5567 0
    endloop
  endfacet
  facet normal 0 0 -1
    outer loop
      vertex -79.9 87.9 0
      vertex -42.4334 27.5567 0
      vertex -42.6882 27.6295 0
    endloop
  endfacet
  facet normal 0 0 -1
    outer loop
      vertex -79.9 87.9 0
      vertex -42.6882 27.6295 0
      vertex -42.9488 27.6769 0
    endloop
  endfacet
  facet normal 0 0 -1
    outer loop
      vertex -79.9 87.9 0
      vertex -42.9488 27.6769 0
      vertex -43.2129 27.6986 0
    endloop
  endfacet
  facet normal 0 0 -1
    outer loop
      vertex -79.9 87.9 0
      vertex -43.2129 27.6986 0
      vertex -43.4779 27.6942 0
    endloop
  endfacet
  facet normal 0 0 -1
    outer loop
      vertex -79.9 87.9 0
      vertex -43.4779 27.6942 0
      vertex -43.7411 27.6639 0
    endloop
  endfacet
  facet normal 0 0 -1
    outer loop
      vertex -79.9 87.9 0
      vertex -43.7411 27.6639 0
      vertex -44.0001 27.608 0
    endloop
  endfacet
  facet normal 0 0 -1
    outer loop
      vertex -79.9 87.9 0
      vertex -44.0001 27.608 0
      vertex -44.2523 27.5269 0
    endloop
  endfacet
  facet normal 0 0 -1
    outer loop
      vertex -79.9 87.9 0
      vertex -44.2523 27.5269 0
      vertex -44.4954 27.4216 0
    endloop
  endfacet
  facet normal 0 0 -1
    outer loop
      vertex -45.9652 24.5602 0
      vertex -87.9 79.9 0
      vertex -45.9955 24.8234 0
    endloop
  endfacet
  facet normal 0 0 -1
    outer loop
      vertex -45.9955 24.8234 0
      vertex -87.9 79.9 0
      vertex -45.9998 25.0883 0
    endloop
  endfacet
  facet normal 0 0 -1
    outer loop
      vertex -45.9998 25.0883 0
      vertex -87.9 79.9 0
      vertex -45.9782 25.3524 0
    endloop
  endfacet
  facet normal 0 0 -1
    outer loop
      vertex -41.9513 27.3383 0
      vertex -79.9 87.9 0
      vertex 79.9 87.9 0
    endloop
  endfacet
  facet normal 0 0 -1
    outer loop
      vertex -87.9 79.9 0
      vertex -44.4954 27.4216 0
      vertex -44.7271 27.2928 0
    endloop
  endfacet
  facet normal 0 0 -1
    outer loop
      vertex -87.9 79.9 0
      vertex -44.7271 27.2928 0
      vertex -44.9449 27.1421 0
    endloop
  endfacet
  facet normal 0 0 -1
    outer loop
      vertex -87.9 79.9 0
      vertex -44.9449 27.1421 0
      vertex -45.147 26.9706 0
    endloop
  endfacet
  facet normal 0 0 -1
    outer loop
      vertex -87.9 79.9 0
      vertex -45.147 26.9706 0
      vertex -45.3312 26.7802 0
    endloop
  endfacet
  facet normal 0 0 -1
    outer loop
      vertex -87.9 79.9 0
      vertex -45.3312 26.7802 0
      vertex -45.496 26.5727 0
    endloop
  endfacet
  facet normal 0 0 -1
    outer loop
      vertex -87.9 79.9 0
      vertex -45.496 26.5727 0
      vertex -45.6395 26.35 0
    endloop
  endfacet
  facet normal 0 0 -1
    outer loop
      vertex -87.9 79.9 0
      vertex -45.6395 26.35 0
      vertex -45.7606 26.1143 0
    endloop
  endfacet
  facet normal 0 0 -1
    outer loop
      vertex -87.9 79.9 0
      vertex -45.7606 26.1143 0
      vertex -45.858 25.8679 0
    endloop
  endfacet
  facet normal 0 0 -1
    outer loop
      vertex -45.9782 25.3524 0
      vertex -87.9 79.9 0
      vertex -45.9307 25.6131 0
    endloop
  endfacet
  facet normal 0 0 -1
    outer loop
      vertex -87.9 -79.9 0
      vertex -79.9 -87.9 0
      vertex -80.6841 -87.8615 0
    endloop
  endfacet
  facet normal 0 0 -1
    outer loop
      vertex -45.9307 25.6131 0
      vertex -87.9 79.9 0
      vertex -45.858 25.8679 0
    endloop
  endfacet
  facet normal 0 0 -1
    outer loop
      vertex -87.9 -79.9 0
      vertex -80.6841 -87.8615 0
      vertex -81.4607 -87.7463 0
    endloop
  endfacet
  facet normal 0 0 -1
    outer loop
      vertex -44.4954 27.4216 0
      vertex -87.9 79.9 0
      vertex -79.9 87.9 0
    endloop
  endfacet
  facet normal 0 0 -1
    outer loop
      vertex -87.9 -79.9 0
      vertex -81.4607 -87.7463 0
      vertex -82.2223 -87.5555 0
    endloop
  endfacet
  facet normal 0 0 -1
    outer loop
      vertex -79.9 87.9 0
      vertex -87.9 79.9 0
      vertex -80.6841 87.8615 0
    endloop
  endfacet
  facet normal 0 0 -1
    outer loop
      vertex -87.9 -79.9 0
      vertex -82.2223 -87.5555 0
      vertex -82.9615 -87.291 0
    endloop
  endfacet
  facet normal 0 0 -1
    outer loop
      vertex -80.6841 87.8615 0
      vertex -87.9 79.9 0
      vertex -81.4607 87.7463 0
    endloop
  endfacet
  facet normal 0 0 -1
    outer loop
      vertex -87.9 -79.9 0
      vertex -82.9615 -87.291 0
      vertex -83.6712 -86.9554 0
    endloop
  endfacet
  facet normal 0 0 -1
    outer loop
      vertex -81.4607 87.7463 0
      vertex -87.9 79.9 0
      vertex -82.2223 87.5555 0
    endloop
  endfacet
  facet normal 0 0 -1
    outer loop
      vertex -87.9 -79.9 0
      vertex -83.6712 -86.9554 0
      vertex -84.3446 -86.5518 0
    endloop
  endfacet
  facet normal 0 0 -1
    outer loop
      vertex -82.2223 87.5555 0
      vertex -87.9 79.9 0
      vertex -82.9615 87.291 0
    endloop
  endfacet
  facet normal 0 0 -1
    outer loop
      vertex -87.9 -79.9 0
      vertex -84.3446 -86.5518 0
      vertex -84.9751 -86.0841 0
    endloop
  endfacet
  facet normal 0 0 -1
    outer loop
      vertex -82.9615 87.291 0
      vertex -87.9 79.9 0
      vertex -83.6712 86.9554 0
    endloop
  endfacet
  facet normal 0 0 -1
    outer loop
      vertex -87.9 -79.9 0
      vertex -84.9751 -86.0841 0
      vertex -85.5569 -85.5569 0
    endloop
  endfacet
  facet normal 0 0 -1
    outer loop
      vertex -83.6712 86.9554 0
      vertex -87.9 79.9 0
      vertex -84.3446 86.5518 0
    endloop
  endfacet
  facet normal 0 0 -1
    outer loop
      vertex -87.9 -79.9 0
      vertex -85.5569 -85.5569 0
      vertex -86.0841 -84.9751 0
    endloop
  endfacet
  facet normal 0 0 -1
    outer loop
      vertex -84.3446 86.5518 0
      vertex -87.9 79.9 0
      vertex -84.9751 86.0841 0
    endloop
  endfacet
  facet normal 0 0 -1
    outer loop
      vertex -87.9 -79.9 0
      vertex -86.0841 -84.9751 0
      vertex -86.5518 -84.3446 0
    endloop
  endfacet
  facet normal 0 0 -1
    outer loop
      vertex -84.9751 86.0841 0
      vertex -87.9 79.9 0
      vertex -85.5569 85.5569 0
    endloop
  endfacet
  facet normal 0 0 -1
    outer loop
      vertex -87.9 -79.9 0
      vertex -86.5518 -84.3446 0
      vertex -86.9554 -83.6712 0
    endloop
  endfacet
  facet normal 0 0 -1
    outer loop
      vertex -85.5569 85.5569 0
      vertex -87.9 79.9 0
      vertex -86.0841 84.9751 0
    endloop
  endfacet
  facet normal 0 0 -1
    outer loop
      vertex -87.9 -79.9 0
      vertex -86.9554 -83.6712 0
      vertex -87.291 -82.9615 0
    endloop
  endfacet
  facet normal 0 0 -1
    outer loop
      vertex -86.0841 84.9751 0
      vertex -87.9 79.9 0
      vertex -86.5518 84.3446 0
    endloop
  endfacet
  facet normal 0 0 -1
    outer loop
      vertex -87.9 -79.9 0
      vertex -87.291 -82.9615 0
      vertex -87.5555 -82.2223 0
    endloop
  endfacet
  facet normal 0 0 -1
    outer loop
      vertex -86.5518 84.3446 0
      vertex -87.9 79.9 0
      vertex -86.9554 83.6712 0
    endloop
  endfacet
  facet normal 0 0 -1
    outer loop
      vertex -87.9 -79.9 0
      vertex -87.5555 -82.2223 0
      vertex -87.7463 -81.4607 0
    endloop
  endfacet
  facet normal 0 0 -1
    outer loop
      vertex -86.9554 83.6712 0
      vertex -87.9 79.9 0
      vertex -87.291 82.9615 0
    endloop
  endfacet
  facet normal 0 0 -1
    outer loop
      vertex -87.9 -79.9 0
      vertex -87.7463 -81.4607 0
      vertex -87.8615 -80.6841 0
    endloop
  endfacet
  facet normal 0 0 -1
    outer loop
      vertex -87.291 82.9615 0
      vertex -87.9 79.9 0
      vertex -87.5555 82.2223 0
    endloop
  endfacet
  facet normal 0 0 -1
    outer loop
      vertex -87.5555 82.2223 0
      vertex -87.9 79.9 0
      vertex -87.7463 81.4607 0
    endloop
  endfacet
  facet normal 0 0 -1
    outer loop
      vertex -87.7463 81.4607 0
      vertex -87.9 79.9 0
      vertex -87.8615 80.6841 0
    endloop
  endfacet
  facet normal -0.146733 -0.989176 0
    outer loop
      vertex -81.4607 -87.7463 0
      vertex -80.6841 -87.8615 14
      vertex -81.4607 -87.7463 14
    endloop
  endfacet
  facet normal -0.146733 -0.989176 -0
    outer loop
      vertex -80.6841 -87.8615 14
      vertex -81.4607 -87.7463 0
      vertex -80.6841 -87.8615 0
    endloop
  endfacet
  facet normal 0.427489 -0.90402 0
    outer loop
      vertex 82.9615 -87.291 0
      vertex 83.6712 -86.9554 14
      vertex 82.9615 -87.291 14
    endloop
  endfacet
  facet normal 0.427489 -0.90402 0
    outer loop
      vertex 83.6712 -86.9554 14
      vertex 82.9615 -87.291 0
      vertex 83.6712 -86.9554 0
    endloop
  endfacet
  facet normal 0.243015 -0.970023 0
    outer loop
      vertex 81.4607 -87.7463 0
      vertex 82.2223 -87.5555 14
      vertex 81.4607 -87.7463 14
    endloop
  endfacet
  facet normal 0.243015 -0.970023 0
    outer loop
      vertex 82.2223 -87.5555 14
      vertex 81.4607 -87.7463 0
      vertex 82.2223 -87.5555 0
    endloop
  endfacet
  facet normal -0.803153 0.595773 0
    outer loop
      vertex -86.5518 84.3446 0
      vertex -86.0841 84.9751 14
      vertex -86.0841 84.9751 0
    endloop
  endfacet
  facet normal -0.803153 0.595773 0
    outer loop
      vertex -86.0841 84.9751 14
      vertex -86.5518 84.3446 0
      vertex -86.5518 84.3446 14
    endloop
  endfacet
  facet normal 0 0 1
    outer loop
      vertex -37.5 -39.6213 7
      vertex -47.3787 -49.5 7
      vertex -37.5 -49.5 7
    endloop
  endfacet
  facet normal 0 0 1
    outer loop
      vertex -37.5 49.5 7
      vertex -47.3787 49.5 7
      vertex -37.5 39.6213 7
    endloop
  endfacet
  facet normal 0 0 1
    outer loop
      vertex 34.5 49.5 7
      vertex 33 35.1213 7
      vertex 34.5 36.6213 7
    endloop
  endfacet
  facet normal 0 0 1
    outer loop
      vertex 1.5 47.5 7
      vertex 33 30.8787 7
      vertex 33 35.1213 7
    endloop
  endfacet
  facet normal 0 0 1
    outer loop
      vertex 33 30.8787 7
      vertex 1.5 47.5 7
      vertex 33 1.5 7
    endloop
  endfacet
  facet normal 0 0 1
    outer loop
      vertex -33 1.5 7
      vertex 33 1.5 7
      vertex 1.5 47.5 7
    endloop
  endfacet
  facet normal 0 0 1
    outer loop
      vertex 33 1.5 7
      vertex -33 1.5 7
      vertex 33 -1.5 7
    endloop
  endfacet
  facet normal 0 0 1
    outer loop
      vertex 34.5 49.5 7
      vertex 1.5 47.5 7
      vertex 33 35.1213 7
    endloop
  endfacet
  facet normal 0 0 1
    outer loop
      vertex 1.5 47.5 7
      vertex 34.5 49.5 7
      vertex 1.5 49.5 7
    endloop
  endfacet
  facet normal -0 0 1
    outer loop
      vertex 33 30.8787 7
      vertex 34.5 1.5 7
      vertex 34.5 32.3787 7
    endloop
  endfacet
  facet normal 0 0 1
    outer loop
      vertex 34.5 1.5 7
      vertex 33 30.8787 7
      vertex 33 1.5 7
    endloop
  endfacet
  facet normal 0 0 1
    outer loop
      vertex 33 -30.8787 7
      vertex 34.5 -1.5 7
      vertex 33 -1.5 7
    endloop
  endfacet
  facet normal 0 0 1
    outer loop
      vertex 34.5 -1.5 7
      vertex 33 -30.8787 7
      vertex 34.5 -32.3787 7
    endloop
  endfacet
  facet normal 0 0 1
    outer loop
      vertex 33 -35.1213 7
      vertex 34.5 -49.5 7
      vertex 34.5 -36.6213 7
    endloop
  endfacet
  facet normal 0 0 1
    outer loop
      vertex -33 1.5 7
      vertex 1.5 47.5 7
      vertex -1.5 47.5 7
    endloop
  endfacet
  facet normal 0 0 1
    outer loop
      vertex 33 -30.8787 7
      vertex 1.5 -47.5 7
      vertex 33 -35.1213 7
    endloop
  endfacet
  facet normal 0 0 1
    outer loop
      vertex 33 -35.1213 7
      vertex 1.5 -47.5 7
      vertex 34.5 -49.5 7
    endloop
  endfacet
  facet normal 0 0 1
    outer loop
      vertex 34.5 -49.5 7
      vertex 1.5 -47.5 7
      vertex 1.5 -49.5 7
    endloop
  endfacet
  facet normal -0 0 1
    outer loop
      vertex -34.5 -1.5 7
      vertex -33 -30.8787 7
      vertex -33 -1.5 7
    endloop
  endfacet
  facet normal 0 0 1
    outer loop
      vertex -33 -30.8787 7
      vertex -34.5 -1.5 7
      vertex -34.5 -32.3787 7
    endloop
  endfacet
  facet normal 0 0 1
    outer loop
      vertex -34.5 1.5 7
      vertex -33 30.8787 7
      vertex -34.5 32.3787 7
    endloop
  endfacet
  facet normal 0 0 1
    outer loop
      vertex -33 30.8787 7
      vertex -34.5 1.5 7
      vertex -33 1.5 7
    endloop
  endfacet
  facet normal -0 0 1
    outer loop
      vertex -34.5 49.5 7
      vertex -1.5 47.5 7
      vertex -1.5 49.5 7
    endloop
  endfacet
  facet normal 0 -0 1
    outer loop
      vertex -1.5 -47.5 7
      vertex 33 -1.5 7
      vertex -33 -1.5 7
    endloop
  endfacet
  facet normal 0 0 1
    outer loop
      vertex -1.5 47.5 7
      vertex -33 35.1213 7
      vertex -33 30.8787 7
    endloop
  endfacet
  facet normal 0 0 1
    outer loop
      vertex -1.5 47.5 7
      vertex -34.5 49.5 7
      vertex -33 35.1213 7
    endloop
  endfacet
  facet normal 0 0 1
    outer loop
      vertex -33 35.1213 7
      vertex -34.5 49.5 7
      vertex -34.5 36.6213 7
    endloop
  endfacet
  facet normal 0 0 1
    outer loop
      vertex -33 -1.5 7
      vertex 33 -1.5 7
      vertex -33 1.5 7
    endloop
  endfacet
  facet normal 0 0 1
    outer loop
      vertex 33 -1.5 7
      vertex 1.5 -47.5 7
      vertex 33 -30.8787 7
    endloop
  endfacet
  facet normal 0 0 1
    outer loop
      vertex -1.5 47.5 7
      vertex -33 30.8787 7
      vertex -33 1.5 7
    endloop
  endfacet
  facet normal 0 -0 1
    outer loop
      vertex 1.5 -47.5 7
      vertex 33 -1.5 7
      vertex -1.5 -47.5 7
    endloop
  endfacet
  facet normal -0 0 1
    outer loop
      vertex -33 -30.8787 7
      vertex -1.5 -47.5 7
      vertex -33 -1.5 7
    endloop
  endfacet
  facet normal -0 0 1
    outer loop
      vertex -33 -35.1213 7
      vertex -1.5 -47.5 7
      vertex -33 -30.8787 7
    endloop
  endfacet
  facet normal 0 0 1
    outer loop
      vertex -34.5 -49.5 7
      vertex -1.5 -47.5 7
      vertex -33 -35.1213 7
    endloop
  endfacet
  facet normal 0 0 1
    outer loop
      vertex -34.5 -49.5 7
      vertex -33 -35.1213 7
      vertex -34.5 -36.6213 7
    endloop
  endfacet
  facet normal 0 0 1
    outer loop
      vertex -1.5 -47.5 7
      vertex -34.5 -49.5 7
      vertex -1.5 -49.5 7
    endloop
  endfacet
  facet normal 0 0 1
    outer loop
      vertex 47.3787 49.5 7
      vertex 37.5 49.5 7
      vertex 37.5 39.6213 7
    endloop
  endfacet
  facet normal 0 0 1
    outer loop
      vertex 47.3787 -49.5 7
      vertex 37.5 -39.6213 7
      vertex 37.5 -49.5 7
    endloop
  endfacet
  facet normal 0 0 1
    outer loop
      vertex -79 -52.5 7
      vertex -67 -59 7
      vertex -66.9615 -58.2159 7
    endloop
  endfacet
  facet normal 0 0 1
    outer loop
      vertex -79 -52.5 7
      vertex -66.9615 -58.2159 7
      vertex -66.8463 -57.4393 7
    endloop
  endfacet
  facet normal 0 0 1
    outer loop
      vertex -79 -52.5 7
      vertex -66.8463 -57.4393 7
      vertex -66.6555 -56.6777 7
    endloop
  endfacet
  facet normal 0 0 1
    outer loop
      vertex -79 -52.5 7
      vertex -66.6555 -56.6777 7
      vertex -66.391 -55.9385 7
    endloop
  endfacet
  facet normal 0 0 1
    outer loop
      vertex -79 -52.5 7
      vertex -66.391 -55.9385 7
      vertex -66.0554 -55.2288 7
    endloop
  endfacet
  facet normal -0 0 1
    outer loop
      vertex -79 -52.5 7
      vertex -64.0751 -52.8159 7
      vertex -63.6492 -52.5 7
    endloop
  endfacet
  facet normal 0 0 1
    outer loop
      vertex -79 -52.5 7
      vertex -64.6569 -53.3431 7
      vertex -64.0751 -52.8159 7
    endloop
  endfacet
  facet normal 0 0 1
    outer loop
      vertex -79 -52.5 7
      vertex -65.1841 -53.9249 7
      vertex -64.6569 -53.3431 7
    endloop
  endfacet
  facet normal 0 0 1
    outer loop
      vertex -79 -52.5 7
      vertex -65.6518 -54.5554 7
      vertex -65.1841 -53.9249 7
    endloop
  endfacet
  facet normal 0 0 1
    outer loop
      vertex -79 -52.5 7
      vertex -66.0554 -55.2288 7
      vertex -65.6518 -54.5554 7
    endloop
  endfacet
  facet normal 0 0 1
    outer loop
      vertex -67 -59 7
      vertex -79 -52.5 7
      vertex -78.1634 -76.0421 7
    endloop
  endfacet
  facet normal 0 0 1
    outer loop
      vertex -85.5 -78.5 7
      vertex -78.1634 -76.0421 7
      vertex -79 -52.5 7
    endloop
  endfacet
  facet normal 0 -0 1
    outer loop
      vertex -85.4663 -79.1861 7
      vertex -78.1634 -76.0421 7
      vertex -85.5 -78.5 7
    endloop
  endfacet
  facet normal 0 0 1
    outer loop
      vertex -79 -1.5 7
      vertex -85.5 -78.5 7
      vertex -79 -49.5 7
    endloop
  endfacet
  facet normal 0 0 1
    outer loop
      vertex -85.5 78.5 7
      vertex -79.1861 85.4663 7
      vertex -79.8656 85.3655 7
    endloop
  endfacet
  facet normal 0 0 1
    outer loop
      vertex -79 -49.5 7
      vertex -85.5 -78.5 7
      vertex -79 -52.5 7
    endloop
  endfacet
  facet normal 0 0 1
    outer loop
      vertex -85.5 78.5 7
      vertex -79.8656 85.3655 7
      vertex -80.532 85.1986 7
    endloop
  endfacet
  facet normal 0 0 1
    outer loop
      vertex -78.1634 -76.0421 7
      vertex -79.1861 -85.4663 7
      vertex -78.5 -85.5 7
    endloop
  endfacet
  facet normal 0 0 1
    outer loop
      vertex -85.5 78.5 7
      vertex -80.532 85.1986 7
      vertex -81.1788 84.9672 7
    endloop
  endfacet
  facet normal 0 0 1
    outer loop
      vertex -78.1634 -76.0421 7
      vertex -79.8656 -85.3655 7
      vertex -79.1861 -85.4663 7
    endloop
  endfacet
  facet normal 0 0 1
    outer loop
      vertex -85.5 78.5 7
      vertex -81.1788 84.9672 7
      vertex -81.7998 84.6734 7
    endloop
  endfacet
  facet normal 0 0 1
    outer loop
      vertex -78.1634 -76.0421 7
      vertex -80.532 -85.1986 7
      vertex -79.8656 -85.3655 7
    endloop
  endfacet
  facet normal 0 0 1
    outer loop
      vertex -85.5 78.5 7
      vertex -81.7998 84.6734 7
      vertex -82.389 84.3203 7
    endloop
  endfacet
  facet normal 0 0 1
    outer loop
      vertex -78.1634 -76.0421 7
      vertex -81.1788 -84.9672 7
      vertex -80.532 -85.1986 7
    endloop
  endfacet
  facet normal 0 0 1
    outer loop
      vertex -85.5 78.5 7
      vertex -82.389 84.3203 7
      vertex -82.9408 83.9111 7
    endloop
  endfacet
  facet normal 0 0 1
    outer loop
      vertex -78.1634 -76.0421 7
      vertex -81.7998 -84.6734 7
      vertex -81.1788 -84.9672 7
    endloop
  endfacet
  facet normal 0 0 1
    outer loop
      vertex -85.5 78.5 7
      vertex -82.9408 83.9111 7
      vertex -83.4498 83.4498 7
    endloop
  endfacet
  facet normal 0 0 1
    outer loop
      vertex -78.1634 -76.0421 7
      vertex -82.389 -84.3203 7
      vertex -81.7998 -84.6734 7
    endloop
  endfacet
  facet normal 0 0 1
    outer loop
      vertex -85.5 78.5 7
      vertex -83.4498 83.4498 7
      vertex -83.9111 82.9408 7
    endloop
  endfacet
  facet normal 0 0 1
    outer loop
      vertex -78.1634 -76.0421 7
      vertex -82.9408 -83.9111 7
      vertex -82.389 -84.3203 7
    endloop
  endfacet
  facet normal 0 0 1
    outer loop
      vertex -85.5 78.5 7
      vertex -83.9111 82.9408 7
      vertex -84.3203 82.389 7
    endloop
  endfacet
  facet normal 0 0 1
    outer loop
      vertex -78.1634 -76.0421 7
      vertex -83.4498 -83.4498 7
      vertex -82.9408 -83.9111 7
    endloop
  endfacet
  facet normal 0 0 1
    outer loop
      vertex -85.5 78.5 7
      vertex -84.3203 82.389 7
      vertex -84.6734 81.7998 7
    endloop
  endfacet
  facet normal 0 0 1
    outer loop
      vertex -78.1634 -76.0421 7
      vertex -83.9111 -82.9408 7
      vertex -83.4498 -83.4498 7
    endloop
  endfacet
  facet normal 0 0 1
    outer loop
      vertex -85.5 78.5 7
      vertex -84.6734 81.7998 7
      vertex -84.9672 81.1788 7
    endloop
  endfacet
  facet normal 0 0 1
    outer loop
      vertex -78.1634 -76.0421 7
      vertex -84.3203 -82.389 7
      vertex -83.9111 -82.9408 7
    endloop
  endfacet
  facet normal 0 0 1
    outer loop
      vertex -85.5 78.5 7
      vertex -84.9672 81.1788 7
      vertex -85.1986 80.532 7
    endloop
  endfacet
  facet normal 0 0 1
    outer loop
      vertex -78.1634 -76.0421 7
      vertex -84.6734 -81.7998 7
      vertex -84.3203 -82.389 7
    endloop
  endfacet
  facet normal 0 0 1
    outer loop
      vertex -85.5 78.5 7
      vertex -85.1986 80.532 7
      vertex -85.3655 79.8656 7
    endloop
  endfacet
  facet normal 0 0 1
    outer loop
      vertex -78.1634 -76.0421 7
      vertex -84.9672 -81.1788 7
      vertex -84.6734 -81.7998 7
    endloop
  endfacet
  facet normal 0 0 1
    outer loop
      vertex -85.5 78.5 7
      vertex -85.3655 79.8656 7
      vertex -85.4663 79.1861 7
    endloop
  endfacet
  facet normal 0 0 1
    outer loop
      vertex -78.1634 -76.0421 7
      vertex -85.1986 -80.532 7
      vertex -84.9672 -81.1788 7
    endloop
  endfacet
  facet normal 0 0 1
    outer loop
      vertex -78.1634 -76.0421 7
      vertex -85.3655 -79.8656 7
      vertex -85.1986 -80.532 7
    endloop
  endfacet
  facet normal 0 0 1
    outer loop
      vertex -78.1634 -76.0421 7
      vertex -85.4663 -79.1861 7
      vertex -85.3655 -79.8656 7
    endloop
  endfacet
  facet normal 0 0 1
    outer loop
      vertex -65.6518 -63.4446 7
      vertex -78.1634 -76.0421 7
      vertex -65.6152 -63.4939 7
    endloop
  endfacet
  facet normal 0 0 1
    outer loop
      vertex -66.0554 -62.7712 7
      vertex -78.1634 -76.0421 7
      vertex -65.6518 -63.4446 7
    endloop
  endfacet
  facet normal 0 0 1
    outer loop
      vertex -66.391 -62.0615 7
      vertex -78.1634 -76.0421 7
      vertex -66.0554 -62.7712 7
    endloop
  endfacet
  facet normal 0 0 1
    outer loop
      vertex -66.6555 -61.3223 7
      vertex -78.1634 -76.0421 7
      vertex -66.391 -62.0615 7
    endloop
  endfacet
  facet normal 0 0 1
    outer loop
      vertex -66.8463 -60.5607 7
      vertex -78.1634 -76.0421 7
      vertex -66.6555 -61.3223 7
    endloop
  endfacet
  facet normal 0 0 1
    outer loop
      vertex -66.9615 -59.7841 7
      vertex -78.1634 -76.0421 7
      vertex -66.8463 -60.5607 7
    endloop
  endfacet
  facet normal 0 0 1
    outer loop
      vertex -78.1634 -76.0421 7
      vertex -66.9615 -59.7841 7
      vertex -67 -59 7
    endloop
  endfacet
  facet normal 0 0 1
    outer loop
      vertex -37.5 -52.5 7
      vertex -51.0385 -58.2159 7
      vertex -51 -59 7
    endloop
  endfacet
  facet normal 0 0 1
    outer loop
      vertex -37.5 -52.5 7
      vertex -51.1537 -57.4393 7
      vertex -51.0385 -58.2159 7
    endloop
  endfacet
  facet normal 0 0 1
    outer loop
      vertex -50.3787 -52.5 7
      vertex -51.3445 -56.6777 7
      vertex -51.1537 -57.4393 7
    endloop
  endfacet
  facet normal 0 0 1
    outer loop
      vertex -50.3787 -52.5 7
      vertex -51.609 -55.9385 7
      vertex -51.3445 -56.6777 7
    endloop
  endfacet
  facet normal 0 0 1
    outer loop
      vertex -50.3787 -52.5 7
      vertex -51.9446 -55.2288 7
      vertex -51.609 -55.9385 7
    endloop
  endfacet
  facet normal 0 0 1
    outer loop
      vertex -50.3787 -52.5 7
      vertex -52.3482 -54.5554 7
      vertex -51.9446 -55.2288 7
    endloop
  endfacet
  facet normal 0 -0 1
    outer loop
      vertex -52.3482 -54.5554 7
      vertex -50.3787 -52.5 7
      vertex -52.3848 -54.5061 7
    endloop
  endfacet
  facet normal -0 0 1
    outer loop
      vertex -51.1537 57.4393 7
      vertex -37.5 52.5 7
      vertex -51.0385 58.2159 7
    endloop
  endfacet
  facet normal 0 0 1
    outer loop
      vertex -37.5 52.5 7
      vertex -51.1537 57.4393 7
      vertex -50.3787 52.5 7
    endloop
  endfacet
  facet normal -0 0 1
    outer loop
      vertex -51.3445 56.6777 7
      vertex -50.3787 52.5 7
      vertex -51.1537 57.4393 7
    endloop
  endfacet
  facet normal -0 0 1
    outer loop
      vertex -51.609 55.9385 7
      vertex -50.3787 52.5 7
      vertex -51.3445 56.6777 7
    endloop
  endfacet
  facet normal -0 0 1
    outer loop
      vertex -51.9446 55.2288 7
      vertex -50.3787 52.5 7
      vertex -51.609 55.9385 7
    endloop
  endfacet
  facet normal -0 0 1
    outer loop
      vertex -52.3482 54.5554 7
      vertex -50.3787 52.5 7
      vertex -51.9446 55.2288 7
    endloop
  endfacet
  facet normal 0 0 1
    outer loop
      vertex -50.3787 52.5 7
      vertex -52.3482 54.5554 7
      vertex -52.3848 54.5061 7
    endloop
  endfacet
  facet normal 0 0 1
    outer loop
      vertex -66.8463 60.5607 7
      vertex -79 52.5 7
      vertex -66.9615 59.7841 7
    endloop
  endfacet
  facet normal 0 0 1
    outer loop
      vertex -66.6555 61.3223 7
      vertex -79 52.5 7
      vertex -66.8463 60.5607 7
    endloop
  endfacet
  facet normal 0 0 1
    outer loop
      vertex -79 52.5 7
      vertex -66.6555 61.3223 7
      vertex -78.1634 76.0421 7
    endloop
  endfacet
  facet normal 0 0 1
    outer loop
      vertex -66.391 62.0615 7
      vertex -78.1634 76.0421 7
      vertex -66.6555 61.3223 7
    endloop
  endfacet
  facet normal 0 0 1
    outer loop
      vertex -66.0554 62.7712 7
      vertex -78.1634 76.0421 7
      vertex -66.391 62.0615 7
    endloop
  endfacet
  facet normal 0 0 1
    outer loop
      vertex -65.6518 63.4446 7
      vertex -78.1634 76.0421 7
      vertex -66.0554 62.7712 7
    endloop
  endfacet
  facet normal 0 0 1
    outer loop
      vertex -78.1634 76.0421 7
      vertex -65.6518 63.4446 7
      vertex -65.6152 63.4939 7
    endloop
  endfacet
  facet normal 0 0 1
    outer loop
      vertex -51.1537 -57.4393 7
      vertex -37.5 -52.5 7
      vertex -50.3787 -52.5 7
    endloop
  endfacet
  facet normal 0 0 1
    outer loop
      vertex -1.5 -52.5 7
      vertex -34.5 -52.5 7
      vertex -1.5 -79 7
    endloop
  endfacet
  facet normal 0 0 1
    outer loop
      vertex 34.5 -52.5 7
      vertex 1.5 -52.5 7
      vertex 34.5 -79 7
    endloop
  endfacet
  facet normal 0 0 1
    outer loop
      vertex 51.1537 -57.4393 7
      vertex 37.5 -52.5 7
      vertex 51.0385 -58.2159 7
    endloop
  endfacet
  facet normal -0 0 1
    outer loop
      vertex 37.5 -52.5 7
      vertex 51.1537 -57.4393 7
      vertex 50.3787 -52.5 7
    endloop
  endfacet
  facet normal 0 0 1
    outer loop
      vertex 51.3445 -56.6777 7
      vertex 50.3787 -52.5 7
      vertex 51.1537 -57.4393 7
    endloop
  endfacet
  facet normal 0 0 1
    outer loop
      vertex 51.609 -55.9385 7
      vertex 50.3787 -52.5 7
      vertex 51.3445 -56.6777 7
    endloop
  endfacet
  facet normal 0 0 1
    outer loop
      vertex 51.9446 -55.2288 7
      vertex 50.3787 -52.5 7
      vertex 51.609 -55.9385 7
    endloop
  endfacet
  facet normal 0 0 1
    outer loop
      vertex 52.3482 -54.5554 7
      vertex 50.3787 -52.5 7
      vertex 51.9446 -55.2288 7
    endloop
  endfacet
  facet normal 0 0 1
    outer loop
      vertex 50.3787 -52.5 7
      vertex 52.3482 -54.5554 7
      vertex 52.3848 -54.5061 7
    endloop
  endfacet
  facet normal 0 0 1
    outer loop
      vertex 79 52.5 7
      vertex 66.9615 59.7841 7
      vertex 67 59 7
    endloop
  endfacet
  facet normal 0 0 1
    outer loop
      vertex 79 52.5 7
      vertex 66.8463 60.5607 7
      vertex 66.9615 59.7841 7
    endloop
  endfacet
  facet normal 0 0 1
    outer loop
      vertex 79 52.5 7
      vertex 66.6555 61.3223 7
      vertex 66.8463 60.5607 7
    endloop
  endfacet
  facet normal 0 0 1
    outer loop
      vertex 78.1634 76.0421 7
      vertex 66.391 62.0615 7
      vertex 66.6555 61.3223 7
    endloop
  endfacet
  facet normal 0 0 1
    outer loop
      vertex 78.1634 76.0421 7
      vertex 66.0554 62.7712 7
      vertex 66.391 62.0615 7
    endloop
  endfacet
  facet normal 0 0 1
    outer loop
      vertex 78.1634 76.0421 7
      vertex 65.6518 63.4446 7
      vertex 66.0554 62.7712 7
    endloop
  endfacet
  facet normal 0 -0 1
    outer loop
      vertex 65.6518 63.4446 7
      vertex 78.1634 76.0421 7
      vertex 65.6152 63.4939 7
    endloop
  endfacet
  facet normal 0 0 1
    outer loop
      vertex 85.5 78.5 7
      vertex 77.9888 76.3334 7
      vertex 78.1634 76.0421 7
    endloop
  endfacet
  facet normal 0 0 1
    outer loop
      vertex 79.1861 85.4663 7
      vertex 77.6381 76.8064 7
      vertex 77.9888 76.3334 7
    endloop
  endfacet
  facet normal 0 0 1
    outer loop
      vertex 79.1861 85.4663 7
      vertex 77.2426 77.2426 7
      vertex 77.6381 76.8064 7
    endloop
  endfacet
  facet normal 0 0 1
    outer loop
      vertex 79.1861 85.4663 7
      vertex 76.8064 77.6381 7
      vertex 77.2426 77.2426 7
    endloop
  endfacet
  facet normal 0 0 1
    outer loop
      vertex 79.1861 85.4663 7
      vertex 76.3334 77.9888 7
      vertex 76.8064 77.6381 7
    endloop
  endfacet
  facet normal 0 0 1
    outer loop
      vertex 78.5 85.5 7
      vertex 76.0421 78.1634 7
      vertex 76.3334 77.9888 7
    endloop
  endfacet
  facet normal 0 0 1
    outer loop
      vertex 58.2159 66.9615 7
      vertex 76.0421 78.1634 7
      vertex 78.5 85.5 7
    endloop
  endfacet
  facet normal 0 0 1
    outer loop
      vertex 76.0421 78.1634 7
      vertex 63.4446 65.6518 7
      vertex 63.4939 65.6152 7
    endloop
  endfacet
  facet normal 0 0 1
    outer loop
      vertex 76.0421 78.1634 7
      vertex 62.7712 66.0554 7
      vertex 63.4446 65.6518 7
    endloop
  endfacet
  facet normal 0 0 1
    outer loop
      vertex 76.0421 78.1634 7
      vertex 62.0615 66.391 7
      vertex 62.7712 66.0554 7
    endloop
  endfacet
  facet normal 0 0 1
    outer loop
      vertex 76.0421 78.1634 7
      vertex 61.3223 66.6555 7
      vertex 62.0615 66.391 7
    endloop
  endfacet
  facet normal 0 0 1
    outer loop
      vertex 76.0421 78.1634 7
      vertex 60.5607 66.8463 7
      vertex 61.3223 66.6555 7
    endloop
  endfacet
  facet normal 0 0 1
    outer loop
      vertex 76.0421 78.1634 7
      vertex 59.7841 66.9615 7
      vertex 60.5607 66.8463 7
    endloop
  endfacet
  facet normal 0 0 1
    outer loop
      vertex 76.0421 78.1634 7
      vertex 59 67 7
      vertex 59.7841 66.9615 7
    endloop
  endfacet
  facet normal 0 0 1
    outer loop
      vertex 76.0421 78.1634 7
      vertex 58.2159 66.9615 7
      vertex 59 67 7
    endloop
  endfacet
  facet normal -0 0 1
    outer loop
      vertex 37.5 79 7
      vertex 58.2159 66.9615 7
      vertex 78.5 85.5 7
    endloop
  endfacet
  facet normal 0 0 1
    outer loop
      vertex 58.2159 66.9615 7
      vertex 37.5 79 7
      vertex 57.4393 66.8463 7
    endloop
  endfacet
  facet normal 0 0 1
    outer loop
      vertex 57.4393 66.8463 7
      vertex 37.5 79 7
      vertex 56.6777 66.6555 7
    endloop
  endfacet
  facet normal 0 0 1
    outer loop
      vertex 56.6777 66.6555 7
      vertex 37.5 79 7
      vertex 55.9385 66.391 7
    endloop
  endfacet
  facet normal 0 0 1
    outer loop
      vertex 55.9385 66.391 7
      vertex 37.5 79 7
      vertex 55.2288 66.0554 7
    endloop
  endfacet
  facet normal 0 0 1
    outer loop
      vertex 55.2288 66.0554 7
      vertex 37.5 79 7
      vertex 54.5554 65.6518 7
    endloop
  endfacet
  facet normal 0 0 1
    outer loop
      vertex 37.5 52.5 7
      vertex 51 59 7
      vertex 51.0385 59.7841 7
    endloop
  endfacet
  facet normal 0 0 1
    outer loop
      vertex 51.1537 60.5607 7
      vertex 37.5 52.5 7
      vertex 51.0385 59.7841 7
    endloop
  endfacet
  facet normal 0 0 1
    outer loop
      vertex 51.3445 61.3223 7
      vertex 37.5 52.5 7
      vertex 51.1537 60.5607 7
    endloop
  endfacet
  facet normal 0 0 1
    outer loop
      vertex 37.5 52.5 7
      vertex 51.3445 61.3223 7
      vertex 37.5 79 7
    endloop
  endfacet
  facet normal 0 0 1
    outer loop
      vertex 51.609 62.0615 7
      vertex 37.5 79 7
      vertex 51.3445 61.3223 7
    endloop
  endfacet
  facet normal 0 0 1
    outer loop
      vertex 51.9446 62.7712 7
      vertex 37.5 79 7
      vertex 51.609 62.0615 7
    endloop
  endfacet
  facet normal 0 0 1
    outer loop
      vertex 52.3482 63.4446 7
      vertex 37.5 79 7
      vertex 51.9446 62.7712 7
    endloop
  endfacet
  facet normal 0 0 1
    outer loop
      vertex 52.8159 64.0751 7
      vertex 37.5 79 7
      vertex 52.3482 63.4446 7
    endloop
  endfacet
  facet normal 0 0 1
    outer loop
      vertex 53.3431 64.6569 7
      vertex 37.5 79 7
      vertex 52.8159 64.0751 7
    endloop
  endfacet
  facet normal 0 0 1
    outer loop
      vertex 53.9249 65.1841 7
      vertex 37.5 79 7
      vertex 53.3431 64.6569 7
    endloop
  endfacet
  facet normal 0 0 1
    outer loop
      vertex 54.5554 65.6518 7
      vertex 37.5 79 7
      vertex 53.9249 65.1841 7
    endloop
  endfacet
  facet normal 0 0 1
    outer loop
      vertex 78.5 85.5 7
      vertex 34.5 79 7
      vertex 37.5 79 7
    endloop
  endfacet
  facet normal 0 0 1
    outer loop
      vertex 34.5 79 7
      vertex 1.5 79 7
      vertex 34.5 52.5 7
    endloop
  endfacet
  facet normal 0 0 1
    outer loop
      vertex 78.5 85.5 7
      vertex 1.5 79 7
      vertex 34.5 79 7
    endloop
  endfacet
  facet normal 0 0 1
    outer loop
      vertex 78.5 85.5 7
      vertex -1.5 79 7
      vertex 1.5 79 7
    endloop
  endfacet
  facet normal 0 0 1
    outer loop
      vertex -1.5 79 7
      vertex -34.5 79 7
      vertex -1.5 52.5 7
    endloop
  endfacet
  facet normal -0 0 1
    outer loop
      vertex -78.5 85.5 7
      vertex -1.5 79 7
      vertex 78.5 85.5 7
    endloop
  endfacet
  facet normal 0 0 1
    outer loop
      vertex -1.5 79 7
      vertex -78.5 85.5 7
      vertex -34.5 79 7
    endloop
  endfacet
  facet normal -0 0 1
    outer loop
      vertex -51.3445 61.3223 7
      vertex -37.5 52.5 7
      vertex -37.5 79 7
    endloop
  endfacet
  facet normal -0 0 1
    outer loop
      vertex -51.0385 58.2159 7
      vertex -37.5 52.5 7
      vertex -51 59 7
    endloop
  endfacet
  facet normal 0 0 1
    outer loop
      vertex -37.5 52.5 7
      vertex -51.0385 59.7841 7
      vertex -51 59 7
    endloop
  endfacet
  facet normal 0 0 1
    outer loop
      vertex -37.5 52.5 7
      vertex -51.1537 60.5607 7
      vertex -51.0385 59.7841 7
    endloop
  endfacet
  facet normal 0 0 1
    outer loop
      vertex -37.5 52.5 7
      vertex -51.3445 61.3223 7
      vertex -51.1537 60.5607 7
    endloop
  endfacet
  facet normal 0 0 1
    outer loop
      vertex -37.5 79 7
      vertex -51.609 62.0615 7
      vertex -51.3445 61.3223 7
    endloop
  endfacet
  facet normal 0 0 1
    outer loop
      vertex -37.5 79 7
      vertex -51.9446 62.7712 7
      vertex -51.609 62.0615 7
    endloop
  endfacet
  facet normal 0 0 1
    outer loop
      vertex -37.5 79 7
      vertex -52.3482 63.4446 7
      vertex -51.9446 62.7712 7
    endloop
  endfacet
  facet normal 0 0 1
    outer loop
      vertex -37.5 79 7
      vertex -52.8159 64.0751 7
      vertex -52.3482 63.4446 7
    endloop
  endfacet
  facet normal 0 0 1
    outer loop
      vertex -37.5 79 7
      vertex -53.3431 64.6569 7
      vertex -52.8159 64.0751 7
    endloop
  endfacet
  facet normal 0 0 1
    outer loop
      vertex -37.5 79 7
      vertex -53.9249 65.1841 7
      vertex -53.3431 64.6569 7
    endloop
  endfacet
  facet normal 0 0 1
    outer loop
      vertex -37.5 79 7
      vertex -54.5554 65.6518 7
      vertex -53.9249 65.1841 7
    endloop
  endfacet
  facet normal 0 0 1
    outer loop
      vertex -37.5 79 7
      vertex -55.2288 66.0554 7
      vertex -54.5554 65.6518 7
    endloop
  endfacet
  facet normal 0 0 1
    outer loop
      vertex -37.5 79 7
      vertex -55.9385 66.391 7
      vertex -55.2288 66.0554 7
    endloop
  endfacet
  facet normal 0 0 1
    outer loop
      vertex -37.5 79 7
      vertex -56.6777 66.6555 7
      vertex -55.9385 66.391 7
    endloop
  endfacet
  facet normal 0 0 1
    outer loop
      vertex -37.5 79 7
      vertex -57.4393 66.8463 7
      vertex -56.6777 66.6555 7
    endloop
  endfacet
  facet normal 0 0 1
    outer loop
      vertex -37.5 79 7
      vertex -58.2159 66.9615 7
      vertex -57.4393 66.8463 7
    endloop
  endfacet
  facet normal -0 0 1
    outer loop
      vertex -76.0421 78.1634 7
      vertex -58.2159 66.9615 7
      vertex -37.5 79 7
    endloop
  endfacet
  facet normal 0 0 1
    outer loop
      vertex -58.2159 66.9615 7
      vertex -76.0421 78.1634 7
      vertex -59 67 7
    endloop
  endfacet
  facet normal 0 0 1
    outer loop
      vertex -59 67 7
      vertex -76.0421 78.1634 7
      vertex -59.7841 66.9615 7
    endloop
  endfacet
  facet normal 0 0 1
    outer loop
      vertex -59.7841 66.9615 7
      vertex -76.0421 78.1634 7
      vertex -60.5607 66.8463 7
    endloop
  endfacet
  facet normal 0 0 1
    outer loop
      vertex -60.5607 66.8463 7
      vertex -76.0421 78.1634 7
      vertex -61.3223 66.6555 7
    endloop
  endfacet
  facet normal 0 0 1
    outer loop
      vertex -61.3223 66.6555 7
      vertex -76.0421 78.1634 7
      vertex -62.0615 66.391 7
    endloop
  endfacet
  facet normal 0 0 1
    outer loop
      vertex -63.4446 65.6518 7
      vertex -76.0421 78.1634 7
      vertex -63.4939 65.6152 7
    endloop
  endfacet
  facet normal 0 0 1
    outer loop
      vertex -62.7712 66.0554 7
      vertex -76.0421 78.1634 7
      vertex -63.4446 65.6518 7
    endloop
  endfacet
  facet normal 0 0 1
    outer loop
      vertex -62.0615 66.391 7
      vertex -76.0421 78.1634 7
      vertex -62.7712 66.0554 7
    endloop
  endfacet
  facet normal 0 0 1
    outer loop
      vertex -34.5 79 7
      vertex -78.5 85.5 7
      vertex -37.5 79 7
    endloop
  endfacet
  facet normal 0 0 1
    outer loop
      vertex -77.2426 77.2426 7
      vertex -85.5 78.5 7
      vertex -77.6381 76.8064 7
    endloop
  endfacet
  facet normal -0 0 1
    outer loop
      vertex -85.5 78.5 7
      vertex -77.2426 77.2426 7
      vertex -79.1861 85.4663 7
    endloop
  endfacet
  facet normal 0 0 1
    outer loop
      vertex -76.8064 77.6381 7
      vertex -79.1861 85.4663 7
      vertex -77.2426 77.2426 7
    endloop
  endfacet
  facet normal 0 0 1
    outer loop
      vertex -76.3334 77.9888 7
      vertex -79.1861 85.4663 7
      vertex -76.8064 77.6381 7
    endloop
  endfacet
  facet normal -0 0 1
    outer loop
      vertex -79.1861 85.4663 7
      vertex -76.3334 77.9888 7
      vertex -78.5 85.5 7
    endloop
  endfacet
  facet normal 0 0 1
    outer loop
      vertex -76.0421 78.1634 7
      vertex -78.5 85.5 7
      vertex -76.3334 77.9888 7
    endloop
  endfacet
  facet normal 0 0 1
    outer loop
      vertex -37.5 79 7
      vertex -78.5 85.5 7
      vertex -76.0421 78.1634 7
    endloop
  endfacet
  facet normal 0 0 1
    outer loop
      vertex 79 -1.5 7
      vertex 51.6213 -49.5 7
      vertex 79 -49.5 7
    endloop
  endfacet
  facet normal 0 0 1
    outer loop
      vertex 37.5 -35.3787 7
      vertex 79 -1.5 7
      vertex 37.5 -1.5 7
    endloop
  endfacet
  facet normal 0 0 1
    outer loop
      vertex 79 -1.5 7
      vertex 37.5 -35.3787 7
      vertex 51.6213 -49.5 7
    endloop
  endfacet
  facet normal -0 0 1
    outer loop
      vertex 51.6213 49.5 7
      vertex 79 1.5 7
      vertex 79 49.5 7
    endloop
  endfacet
  facet normal -0 0 1
    outer loop
      vertex 37.5 35.3787 7
      vertex 79 1.5 7
      vertex 51.6213 49.5 7
    endloop
  endfacet
  facet normal 0 0 1
    outer loop
      vertex 79 1.5 7
      vertex 37.5 35.3787 7
      vertex 37.5 1.5 7
    endloop
  endfacet
  facet normal 0 0 1
    outer loop
      vertex 77.9888 76.3334 7
      vertex 85.5 78.5 7
      vertex 85.4663 79.1861 7
    endloop
  endfacet
  facet normal 0 0 1
    outer loop
      vertex 85.5 78.5 7
      vertex 79 1.5 7
      vertex 85.5 -78.5 7
    endloop
  endfacet
  facet normal 0 0 1
    outer loop
      vertex 77.9888 76.3334 7
      vertex 85.4663 79.1861 7
      vertex 85.3655 79.8656 7
    endloop
  endfacet
  facet normal -0 0 1
    outer loop
      vertex 79 -1.5 7
      vertex 85.5 -78.5 7
      vertex 79 1.5 7
    endloop
  endfacet
  facet normal 0 0 1
    outer loop
      vertex 77.9888 76.3334 7
      vertex 85.3655 79.8656 7
      vertex 85.1986 80.532 7
    endloop
  endfacet
  facet normal -0 0 1
    outer loop
      vertex 79 -49.5 7
      vertex 85.5 -78.5 7
      vertex 79 -1.5 7
    endloop
  endfacet
  facet normal 0 0 1
    outer loop
      vertex 77.9888 76.3334 7
      vertex 85.1986 80.532 7
      vertex 84.9672 81.1788 7
    endloop
  endfacet
  facet normal -0 0 1
    outer loop
      vertex 79 -52.5 7
      vertex 85.5 -78.5 7
      vertex 79 -49.5 7
    endloop
  endfacet
  facet normal 0 0 1
    outer loop
      vertex 77.9888 76.3334 7
      vertex 84.9672 81.1788 7
      vertex 84.6734 81.7998 7
    endloop
  endfacet
  facet normal -0 0 1
    outer loop
      vertex 78.1634 -76.0421 7
      vertex 85.5 -78.5 7
      vertex 79 -52.5 7
    endloop
  endfacet
  facet normal 0 0 1
    outer loop
      vertex 77.9888 76.3334 7
      vertex 84.6734 81.7998 7
      vertex 84.3203 82.389 7
    endloop
  endfacet
  facet normal -0 0 1
    outer loop
      vertex 77.9888 -76.3334 7
      vertex 85.5 -78.5 7
      vertex 78.1634 -76.0421 7
    endloop
  endfacet
  facet normal 0 0 1
    outer loop
      vertex 77.9888 76.3334 7
      vertex 84.3203 82.389 7
      vertex 83.9111 82.9408 7
    endloop
  endfacet
  facet normal 0 0 1
    outer loop
      vertex 85.5 -78.5 7
      vertex 77.9888 -76.3334 7
      vertex 85.4663 -79.1861 7
    endloop
  endfacet
  facet normal 0 0 1
    outer loop
      vertex 77.9888 76.3334 7
      vertex 83.9111 82.9408 7
      vertex 83.4498 83.4498 7
    endloop
  endfacet
  facet normal 0 0 1
    outer loop
      vertex 85.4663 -79.1861 7
      vertex 77.9888 -76.3334 7
      vertex 85.3655 -79.8656 7
    endloop
  endfacet
  facet normal 0 0 1
    outer loop
      vertex 77.9888 76.3334 7
      vertex 83.4498 83.4498 7
      vertex 82.9408 83.9111 7
    endloop
  endfacet
  facet normal -0 0 1
    outer loop
      vertex 77.6381 -76.8064 7
      vertex 85.3655 -79.8656 7
      vertex 77.9888 -76.3334 7
    endloop
  endfacet
  facet normal 0 0 1
    outer loop
      vertex 77.9888 76.3334 7
      vertex 82.9408 83.9111 7
      vertex 82.389 84.3203 7
    endloop
  endfacet
  facet normal 0 0 1
    outer loop
      vertex 85.3655 -79.8656 7
      vertex 77.6381 -76.8064 7
      vertex 85.1986 -80.532 7
    endloop
  endfacet
  facet normal 0 0 1
    outer loop
      vertex 77.9888 76.3334 7
      vertex 82.389 84.3203 7
      vertex 81.7998 84.6734 7
    endloop
  endfacet
  facet normal 0 0 1
    outer loop
      vertex 85.1986 -80.532 7
      vertex 77.6381 -76.8064 7
      vertex 84.9672 -81.1788 7
    endloop
  endfacet
  facet normal 0 0 1
    outer loop
      vertex 77.9888 76.3334 7
      vertex 81.7998 84.6734 7
      vertex 81.1788 84.9672 7
    endloop
  endfacet
  facet normal 0 0 1
    outer loop
      vertex 84.9672 -81.1788 7
      vertex 77.6381 -76.8064 7
      vertex 84.6734 -81.7998 7
    endloop
  endfacet
  facet normal 0 0 1
    outer loop
      vertex 77.9888 76.3334 7
      vertex 81.1788 84.9672 7
      vertex 80.532 85.1986 7
    endloop
  endfacet
  facet normal 0 0 1
    outer loop
      vertex 84.6734 -81.7998 7
      vertex 77.6381 -76.8064 7
      vertex 84.3203 -82.389 7
    endloop
  endfacet
  facet normal 0 0 1
    outer loop
      vertex 77.9888 76.3334 7
      vertex 80.532 85.1986 7
      vertex 79.8656 85.3655 7
    endloop
  endfacet
  facet normal -0 0 1
    outer loop
      vertex 77.2426 -77.2426 7
      vertex 84.3203 -82.389 7
      vertex 77.6381 -76.8064 7
    endloop
  endfacet
  facet normal 0 0 1
    outer loop
      vertex 77.9888 76.3334 7
      vertex 79.8656 85.3655 7
      vertex 79.1861 85.4663 7
    endloop
  endfacet
  facet normal 0 0 1
    outer loop
      vertex 85.5 78.5 7
      vertex 79 52.5 7
      vertex 79 49.5 7
    endloop
  endfacet
  facet normal 0 0 1
    outer loop
      vertex 85.5 78.5 7
      vertex 79 49.5 7
      vertex 79 1.5 7
    endloop
  endfacet
  facet normal 0 0 1
    outer loop
      vertex 76.3334 77.9888 7
      vertex 79.1861 85.4663 7
      vertex 78.5 85.5 7
    endloop
  endfacet
  facet normal 0 0 1
    outer loop
      vertex 85.5 78.5 7
      vertex 78.1634 76.0421 7
      vertex 79 52.5 7
    endloop
  endfacet
  facet normal -0 0 1
    outer loop
      vertex 66.6555 61.3223 7
      vertex 79 52.5 7
      vertex 78.1634 76.0421 7
    endloop
  endfacet
  facet normal -0 0 1
    outer loop
      vertex 66.9615 58.2159 7
      vertex 79 52.5 7
      vertex 67 59 7
    endloop
  endfacet
  facet normal -0 0 1
    outer loop
      vertex 66.8463 57.4393 7
      vertex 79 52.5 7
      vertex 66.9615 58.2159 7
    endloop
  endfacet
  facet normal -0 0 1
    outer loop
      vertex 66.6555 56.6777 7
      vertex 79 52.5 7
      vertex 66.8463 57.4393 7
    endloop
  endfacet
  facet normal -0 0 1
    outer loop
      vertex 66.391 55.9385 7
      vertex 79 52.5 7
      vertex 66.6555 56.6777 7
    endloop
  endfacet
  facet normal -0 0 1
    outer loop
      vertex 66.0554 55.2288 7
      vertex 79 52.5 7
      vertex 66.391 55.9385 7
    endloop
  endfacet
  facet normal -0 0 1
    outer loop
      vertex 65.6518 54.5554 7
      vertex 79 52.5 7
      vertex 66.0554 55.2288 7
    endloop
  endfacet
  facet normal -0 0 1
    outer loop
      vertex 65.1841 53.9249 7
      vertex 79 52.5 7
      vertex 65.6518 54.5554 7
    endloop
  endfacet
  facet normal -0 0 1
    outer loop
      vertex 64.6569 53.3431 7
      vertex 79 52.5 7
      vertex 65.1841 53.9249 7
    endloop
  endfacet
  facet normal -0 0 1
    outer loop
      vertex 64.0751 52.8159 7
      vertex 79 52.5 7
      vertex 64.6569 53.3431 7
    endloop
  endfacet
  facet normal 0 0 1
    outer loop
      vertex 79 52.5 7
      vertex 64.0751 52.8159 7
      vertex 63.6492 52.5 7
    endloop
  endfacet
  facet normal 0 0 1
    outer loop
      vertex 84.3203 -82.389 7
      vertex 77.2426 -77.2426 7
      vertex 83.9111 -82.9408 7
    endloop
  endfacet
  facet normal 0 0 1
    outer loop
      vertex 83.9111 -82.9408 7
      vertex 77.2426 -77.2426 7
      vertex 83.4498 -83.4498 7
    endloop
  endfacet
  facet normal 0 0 1
    outer loop
      vertex 83.4498 -83.4498 7
      vertex 77.2426 -77.2426 7
      vertex 82.9408 -83.9111 7
    endloop
  endfacet
  facet normal 0 0 1
    outer loop
      vertex 82.9408 -83.9111 7
      vertex 77.2426 -77.2426 7
      vertex 82.389 -84.3203 7
    endloop
  endfacet
  facet normal -0 0 1
    outer loop
      vertex 76.8064 -77.6381 7
      vertex 82.389 -84.3203 7
      vertex 77.2426 -77.2426 7
    endloop
  endfacet
  facet normal 0 0 1
    outer loop
      vertex 82.389 -84.3203 7
      vertex 76.8064 -77.6381 7
      vertex 81.7998 -84.6734 7
    endloop
  endfacet
  facet normal 0 0 1
    outer loop
      vertex 81.7998 -84.6734 7
      vertex 76.8064 -77.6381 7
      vertex 81.1788 -84.9672 7
    endloop
  endfacet
  facet normal 0 0 1
    outer loop
      vertex 66.9615 -59.7841 7
      vertex 79 -52.5 7
      vertex 67 -59 7
    endloop
  endfacet
  facet normal 0 0 1
    outer loop
      vertex 79 -52.5 7
      vertex 66.9615 -58.2159 7
      vertex 67 -59 7
    endloop
  endfacet
  facet normal 0 0 1
    outer loop
      vertex 79 -52.5 7
      vertex 66.8463 -57.4393 7
      vertex 66.9615 -58.2159 7
    endloop
  endfacet
  facet normal 0 0 1
    outer loop
      vertex 79 -52.5 7
      vertex 66.6555 -56.6777 7
      vertex 66.8463 -57.4393 7
    endloop
  endfacet
  facet normal 0 0 1
    outer loop
      vertex 79 -52.5 7
      vertex 66.391 -55.9385 7
      vertex 66.6555 -56.6777 7
    endloop
  endfacet
  facet normal 0 0 1
    outer loop
      vertex 79 -52.5 7
      vertex 66.0554 -55.2288 7
      vertex 66.391 -55.9385 7
    endloop
  endfacet
  facet normal 0 0 1
    outer loop
      vertex 79 -52.5 7
      vertex 65.6518 -54.5554 7
      vertex 66.0554 -55.2288 7
    endloop
  endfacet
  facet normal 0 0 1
    outer loop
      vertex 79 -52.5 7
      vertex 65.1841 -53.9249 7
      vertex 65.6518 -54.5554 7
    endloop
  endfacet
  facet normal 0 0 1
    outer loop
      vertex 79 -52.5 7
      vertex 64.6569 -53.3431 7
      vertex 65.1841 -53.9249 7
    endloop
  endfacet
  facet normal 0 0 1
    outer loop
      vertex 79 -52.5 7
      vertex 64.0751 -52.8159 7
      vertex 64.6569 -53.3431 7
    endloop
  endfacet
  facet normal 0 -0 1
    outer loop
      vertex 64.0751 -52.8159 7
      vertex 79 -52.5 7
      vertex 63.6492 -52.5 7
    endloop
  endfacet
  facet normal 0 0 1
    outer loop
      vertex 81.1788 -84.9672 7
      vertex 76.8064 -77.6381 7
      vertex 80.532 -85.1986 7
    endloop
  endfacet
  facet normal 0 0 1
    outer loop
      vertex 80.532 -85.1986 7
      vertex 76.8064 -77.6381 7
      vertex 79.8656 -85.3655 7
    endloop
  endfacet
  facet normal -0 0 1
    outer loop
      vertex 76.3334 -77.9888 7
      vertex 79.8656 -85.3655 7
      vertex 76.8064 -77.6381 7
    endloop
  endfacet
  facet normal 0 0 1
    outer loop
      vertex 79.8656 -85.3655 7
      vertex 76.3334 -77.9888 7
      vertex 79.1861 -85.4663 7
    endloop
  endfacet
  facet normal 0 0 1
    outer loop
      vertex 79.1861 -85.4663 7
      vertex 76.3334 -77.9888 7
      vertex 78.5 -85.5 7
    endloop
  endfacet
  facet normal -0 0 1
    outer loop
      vertex 76.0421 -78.1634 7
      vertex 78.5 -85.5 7
      vertex 76.3334 -77.9888 7
    endloop
  endfacet
  facet normal -0 0 1
    outer loop
      vertex 63.4446 -65.6518 7
      vertex 76.0421 -78.1634 7
      vertex 63.4939 -65.6152 7
    endloop
  endfacet
  facet normal -0 0 1
    outer loop
      vertex 62.7712 -66.0554 7
      vertex 76.0421 -78.1634 7
      vertex 63.4446 -65.6518 7
    endloop
  endfacet
  facet normal -0 0 1
    outer loop
      vertex 62.0615 -66.391 7
      vertex 76.0421 -78.1634 7
      vertex 62.7712 -66.0554 7
    endloop
  endfacet
  facet normal -0 0 1
    outer loop
      vertex 61.3223 -66.6555 7
      vertex 76.0421 -78.1634 7
      vertex 62.0615 -66.391 7
    endloop
  endfacet
  facet normal -0 0 1
    outer loop
      vertex 60.5607 -66.8463 7
      vertex 76.0421 -78.1634 7
      vertex 61.3223 -66.6555 7
    endloop
  endfacet
  facet normal -0 0 1
    outer loop
      vertex 59.7841 -66.9615 7
      vertex 76.0421 -78.1634 7
      vertex 60.5607 -66.8463 7
    endloop
  endfacet
  facet normal -0 0 1
    outer loop
      vertex 59 -67 7
      vertex 76.0421 -78.1634 7
      vertex 59.7841 -66.9615 7
    endloop
  endfacet
  facet normal 0 0 1
    outer loop
      vertex 58.2159 -66.9615 7
      vertex 76.0421 -78.1634 7
      vertex 59 -67 7
    endloop
  endfacet
  facet normal 0 0 1
    outer loop
      vertex 76.0421 -78.1634 7
      vertex 58.2159 -66.9615 7
      vertex 78.5 -85.5 7
    endloop
  endfacet
  facet normal 0 0 1
    outer loop
      vertex 37.5 -79 7
      vertex 58.2159 -66.9615 7
      vertex 57.4393 -66.8463 7
    endloop
  endfacet
  facet normal 0 0 1
    outer loop
      vertex 37.5 -79 7
      vertex 57.4393 -66.8463 7
      vertex 56.6777 -66.6555 7
    endloop
  endfacet
  facet normal 0 0 1
    outer loop
      vertex 37.5 -79 7
      vertex 56.6777 -66.6555 7
      vertex 55.9385 -66.391 7
    endloop
  endfacet
  facet normal 0 0 1
    outer loop
      vertex 37.5 -79 7
      vertex 55.9385 -66.391 7
      vertex 55.2288 -66.0554 7
    endloop
  endfacet
  facet normal 0 0 1
    outer loop
      vertex 37.5 -79 7
      vertex 55.2288 -66.0554 7
      vertex 54.5554 -65.6518 7
    endloop
  endfacet
  facet normal 0 0 1
    outer loop
      vertex 37.5 -79 7
      vertex 54.5554 -65.6518 7
      vertex 53.9249 -65.1841 7
    endloop
  endfacet
  facet normal 0 0 1
    outer loop
      vertex 51.0385 -58.2159 7
      vertex 37.5 -52.5 7
      vertex 51 -59 7
    endloop
  endfacet
  facet normal 0 0 1
    outer loop
      vertex 51 -59 7
      vertex 37.5 -52.5 7
      vertex 51.0385 -59.7841 7
    endloop
  endfacet
  facet normal 0 0 1
    outer loop
      vertex 37.5 -52.5 7
      vertex 51.1537 -60.5607 7
      vertex 51.0385 -59.7841 7
    endloop
  endfacet
  facet normal 0 0 1
    outer loop
      vertex 37.5 -52.5 7
      vertex 51.3445 -61.3223 7
      vertex 51.1537 -60.5607 7
    endloop
  endfacet
  facet normal 0 0 1
    outer loop
      vertex 37.5 -79 7
      vertex 51.3445 -61.3223 7
      vertex 37.5 -52.5 7
    endloop
  endfacet
  facet normal 0 0 1
    outer loop
      vertex 51.3445 -61.3223 7
      vertex 37.5 -79 7
      vertex 51.609 -62.0615 7
    endloop
  endfacet
  facet normal 0 0 1
    outer loop
      vertex 51.609 -62.0615 7
      vertex 37.5 -79 7
      vertex 51.9446 -62.7712 7
    endloop
  endfacet
  facet normal 0 0 1
    outer loop
      vertex 51.9446 -62.7712 7
      vertex 37.5 -79 7
      vertex 52.3482 -63.4446 7
    endloop
  endfacet
  facet normal 0 0 1
    outer loop
      vertex 52.3482 -63.4446 7
      vertex 37.5 -79 7
      vertex 52.8159 -64.0751 7
    endloop
  endfacet
  facet normal 0 0 1
    outer loop
      vertex 52.8159 -64.0751 7
      vertex 37.5 -79 7
      vertex 53.3431 -64.6569 7
    endloop
  endfacet
  facet normal 0 0 1
    outer loop
      vertex 53.3431 -64.6569 7
      vertex 37.5 -79 7
      vertex 53.9249 -65.1841 7
    endloop
  endfacet
  facet normal 0 0 1
    outer loop
      vertex 58.2159 -66.9615 7
      vertex 37.5 -79 7
      vertex 78.5 -85.5 7
    endloop
  endfacet
  facet normal -0 0 1
    outer loop
      vertex 34.5 -79 7
      vertex 78.5 -85.5 7
      vertex 37.5 -79 7
    endloop
  endfacet
  facet normal 0 0 1
    outer loop
      vertex 1.5 -79 7
      vertex 34.5 -79 7
      vertex 1.5 -52.5 7
    endloop
  endfacet
  facet normal -0 0 1
    outer loop
      vertex 1.5 -79 7
      vertex 78.5 -85.5 7
      vertex 34.5 -79 7
    endloop
  endfacet
  facet normal -0 0 1
    outer loop
      vertex -1.5 -79 7
      vertex 78.5 -85.5 7
      vertex 1.5 -79 7
    endloop
  endfacet
  facet normal 0 0 1
    outer loop
      vertex -34.5 -79 7
      vertex -1.5 -79 7
      vertex -34.5 -52.5 7
    endloop
  endfacet
  facet normal 0 0 1
    outer loop
      vertex -78.5 -85.5 7
      vertex -1.5 -79 7
      vertex -34.5 -79 7
    endloop
  endfacet
  facet normal 0 0 1
    outer loop
      vertex -78.5 -85.5 7
      vertex -34.5 -79 7
      vertex -37.5 -79 7
    endloop
  endfacet
  facet normal 0 0 1
    outer loop
      vertex -51.0385 -59.7841 7
      vertex -37.5 -52.5 7
      vertex -51 -59 7
    endloop
  endfacet
  facet normal 0 0 1
    outer loop
      vertex -51.1537 -60.5607 7
      vertex -37.5 -52.5 7
      vertex -51.0385 -59.7841 7
    endloop
  endfacet
  facet normal 0 0 1
    outer loop
      vertex -51.3445 -61.3223 7
      vertex -37.5 -52.5 7
      vertex -51.1537 -60.5607 7
    endloop
  endfacet
  facet normal 0 0 1
    outer loop
      vertex -37.5 -52.5 7
      vertex -51.3445 -61.3223 7
      vertex -37.5 -79 7
    endloop
  endfacet
  facet normal -0 0 1
    outer loop
      vertex -51.609 -62.0615 7
      vertex -37.5 -79 7
      vertex -51.3445 -61.3223 7
    endloop
  endfacet
  facet normal -0 0 1
    outer loop
      vertex -51.9446 -62.7712 7
      vertex -37.5 -79 7
      vertex -51.609 -62.0615 7
    endloop
  endfacet
  facet normal -0 0 1
    outer loop
      vertex -52.3482 -63.4446 7
      vertex -37.5 -79 7
      vertex -51.9446 -62.7712 7
    endloop
  endfacet
  facet normal -0 0 1
    outer loop
      vertex -52.8159 -64.0751 7
      vertex -37.5 -79 7
      vertex -52.3482 -63.4446 7
    endloop
  endfacet
  facet normal -0 0 1
    outer loop
      vertex -53.3431 -64.6569 7
      vertex -37.5 -79 7
      vertex -52.8159 -64.0751 7
    endloop
  endfacet
  facet normal -0 0 1
    outer loop
      vertex -53.9249 -65.1841 7
      vertex -37.5 -79 7
      vertex -53.3431 -64.6569 7
    endloop
  endfacet
  facet normal -0 0 1
    outer loop
      vertex -54.5554 -65.6518 7
      vertex -37.5 -79 7
      vertex -53.9249 -65.1841 7
    endloop
  endfacet
  facet normal -0 0 1
    outer loop
      vertex -55.2288 -66.0554 7
      vertex -37.5 -79 7
      vertex -54.5554 -65.6518 7
    endloop
  endfacet
  facet normal -0 0 1
    outer loop
      vertex -55.9385 -66.391 7
      vertex -37.5 -79 7
      vertex -55.2288 -66.0554 7
    endloop
  endfacet
  facet normal -0 0 1
    outer loop
      vertex -56.6777 -66.6555 7
      vertex -37.5 -79 7
      vertex -55.9385 -66.391 7
    endloop
  endfacet
  facet normal -0 0 1
    outer loop
      vertex -57.4393 -66.8463 7
      vertex -37.5 -79 7
      vertex -56.6777 -66.6555 7
    endloop
  endfacet
  facet normal -0 0 1
    outer loop
      vertex -58.2159 -66.9615 7
      vertex -37.5 -79 7
      vertex -57.4393 -66.8463 7
    endloop
  endfacet
  facet normal 0 0 1
    outer loop
      vertex -76.0421 -78.1634 7
      vertex -58.2159 -66.9615 7
      vertex -59 -67 7
    endloop
  endfacet
  facet normal 0 0 1
    outer loop
      vertex -76.0421 -78.1634 7
      vertex -59 -67 7
      vertex -59.7841 -66.9615 7
    endloop
  endfacet
  facet normal 0 0 1
    outer loop
      vertex -76.0421 -78.1634 7
      vertex -59.7841 -66.9615 7
      vertex -60.5607 -66.8463 7
    endloop
  endfacet
  facet normal 0 0 1
    outer loop
      vertex -76.0421 -78.1634 7
      vertex -60.5607 -66.8463 7
      vertex -61.3223 -66.6555 7
    endloop
  endfacet
  facet normal 0 0 1
    outer loop
      vertex -76.0421 -78.1634 7
      vertex -61.3223 -66.6555 7
      vertex -62.0615 -66.391 7
    endloop
  endfacet
  facet normal 0 0 1
    outer loop
      vertex -76.0421 -78.1634 7
      vertex -62.0615 -66.391 7
      vertex -62.7712 -66.0554 7
    endloop
  endfacet
  facet normal 0 0 1
    outer loop
      vertex -76.0421 -78.1634 7
      vertex -63.4446 -65.6518 7
      vertex -63.4939 -65.6152 7
    endloop
  endfacet
  facet normal 0 0 1
    outer loop
      vertex -76.0421 -78.1634 7
      vertex -62.7712 -66.0554 7
      vertex -63.4446 -65.6518 7
    endloop
  endfacet
  facet normal 0 0 1
    outer loop
      vertex -58.2159 -66.9615 7
      vertex -76.0421 -78.1634 7
      vertex -37.5 -79 7
    endloop
  endfacet
  facet normal 0 0 1
    outer loop
      vertex -78.5 -85.5 7
      vertex -37.5 -79 7
      vertex -76.0421 -78.1634 7
    endloop
  endfacet
  facet normal 0 0 1
    outer loop
      vertex -1.5 -79 7
      vertex -78.5 -85.5 7
      vertex 78.5 -85.5 7
    endloop
  endfacet
  facet normal 0 0 1
    outer loop
      vertex -76.3334 -77.9888 7
      vertex -78.5 -85.5 7
      vertex -76.0421 -78.1634 7
    endloop
  endfacet
  facet normal 0 0 1
    outer loop
      vertex -76.8064 -77.6381 7
      vertex -78.5 -85.5 7
      vertex -76.3334 -77.9888 7
    endloop
  endfacet
  facet normal 0 0 1
    outer loop
      vertex -77.2426 -77.2426 7
      vertex -78.5 -85.5 7
      vertex -76.8064 -77.6381 7
    endloop
  endfacet
  facet normal 0 0 1
    outer loop
      vertex -77.6381 -76.8064 7
      vertex -78.5 -85.5 7
      vertex -77.2426 -77.2426 7
    endloop
  endfacet
  facet normal 0 0 1
    outer loop
      vertex -77.9888 -76.3334 7
      vertex -78.5 -85.5 7
      vertex -77.6381 -76.8064 7
    endloop
  endfacet
  facet normal 0 0 1
    outer loop
      vertex -78.5 -85.5 7
      vertex -77.9888 -76.3334 7
      vertex -78.1634 -76.0421 7
    endloop
  endfacet
  facet normal 0 0 1
    outer loop
      vertex 66.8463 -60.5607 7
      vertex 79 -52.5 7
      vertex 66.9615 -59.7841 7
    endloop
  endfacet
  facet normal 0 0 1
    outer loop
      vertex 66.6555 -61.3223 7
      vertex 79 -52.5 7
      vertex 66.8463 -60.5607 7
    endloop
  endfacet
  facet normal 0 0 1
    outer loop
      vertex 79 -52.5 7
      vertex 66.6555 -61.3223 7
      vertex 78.1634 -76.0421 7
    endloop
  endfacet
  facet normal -0 0 1
    outer loop
      vertex 66.391 -62.0615 7
      vertex 78.1634 -76.0421 7
      vertex 66.6555 -61.3223 7
    endloop
  endfacet
  facet normal -0 0 1
    outer loop
      vertex 66.0554 -62.7712 7
      vertex 78.1634 -76.0421 7
      vertex 66.391 -62.0615 7
    endloop
  endfacet
  facet normal -0 0 1
    outer loop
      vertex 65.6518 -63.4446 7
      vertex 78.1634 -76.0421 7
      vertex 66.0554 -62.7712 7
    endloop
  endfacet
  facet normal 0 0 1
    outer loop
      vertex 78.1634 -76.0421 7
      vertex 65.6518 -63.4446 7
      vertex 65.6152 -63.4939 7
    endloop
  endfacet
  facet normal 0 0 1
    outer loop
      vertex 52.3482 54.5554 7
      vertex 50.3787 52.5 7
      vertex 52.3848 54.5061 7
    endloop
  endfacet
  facet normal 0 0 1
    outer loop
      vertex 51.9446 55.2288 7
      vertex 50.3787 52.5 7
      vertex 52.3482 54.5554 7
    endloop
  endfacet
  facet normal 0 0 1
    outer loop
      vertex 51.609 55.9385 7
      vertex 50.3787 52.5 7
      vertex 51.9446 55.2288 7
    endloop
  endfacet
  facet normal 0 0 1
    outer loop
      vertex 51.3445 56.6777 7
      vertex 50.3787 52.5 7
      vertex 51.609 55.9385 7
    endloop
  endfacet
  facet normal 0 0 1
    outer loop
      vertex 51.1537 57.4393 7
      vertex 50.3787 52.5 7
      vertex 51.3445 56.6777 7
    endloop
  endfacet
  facet normal 0 0 1
    outer loop
      vertex 51.0385 58.2159 7
      vertex 50.3787 52.5 7
      vertex 51.1537 57.4393 7
    endloop
  endfacet
  facet normal 0 0 1
    outer loop
      vertex 50.3787 52.5 7
      vertex 51.0385 58.2159 7
      vertex 51 59 7
    endloop
  endfacet
  facet normal 0 0 1
    outer loop
      vertex 51 59 7
      vertex 37.5 52.5 7
      vertex 50.3787 52.5 7
    endloop
  endfacet
  facet normal 0 0 1
    outer loop
      vertex 34.5 52.5 7
      vertex 1.5 79 7
      vertex 1.5 52.5 7
    endloop
  endfacet
  facet normal 0 0 1
    outer loop
      vertex -1.5 52.5 7
      vertex -34.5 79 7
      vertex -34.5 52.5 7
    endloop
  endfacet
  facet normal 0 0 1
    outer loop
      vertex -66.9615 59.7841 7
      vertex -79 52.5 7
      vertex -67 59 7
    endloop
  endfacet
  facet normal 0 0 1
    outer loop
      vertex -67 59 7
      vertex -79 52.5 7
      vertex -66.9615 58.2159 7
    endloop
  endfacet
  facet normal 0 0 1
    outer loop
      vertex -66.9615 58.2159 7
      vertex -79 52.5 7
      vertex -66.8463 57.4393 7
    endloop
  endfacet
  facet normal 0 0 1
    outer loop
      vertex -66.8463 57.4393 7
      vertex -79 52.5 7
      vertex -66.6555 56.6777 7
    endloop
  endfacet
  facet normal 0 0 1
    outer loop
      vertex -66.6555 56.6777 7
      vertex -79 52.5 7
      vertex -66.391 55.9385 7
    endloop
  endfacet
  facet normal 0 0 1
    outer loop
      vertex -64.0751 52.8159 7
      vertex -79 52.5 7
      vertex -63.6492 52.5 7
    endloop
  endfacet
  facet normal 0 0 1
    outer loop
      vertex -64.6569 53.3431 7
      vertex -79 52.5 7
      vertex -64.0751 52.8159 7
    endloop
  endfacet
  facet normal 0 0 1
    outer loop
      vertex -65.1841 53.9249 7
      vertex -79 52.5 7
      vertex -64.6569 53.3431 7
    endloop
  endfacet
  facet normal 0 0 1
    outer loop
      vertex -65.6518 54.5554 7
      vertex -79 52.5 7
      vertex -65.1841 53.9249 7
    endloop
  endfacet
  facet normal 0 0 1
    outer loop
      vertex -66.0554 55.2288 7
      vertex -79 52.5 7
      vertex -65.6518 54.5554 7
    endloop
  endfacet
  facet normal 0 0 1
    outer loop
      vertex -66.391 55.9385 7
      vertex -79 52.5 7
      vertex -66.0554 55.2288 7
    endloop
  endfacet
  facet normal 0 0 1
    outer loop
      vertex -77.6381 76.8064 7
      vertex -85.5 78.5 7
      vertex -77.9888 76.3334 7
    endloop
  endfacet
  facet normal 0 0 1
    outer loop
      vertex -85.5 78.5 7
      vertex -79 49.5 7
      vertex -79 52.5 7
    endloop
  endfacet
  facet normal 0 0 1
    outer loop
      vertex -79 49.5 7
      vertex -85.5 78.5 7
      vertex -79 1.5 7
    endloop
  endfacet
  facet normal 0 0 1
    outer loop
      vertex -79 1.5 7
      vertex -85.5 78.5 7
      vertex -79 -1.5 7
    endloop
  endfacet
  facet normal 0 0 1
    outer loop
      vertex -85.5 -78.5 7
      vertex -79 -1.5 7
      vertex -85.5 78.5 7
    endloop
  endfacet
  facet normal 0 0 1
    outer loop
      vertex -78.1634 76.0421 7
      vertex -85.5 78.5 7
      vertex -79 52.5 7
    endloop
  endfacet
  facet normal 0 0 1
    outer loop
      vertex -77.9888 76.3334 7
      vertex -85.5 78.5 7
      vertex -78.1634 76.0421 7
    endloop
  endfacet
  facet normal 0 0 1
    outer loop
      vertex -79 1.5 7
      vertex -37.5 35.3787 7
      vertex -51.6213 49.5 7
    endloop
  endfacet
  facet normal 0 0 1
    outer loop
      vertex -79 1.5 7
      vertex -51.6213 49.5 7
      vertex -79 49.5 7
    endloop
  endfacet
  facet normal 0 0 1
    outer loop
      vertex -37.5 35.3787 7
      vertex -79 1.5 7
      vertex -37.5 1.5 7
    endloop
  endfacet
  facet normal -0 0 1
    outer loop
      vertex -79 -1.5 7
      vertex -37.5 -35.3787 7
      vertex -37.5 -1.5 7
    endloop
  endfacet
  facet normal 0 0 1
    outer loop
      vertex -37.5 -35.3787 7
      vertex -79 -1.5 7
      vertex -51.6213 -49.5 7
    endloop
  endfacet
  facet normal 0 0 1
    outer loop
      vertex -51.6213 -49.5 7
      vertex -79 -1.5 7
      vertex -79 -49.5 7
    endloop
  endfacet
  facet normal -0.67148 0.741023 0
    outer loop
      vertex -84.9751 86.0841 0
      vertex -85.5569 85.5569 14
      vertex -84.9751 86.0841 14
    endloop
  endfacet
  facet normal -0.67148 0.741023 0
    outer loop
      vertex -85.5569 85.5569 14
      vertex -84.9751 86.0841 0
      vertex -85.5569 85.5569 0
    endloop
  endfacet
  facet normal -0.595773 0.803153 0
    outer loop
      vertex -84.3446 86.5518 0
      vertex -84.9751 86.0841 14
      vertex -84.3446 86.5518 14
    endloop
  endfacet
  facet normal -0.595773 0.803153 0
    outer loop
      vertex -84.9751 86.0841 14
      vertex -84.3446 86.5518 0
      vertex -84.9751 86.0841 0
    endloop
  endfacet
  facet normal -0.514084 0.85774 0
    outer loop
      vertex -83.6712 86.9554 0
      vertex -84.3446 86.5518 14
      vertex -83.6712 86.9554 14
    endloop
  endfacet
  facet normal -0.514084 0.85774 0
    outer loop
      vertex -84.3446 86.5518 14
      vertex -83.6712 86.9554 0
      vertex -84.3446 86.5518 0
    endloop
  endfacet
  facet normal -0.0490418 0.998797 0
    outer loop
      vertex -79.9 87.9 0
      vertex -80.6841 87.8615 14
      vertex -79.9 87.9 14
    endloop
  endfacet
  facet normal -0.0490418 0.998797 0
    outer loop
      vertex -80.6841 87.8615 14
      vertex -79.9 87.9 0
      vertex -80.6841 87.8615 0
    endloop
  endfacet
  facet normal -0.146733 0.989176 0
    outer loop
      vertex -80.6841 87.8615 0
      vertex -81.4607 87.7463 14
      vertex -80.6841 87.8615 14
    endloop
  endfacet
  facet normal -0.146733 0.989176 0
    outer loop
      vertex -81.4607 87.7463 14
      vertex -80.6841 87.8615 0
      vertex -81.4607 87.7463 0
    endloop
  endfacet
  facet normal -0.336901 0.94154 0
    outer loop
      vertex -82.2223 87.5555 0
      vertex -82.9615 87.291 14
      vertex -82.2223 87.5555 14
    endloop
  endfacet
  facet normal -0.336901 0.94154 0
    outer loop
      vertex -82.9615 87.291 14
      vertex -82.2223 87.5555 0
      vertex -82.9615 87.291 0
    endloop
  endfacet
  facet normal 0.595773 -0.803153 0
    outer loop
      vertex 84.3446 -86.5518 0
      vertex 84.9751 -86.0841 14
      vertex 84.3446 -86.5518 14
    endloop
  endfacet
  facet normal 0.595773 -0.803153 0
    outer loop
      vertex 84.9751 -86.0841 14
      vertex 84.3446 -86.5518 0
      vertex 84.9751 -86.0841 0
    endloop
  endfacet
  facet normal 0.514084 -0.85774 0
    outer loop
      vertex 83.6712 -86.9554 0
      vertex 84.3446 -86.5518 14
      vertex 83.6712 -86.9554 14
    endloop
  endfacet
  facet normal 0.514084 -0.85774 0
    outer loop
      vertex 84.3446 -86.5518 14
      vertex 83.6712 -86.9554 0
      vertex 84.3446 -86.5518 0
    endloop
  endfacet
  facet normal 0.0490418 -0.998797 0
    outer loop
      vertex 79.9 -87.9 0
      vertex 80.6841 -87.8615 14
      vertex 79.9 -87.9 14
    endloop
  endfacet
  facet normal 0.0490418 -0.998797 0
    outer loop
      vertex 80.6841 -87.8615 14
      vertex 79.9 -87.9 0
      vertex 80.6841 -87.8615 0
    endloop
  endfacet
  facet normal 0.146733 -0.989176 0
    outer loop
      vertex 80.6841 -87.8615 0
      vertex 81.4607 -87.7463 14
      vertex 80.6841 -87.8615 14
    endloop
  endfacet
  facet normal 0.146733 -0.989176 0
    outer loop
      vertex 81.4607 -87.7463 14
      vertex 80.6841 -87.8615 0
      vertex 81.4607 -87.7463 0
    endloop
  endfacet
  facet normal 0.336901 -0.94154 0
    outer loop
      vertex 82.2223 -87.5555 0
      vertex 82.9615 -87.291 14
      vertex 82.2223 -87.5555 14
    endloop
  endfacet
  facet normal 0.336901 -0.94154 0
    outer loop
      vertex 82.9615 -87.291 14
      vertex 82.2223 -87.5555 0
      vertex 82.9615 -87.291 0
    endloop
  endfacet
  facet normal 0.85774 0.514084 0
    outer loop
      vertex 86.9554 83.6712 14
      vertex 86.5518 84.3446 0
      vertex 86.5518 84.3446 14
    endloop
  endfacet
  facet normal 0.85774 0.514084 0
    outer loop
      vertex 86.5518 84.3446 0
      vertex 86.9554 83.6712 14
      vertex 86.9554 83.6712 0
    endloop
  endfacet
  facet normal 0.970023 0.243015 0
    outer loop
      vertex 87.7463 81.4607 14
      vertex 87.5555 82.2223 0
      vertex 87.5555 82.2223 14
    endloop
  endfacet
  facet normal 0.970023 0.243015 0
    outer loop
      vertex 87.5555 82.2223 0
      vertex 87.7463 81.4607 14
      vertex 87.7463 81.4607 0
    endloop
  endfacet
  facet normal 0.427489 0.90402 -0
    outer loop
      vertex 83.6712 86.9554 0
      vertex 82.9615 87.291 14
      vertex 83.6712 86.9554 14
    endloop
  endfacet
  facet normal 0.427489 0.90402 0
    outer loop
      vertex 82.9615 87.291 14
      vertex 83.6712 86.9554 0
      vertex 82.9615 87.291 0
    endloop
  endfacet
  facet normal 0.94154 -0.336901 0
    outer loop
      vertex 87.291 -82.9615 14
      vertex 87.5555 -82.2223 0
      vertex 87.5555 -82.2223 14
    endloop
  endfacet
  facet normal 0.94154 -0.336901 0
    outer loop
      vertex 87.5555 -82.2223 0
      vertex 87.291 -82.9615 14
      vertex 87.291 -82.9615 0
    endloop
  endfacet
  facet normal 0.989176 -0.146733 0
    outer loop
      vertex 87.7463 -81.4607 14
      vertex 87.8615 -80.6841 0
      vertex 87.8615 -80.6841 14
    endloop
  endfacet
  facet normal 0.989176 -0.146733 0
    outer loop
      vertex 87.8615 -80.6841 0
      vertex 87.7463 -81.4607 14
      vertex 87.7463 -81.4607 0
    endloop
  endfacet
  facet normal -0.243015 -0.970023 0
    outer loop
      vertex -82.2223 -87.5555 0
      vertex -81.4607 -87.7463 14
      vertex -82.2223 -87.5555 14
    endloop
  endfacet
  facet normal -0.243015 -0.970023 -0
    outer loop
      vertex -81.4607 -87.7463 14
      vertex -82.2223 -87.5555 0
      vertex -81.4607 -87.7463 0
    endloop
  endfacet
  facet normal -0.803153 -0.595773 0
    outer loop
      vertex -86.0841 -84.9751 0
      vertex -86.5518 -84.3446 14
      vertex -86.5518 -84.3446 0
    endloop
  endfacet
  facet normal -0.803153 -0.595773 0
    outer loop
      vertex -86.5518 -84.3446 14
      vertex -86.0841 -84.9751 0
      vertex -86.0841 -84.9751 14
    endloop
  endfacet
  facet normal -0.85774 -0.514084 0
    outer loop
      vertex -86.5518 -84.3446 0
      vertex -86.9554 -83.6712 14
      vertex -86.9554 -83.6712 0
    endloop
  endfacet
  facet normal -0.85774 -0.514084 0
    outer loop
      vertex -86.9554 -83.6712 14
      vertex -86.5518 -84.3446 0
      vertex -86.5518 -84.3446 14
    endloop
  endfacet
  facet normal -0.514084 -0.85774 0
    outer loop
      vertex -84.3446 -86.5518 0
      vertex -83.6712 -86.9554 14
      vertex -84.3446 -86.5518 14
    endloop
  endfacet
  facet normal -0.514084 -0.85774 -0
    outer loop
      vertex -83.6712 -86.9554 14
      vertex -84.3446 -86.5518 0
      vertex -83.6712 -86.9554 0
    endloop
  endfacet
  facet normal -0.998797 0.0490418 0
    outer loop
      vertex -87.9 79.9 0
      vertex -87.8615 80.6841 14
      vertex -87.8615 80.6841 0
    endloop
  endfacet
  facet normal -0.998797 0.0490418 0
    outer loop
      vertex -87.8615 80.6841 14
      vertex -87.9 79.9 0
      vertex -87.9 79.9 14
    endloop
  endfacet
  facet normal -0.741023 0.67148 0
    outer loop
      vertex -86.0841 84.9751 0
      vertex -85.5569 85.5569 14
      vertex -85.5569 85.5569 0
    endloop
  endfacet
  facet normal -0.741023 0.67148 0
    outer loop
      vertex -85.5569 85.5569 14
      vertex -86.0841 84.9751 0
      vertex -86.0841 84.9751 14
    endloop
  endfacet
  facet normal -0.90402 0.427489 0
    outer loop
      vertex -87.291 82.9615 0
      vertex -86.9554 83.6712 14
      vertex -86.9554 83.6712 0
    endloop
  endfacet
  facet normal -0.90402 0.427489 0
    outer loop
      vertex -86.9554 83.6712 14
      vertex -87.291 82.9615 0
      vertex -87.291 82.9615 14
    endloop
  endfacet
  facet normal -0.970023 0.243015 0
    outer loop
      vertex -87.7463 81.4607 0
      vertex -87.5555 82.2223 14
      vertex -87.5555 82.2223 0
    endloop
  endfacet
  facet normal -0.970023 0.243015 0
    outer loop
      vertex -87.5555 82.2223 14
      vertex -87.7463 81.4607 0
      vertex -87.7463 81.4607 14
    endloop
  endfacet
  facet normal -0.427489 0.90402 0
    outer loop
      vertex -82.9615 87.291 0
      vertex -83.6712 86.9554 14
      vertex -82.9615 87.291 14
    endloop
  endfacet
  facet normal -0.427489 0.90402 0
    outer loop
      vertex -83.6712 86.9554 14
      vertex -82.9615 87.291 0
      vertex -83.6712 86.9554 0
    endloop
  endfacet
  facet normal -0.243015 0.970023 0
    outer loop
      vertex -81.4607 87.7463 0
      vertex -82.2223 87.5555 14
      vertex -81.4607 87.7463 14
    endloop
  endfacet
  facet normal -0.243015 0.970023 0
    outer loop
      vertex -82.2223 87.5555 14
      vertex -81.4607 87.7463 0
      vertex -82.2223 87.5555 0
    endloop
  endfacet
  facet normal 0.90402 0.427489 0
    outer loop
      vertex 87.291 82.9615 14
      vertex 86.9554 83.6712 0
      vertex 86.9554 83.6712 14
    endloop
  endfacet
  facet normal 0.90402 0.427489 0
    outer loop
      vertex 86.9554 83.6712 0
      vertex 87.291 82.9615 14
      vertex 87.291 82.9615 0
    endloop
  endfacet
  facet normal 0.989176 0.146733 0
    outer loop
      vertex 87.8615 80.6841 14
      vertex 87.7463 81.4607 0
      vertex 87.7463 81.4607 14
    endloop
  endfacet
  facet normal 0.989176 0.146733 0
    outer loop
      vertex 87.7463 81.4607 0
      vertex 87.8615 80.6841 14
      vertex 87.8615 80.6841 0
    endloop
  endfacet
  facet normal 0.595773 0.803153 -0
    outer loop
      vertex 84.9751 86.0841 0
      vertex 84.3446 86.5518 14
      vertex 84.9751 86.0841 14
    endloop
  endfacet
  facet normal 0.595773 0.803153 0
    outer loop
      vertex 84.3446 86.5518 14
      vertex 84.9751 86.0841 0
      vertex 84.3446 86.5518 0
    endloop
  endfacet
  facet normal 0.741023 0.67148 0
    outer loop
      vertex 86.0841 84.9751 14
      vertex 85.5569 85.5569 0
      vertex 85.5569 85.5569 14
    endloop
  endfacet
  facet normal 0.741023 0.67148 0
    outer loop
      vertex 85.5569 85.5569 0
      vertex 86.0841 84.9751 14
      vertex 86.0841 84.9751 0
    endloop
  endfacet
  facet normal 0.514084 0.85774 -0
    outer loop
      vertex 84.3446 86.5518 0
      vertex 83.6712 86.9554 14
      vertex 84.3446 86.5518 14
    endloop
  endfacet
  facet normal 0.514084 0.85774 0
    outer loop
      vertex 83.6712 86.9554 14
      vertex 84.3446 86.5518 0
      vertex 83.6712 86.9554 0
    endloop
  endfacet
  facet normal 0.336901 0.94154 -0
    outer loop
      vertex 82.9615 87.291 0
      vertex 82.2223 87.5555 14
      vertex 82.9615 87.291 14
    endloop
  endfacet
  facet normal 0.336901 0.94154 0
    outer loop
      vertex 82.2223 87.5555 14
      vertex 82.9615 87.291 0
      vertex 82.2223 87.5555 0
    endloop
  endfacet
  facet normal 0.970023 -0.243015 0
    outer loop
      vertex 87.5555 -82.2223 14
      vertex 87.7463 -81.4607 0
      vertex 87.7463 -81.4607 14
    endloop
  endfacet
  facet normal 0.970023 -0.243015 0
    outer loop
      vertex 87.7463 -81.4607 0
      vertex 87.5555 -82.2223 14
      vertex 87.5555 -82.2223 0
    endloop
  endfacet
  facet normal 0.998797 -0.0490418 0
    outer loop
      vertex 87.8615 -80.6841 14
      vertex 87.9 -79.9 0
      vertex 87.9 -79.9 14
    endloop
  endfacet
  facet normal 0.998797 -0.0490418 0
    outer loop
      vertex 87.9 -79.9 0
      vertex 87.8615 -80.6841 14
      vertex 87.8615 -80.6841 0
    endloop
  endfacet
  facet normal 0.85774 -0.514084 0
    outer loop
      vertex 86.5518 -84.3446 14
      vertex 86.9554 -83.6712 0
      vertex 86.9554 -83.6712 14
    endloop
  endfacet
  facet normal 0.85774 -0.514084 0
    outer loop
      vertex 86.9554 -83.6712 0
      vertex 86.5518 -84.3446 14
      vertex 86.5518 -84.3446 0
    endloop
  endfacet
  facet normal 0.803153 -0.595773 0
    outer loop
      vertex 86.0841 -84.9751 14
      vertex 86.5518 -84.3446 0
      vertex 86.5518 -84.3446 14
    endloop
  endfacet
  facet normal 0.803153 -0.595773 0
    outer loop
      vertex 86.5518 -84.3446 0
      vertex 86.0841 -84.9751 14
      vertex 86.0841 -84.9751 0
    endloop
  endfacet
  facet normal 0.90402 -0.427489 0
    outer loop
      vertex 86.9554 -83.6712 14
      vertex 87.291 -82.9615 0
      vertex 87.291 -82.9615 14
    endloop
  endfacet
  facet normal 0.90402 -0.427489 0
    outer loop
      vertex 87.291 -82.9615 0
      vertex 86.9554 -83.6712 14
      vertex 86.9554 -83.6712 0
    endloop
  endfacet
  facet normal 0.741023 -0.67148 0
    outer loop
      vertex 85.5569 -85.5569 14
      vertex 86.0841 -84.9751 0
      vertex 86.0841 -84.9751 14
    endloop
  endfacet
  facet normal 0.741023 -0.67148 0
    outer loop
      vertex 86.0841 -84.9751 0
      vertex 85.5569 -85.5569 14
      vertex 85.5569 -85.5569 0
    endloop
  endfacet
  facet normal -0.90402 -0.427489 0
    outer loop
      vertex -86.9554 -83.6712 0
      vertex -87.291 -82.9615 14
      vertex -87.291 -82.9615 0
    endloop
  endfacet
  facet normal -0.90402 -0.427489 0
    outer loop
      vertex -87.291 -82.9615 14
      vertex -86.9554 -83.6712 0
      vertex -86.9554 -83.6712 14
    endloop
  endfacet
  facet normal -0.970023 -0.243015 0
    outer loop
      vertex -87.5555 -82.2223 0
      vertex -87.7463 -81.4607 14
      vertex -87.7463 -81.4607 0
    endloop
  endfacet
  facet normal -0.970023 -0.243015 0
    outer loop
      vertex -87.7463 -81.4607 14
      vertex -87.5555 -82.2223 0
      vertex -87.5555 -82.2223 14
    endloop
  endfacet
  facet normal -0.94154 -0.336901 0
    outer loop
      vertex -87.291 -82.9615 0
      vertex -87.5555 -82.2223 14
      vertex -87.5555 -82.2223 0
    endloop
  endfacet
  facet normal -0.94154 -0.336901 0
    outer loop
      vertex -87.5555 -82.2223 14
      vertex -87.291 -82.9615 0
      vertex -87.291 -82.9615 14
    endloop
  endfacet
  facet normal -0.998797 -0.0490418 0
    outer loop
      vertex -87.8615 -80.6841 0
      vertex -87.9 -79.9 14
      vertex -87.9 -79.9 0
    endloop
  endfacet
  facet normal -0.998797 -0.0490418 0
    outer loop
      vertex -87.9 -79.9 14
      vertex -87.8615 -80.6841 0
      vertex -87.8615 -80.6841 14
    endloop
  endfacet
  facet normal -0.989176 -0.146733 0
    outer loop
      vertex -87.7463 -81.4607 0
      vertex -87.8615 -80.6841 14
      vertex -87.8615 -80.6841 0
    endloop
  endfacet
  facet normal -0.989176 -0.146733 0
    outer loop
      vertex -87.8615 -80.6841 14
      vertex -87.7463 -81.4607 0
      vertex -87.7463 -81.4607 14
    endloop
  endfacet
  facet normal -0.336901 -0.94154 0
    outer loop
      vertex -82.9615 -87.291 0
      vertex -82.2223 -87.5555 14
      vertex -82.9615 -87.291 14
    endloop
  endfacet
  facet normal -0.336901 -0.94154 -0
    outer loop
      vertex -82.2223 -87.5555 14
      vertex -82.9615 -87.291 0
      vertex -82.2223 -87.5555 0
    endloop
  endfacet
  facet normal -0.427489 -0.90402 0
    outer loop
      vertex -83.6712 -86.9554 0
      vertex -82.9615 -87.291 14
      vertex -83.6712 -86.9554 14
    endloop
  endfacet
  facet normal -0.427489 -0.90402 -0
    outer loop
      vertex -82.9615 -87.291 14
      vertex -83.6712 -86.9554 0
      vertex -82.9615 -87.291 0
    endloop
  endfacet
  facet normal -0.67148 -0.741023 0
    outer loop
      vertex -85.5569 -85.5569 0
      vertex -84.9751 -86.0841 14
      vertex -85.5569 -85.5569 14
    endloop
  endfacet
  facet normal -0.67148 -0.741023 -0
    outer loop
      vertex -84.9751 -86.0841 14
      vertex -85.5569 -85.5569 0
      vertex -84.9751 -86.0841 0
    endloop
  endfacet
  facet normal -0.595773 -0.803153 0
    outer loop
      vertex -84.9751 -86.0841 0
      vertex -84.3446 -86.5518 14
      vertex -84.9751 -86.0841 14
    endloop
  endfacet
  facet normal -0.595773 -0.803153 -0
    outer loop
      vertex -84.3446 -86.5518 14
      vertex -84.9751 -86.0841 0
      vertex -84.3446 -86.5518 0
    endloop
  endfacet
  facet normal -0.85774 0.514084 0
    outer loop
      vertex -86.9554 83.6712 0
      vertex -86.5518 84.3446 14
      vertex -86.5518 84.3446 0
    endloop
  endfacet
  facet normal -0.85774 0.514084 0
    outer loop
      vertex -86.5518 84.3446 14
      vertex -86.9554 83.6712 0
      vertex -86.9554 83.6712 14
    endloop
  endfacet
  facet normal -0.989176 0.146733 0
    outer loop
      vertex -87.8615 80.6841 0
      vertex -87.7463 81.4607 14
      vertex -87.7463 81.4607 0
    endloop
  endfacet
  facet normal -0.989176 0.146733 0
    outer loop
      vertex -87.7463 81.4607 14
      vertex -87.8615 80.6841 0
      vertex -87.8615 80.6841 14
    endloop
  endfacet
  facet normal -0.94154 0.336901 0
    outer loop
      vertex -87.5555 82.2223 0
      vertex -87.291 82.9615 14
      vertex -87.291 82.9615 0
    endloop
  endfacet
  facet normal -0.94154 0.336901 0
    outer loop
      vertex -87.291 82.9615 14
      vertex -87.5555 82.2223 0
      vertex -87.5555 82.2223 14
    endloop
  endfacet
  facet normal 0.94154 0.336901 0
    outer loop
      vertex 87.5555 82.2223 14
      vertex 87.291 82.9615 0
      vertex 87.291 82.9615 14
    endloop
  endfacet
  facet normal 0.94154 0.336901 0
    outer loop
      vertex 87.291 82.9615 0
      vertex 87.5555 82.2223 14
      vertex 87.5555 82.2223 0
    endloop
  endfacet
  facet normal 0.67148 0.741023 -0
    outer loop
      vertex 85.5569 85.5569 0
      vertex 84.9751 86.0841 14
      vertex 85.5569 85.5569 14
    endloop
  endfacet
  facet normal 0.67148 0.741023 0
    outer loop
      vertex 84.9751 86.0841 14
      vertex 85.5569 85.5569 0
      vertex 84.9751 86.0841 0
    endloop
  endfacet
  facet normal -0.741023 -0.67148 0
    outer loop
      vertex -85.5569 -85.5569 0
      vertex -86.0841 -84.9751 14
      vertex -86.0841 -84.9751 0
    endloop
  endfacet
  facet normal -0.741023 -0.67148 0
    outer loop
      vertex -86.0841 -84.9751 14
      vertex -85.5569 -85.5569 0
      vertex -85.5569 -85.5569 14
    endloop
  endfacet
  facet normal 0 0 1
    outer loop
      vertex 85.3655 79.8656 14
      vertex 87.9 79.9 14
      vertex 87.8615 80.6841 14
    endloop
  endfacet
  facet normal 0 0 1
    outer loop
      vertex 87.9 79.9 14
      vertex 85.5 78.5 14
      vertex 87.9 -79.9 14
    endloop
  endfacet
  facet normal 0 0 1
    outer loop
      vertex 85.1986 80.532 14
      vertex 87.8615 80.6841 14
      vertex 87.7463 81.4607 14
    endloop
  endfacet
  facet normal -0 0 1
    outer loop
      vertex 85.5 -78.5 14
      vertex 87.9 -79.9 14
      vertex 85.5 78.5 14
    endloop
  endfacet
  facet normal 0 0 1
    outer loop
      vertex 84.9672 81.1788 14
      vertex 87.7463 81.4607 14
      vertex 87.5555 82.2223 14
    endloop
  endfacet
  facet normal -0 0 1
    outer loop
      vertex 85.4663 -79.1861 14
      vertex 87.9 -79.9 14
      vertex 85.5 -78.5 14
    endloop
  endfacet
  facet normal 0 0 1
    outer loop
      vertex 84.6734 81.7998 14
      vertex 87.5555 82.2223 14
      vertex 87.291 82.9615 14
    endloop
  endfacet
  facet normal -0 0 1
    outer loop
      vertex 85.3655 -79.8656 14
      vertex 87.9 -79.9 14
      vertex 85.4663 -79.1861 14
    endloop
  endfacet
  facet normal 0 0 1
    outer loop
      vertex 84.6734 81.7998 14
      vertex 87.291 82.9615 14
      vertex 86.9554 83.6712 14
    endloop
  endfacet
  facet normal 0 0 1
    outer loop
      vertex 87.9 -79.9 14
      vertex 85.3655 -79.8656 14
      vertex 87.8615 -80.6841 14
    endloop
  endfacet
  facet normal 0 0 1
    outer loop
      vertex 84.3203 82.389 14
      vertex 86.9554 83.6712 14
      vertex 86.5518 84.3446 14
    endloop
  endfacet
  facet normal -0 0 1
    outer loop
      vertex 85.1986 -80.532 14
      vertex 87.8615 -80.6841 14
      vertex 85.3655 -79.8656 14
    endloop
  endfacet
  facet normal 0 0 1
    outer loop
      vertex 83.9111 82.9408 14
      vertex 86.5518 84.3446 14
      vertex 86.0841 84.9751 14
    endloop
  endfacet
  facet normal 0 0 1
    outer loop
      vertex 87.8615 -80.6841 14
      vertex 85.1986 -80.532 14
      vertex 87.7463 -81.4607 14
    endloop
  endfacet
  facet normal 0 0 1
    outer loop
      vertex 83.4498 83.4498 14
      vertex 86.0841 84.9751 14
      vertex 85.5569 85.5569 14
    endloop
  endfacet
  facet normal -0 0 1
    outer loop
      vertex 84.9672 -81.1788 14
      vertex 87.7463 -81.4607 14
      vertex 85.1986 -80.532 14
    endloop
  endfacet
  facet normal 0 0 1
    outer loop
      vertex 87.7463 -81.4607 14
      vertex 84.9672 -81.1788 14
      vertex 87.5555 -82.2223 14
    endloop
  endfacet
  facet normal 0 0 1
    outer loop
      vertex 87.9 79.9 14
      vertex 85.4663 79.1861 14
      vertex 85.5 78.5 14
    endloop
  endfacet
  facet normal 0 0 1
    outer loop
      vertex 87.9 79.9 14
      vertex 85.3655 79.8656 14
      vertex 85.4663 79.1861 14
    endloop
  endfacet
  facet normal 0 0 1
    outer loop
      vertex 87.8615 80.6841 14
      vertex 85.1986 80.532 14
      vertex 85.3655 79.8656 14
    endloop
  endfacet
  facet normal 0 0 1
    outer loop
      vertex 83.4498 83.4498 14
      vertex 85.5569 85.5569 14
      vertex 84.9751 86.0841 14
    endloop
  endfacet
  facet normal 0 0 1
    outer loop
      vertex 87.7463 81.4607 14
      vertex 84.9672 81.1788 14
      vertex 85.1986 80.532 14
    endloop
  endfacet
  facet normal 0 0 1
    outer loop
      vertex 87.5555 82.2223 14
      vertex 84.6734 81.7998 14
      vertex 84.9672 81.1788 14
    endloop
  endfacet
  facet normal 0 0 1
    outer loop
      vertex 82.9408 83.9111 14
      vertex 84.9751 86.0841 14
      vertex 84.3446 86.5518 14
    endloop
  endfacet
  facet normal 0 0 1
    outer loop
      vertex 86.9554 83.6712 14
      vertex 84.3203 82.389 14
      vertex 84.6734 81.7998 14
    endloop
  endfacet
  facet normal 0 0 1
    outer loop
      vertex 86.5518 84.3446 14
      vertex 83.9111 82.9408 14
      vertex 84.3203 82.389 14
    endloop
  endfacet
  facet normal 0 0 1
    outer loop
      vertex 82.389 84.3203 14
      vertex 84.3446 86.5518 14
      vertex 83.6712 86.9554 14
    endloop
  endfacet
  facet normal 0 0 1
    outer loop
      vertex 86.0841 84.9751 14
      vertex 83.4498 83.4498 14
      vertex 83.9111 82.9408 14
    endloop
  endfacet
  facet normal 0 0 1
    outer loop
      vertex 81.7998 84.6734 14
      vertex 83.6712 86.9554 14
      vertex 82.9615 87.291 14
    endloop
  endfacet
  facet normal 0 0 1
    outer loop
      vertex 84.9751 86.0841 14
      vertex 82.9408 83.9111 14
      vertex 83.4498 83.4498 14
    endloop
  endfacet
  facet normal 0 0 1
    outer loop
      vertex 84.3446 86.5518 14
      vertex 82.389 84.3203 14
      vertex 82.9408 83.9111 14
    endloop
  endfacet
  facet normal 0 0 1
    outer loop
      vertex 81.7998 84.6734 14
      vertex 82.9615 87.291 14
      vertex 82.2223 87.5555 14
    endloop
  endfacet
  facet normal 0 0 1
    outer loop
      vertex 83.6712 86.9554 14
      vertex 81.7998 84.6734 14
      vertex 82.389 84.3203 14
    endloop
  endfacet
  facet normal 0 0 1
    outer loop
      vertex 81.1788 84.9672 14
      vertex 82.2223 87.5555 14
      vertex 81.4607 87.7463 14
    endloop
  endfacet
  facet normal 0 0 1
    outer loop
      vertex 82.2223 87.5555 14
      vertex 81.1788 84.9672 14
      vertex 81.7998 84.6734 14
    endloop
  endfacet
  facet normal 0 0 1
    outer loop
      vertex 80.532 85.1986 14
      vertex 81.4607 87.7463 14
      vertex 80.6841 87.8615 14
    endloop
  endfacet
  facet normal 0 0 1
    outer loop
      vertex 81.4607 87.7463 14
      vertex 80.532 85.1986 14
      vertex 81.1788 84.9672 14
    endloop
  endfacet
  facet normal 0 0 1
    outer loop
      vertex 79.8656 85.3655 14
      vertex 80.6841 87.8615 14
      vertex 79.9 87.9 14
    endloop
  endfacet
  facet normal 0 0 1
    outer loop
      vertex 80.6841 87.8615 14
      vertex 79.8656 85.3655 14
      vertex 80.532 85.1986 14
    endloop
  endfacet
  facet normal 0 0 1
    outer loop
      vertex 79.9 87.9 14
      vertex 79.1861 85.4663 14
      vertex 79.8656 85.3655 14
    endloop
  endfacet
  facet normal 0 0 1
    outer loop
      vertex 79.9 87.9 14
      vertex 78.5 85.5 14
      vertex 79.1861 85.4663 14
    endloop
  endfacet
  facet normal 0 0 1
    outer loop
      vertex 79.9 87.9 14
      vertex -78.5 85.5 14
      vertex 78.5 85.5 14
    endloop
  endfacet
  facet normal -0 0 1
    outer loop
      vertex -79.9 87.9 14
      vertex -78.5 85.5 14
      vertex 79.9 87.9 14
    endloop
  endfacet
  facet normal 0 0 1
    outer loop
      vertex -79.9 87.9 14
      vertex -79.1861 85.4663 14
      vertex -78.5 85.5 14
    endloop
  endfacet
  facet normal 0 0 1
    outer loop
      vertex -79.9 87.9 14
      vertex -79.8656 85.3655 14
      vertex -79.1861 85.4663 14
    endloop
  endfacet
  facet normal -0 0 1
    outer loop
      vertex -80.6841 87.8615 14
      vertex -79.8656 85.3655 14
      vertex -79.9 87.9 14
    endloop
  endfacet
  facet normal 0 0 1
    outer loop
      vertex -79.8656 85.3655 14
      vertex -80.6841 87.8615 14
      vertex -80.532 85.1986 14
    endloop
  endfacet
  facet normal -0 0 1
    outer loop
      vertex -81.4607 87.7463 14
      vertex -80.532 85.1986 14
      vertex -80.6841 87.8615 14
    endloop
  endfacet
  facet normal 0 0 1
    outer loop
      vertex -80.532 85.1986 14
      vertex -81.4607 87.7463 14
      vertex -81.1788 84.9672 14
    endloop
  endfacet
  facet normal -0 0 1
    outer loop
      vertex -82.2223 87.5555 14
      vertex -81.1788 84.9672 14
      vertex -81.4607 87.7463 14
    endloop
  endfacet
  facet normal 0 0 1
    outer loop
      vertex -81.1788 84.9672 14
      vertex -82.2223 87.5555 14
      vertex -81.7998 84.6734 14
    endloop
  endfacet
  facet normal -0 0 1
    outer loop
      vertex -82.9615 87.291 14
      vertex -81.7998 84.6734 14
      vertex -82.2223 87.5555 14
    endloop
  endfacet
  facet normal -0 0 1
    outer loop
      vertex -83.6712 86.9554 14
      vertex -81.7998 84.6734 14
      vertex -82.9615 87.291 14
    endloop
  endfacet
  facet normal 0 0 1
    outer loop
      vertex -81.7998 84.6734 14
      vertex -83.6712 86.9554 14
      vertex -82.389 84.3203 14
    endloop
  endfacet
  facet normal -0 0 1
    outer loop
      vertex -84.3446 86.5518 14
      vertex -82.389 84.3203 14
      vertex -83.6712 86.9554 14
    endloop
  endfacet
  facet normal 0 0 1
    outer loop
      vertex -82.389 84.3203 14
      vertex -84.3446 86.5518 14
      vertex -82.9408 83.9111 14
    endloop
  endfacet
  facet normal -0 0 1
    outer loop
      vertex -84.9751 86.0841 14
      vertex -82.9408 83.9111 14
      vertex -84.3446 86.5518 14
    endloop
  endfacet
  facet normal 0 0 1
    outer loop
      vertex -82.9408 83.9111 14
      vertex -84.9751 86.0841 14
      vertex -83.4498 83.4498 14
    endloop
  endfacet
  facet normal -0 0 1
    outer loop
      vertex -85.5569 85.5569 14
      vertex -83.4498 83.4498 14
      vertex -84.9751 86.0841 14
    endloop
  endfacet
  facet normal -0 0 1
    outer loop
      vertex -86.0841 84.9751 14
      vertex -83.4498 83.4498 14
      vertex -85.5569 85.5569 14
    endloop
  endfacet
  facet normal 0 0 1
    outer loop
      vertex -83.4498 83.4498 14
      vertex -86.0841 84.9751 14
      vertex -83.9111 82.9408 14
    endloop
  endfacet
  facet normal -0 0 1
    outer loop
      vertex -86.5518 84.3446 14
      vertex -83.9111 82.9408 14
      vertex -86.0841 84.9751 14
    endloop
  endfacet
  facet normal 0 0 1
    outer loop
      vertex -83.9111 82.9408 14
      vertex -86.5518 84.3446 14
      vertex -84.3203 82.389 14
    endloop
  endfacet
  facet normal -0 0 1
    outer loop
      vertex -86.9554 83.6712 14
      vertex -84.3203 82.389 14
      vertex -86.5518 84.3446 14
    endloop
  endfacet
  facet normal 0 0 1
    outer loop
      vertex -84.3203 82.389 14
      vertex -86.9554 83.6712 14
      vertex -84.6734 81.7998 14
    endloop
  endfacet
  facet normal 0 0 1
    outer loop
      vertex -84.6734 81.7998 14
      vertex -87.5555 82.2223 14
      vertex -84.9672 81.1788 14
    endloop
  endfacet
  facet normal -0 0 1
    outer loop
      vertex -87.5555 82.2223 14
      vertex -84.6734 81.7998 14
      vertex -87.291 82.9615 14
    endloop
  endfacet
  facet normal -0 0 1
    outer loop
      vertex -87.291 82.9615 14
      vertex -84.6734 81.7998 14
      vertex -86.9554 83.6712 14
    endloop
  endfacet
  facet normal -0 0 1
    outer loop
      vertex 84.6734 -81.7998 14
      vertex 87.5555 -82.2223 14
      vertex 84.9672 -81.1788 14
    endloop
  endfacet
  facet normal 0 0 1
    outer loop
      vertex 87.5555 -82.2223 14
      vertex 84.6734 -81.7998 14
      vertex 87.291 -82.9615 14
    endloop
  endfacet
  facet normal 0 0 1
    outer loop
      vertex 87.291 -82.9615 14
      vertex 84.6734 -81.7998 14
      vertex 86.9554 -83.6712 14
    endloop
  endfacet
  facet normal -0 0 1
    outer loop
      vertex 84.3203 -82.389 14
      vertex 86.9554 -83.6712 14
      vertex 84.6734 -81.7998 14
    endloop
  endfacet
  facet normal 0 0 1
    outer loop
      vertex 86.9554 -83.6712 14
      vertex 84.3203 -82.389 14
      vertex 86.5518 -84.3446 14
    endloop
  endfacet
  facet normal -0 0 1
    outer loop
      vertex 83.9111 -82.9408 14
      vertex 86.5518 -84.3446 14
      vertex 84.3203 -82.389 14
    endloop
  endfacet
  facet normal 0 0 1
    outer loop
      vertex 86.5518 -84.3446 14
      vertex 83.9111 -82.9408 14
      vertex 86.0841 -84.9751 14
    endloop
  endfacet
  facet normal -0 0 1
    outer loop
      vertex 83.4498 -83.4498 14
      vertex 86.0841 -84.9751 14
      vertex 83.9111 -82.9408 14
    endloop
  endfacet
  facet normal 0 0 1
    outer loop
      vertex 86.0841 -84.9751 14
      vertex 83.4498 -83.4498 14
      vertex 85.5569 -85.5569 14
    endloop
  endfacet
  facet normal 0 0 1
    outer loop
      vertex 85.5569 -85.5569 14
      vertex 83.4498 -83.4498 14
      vertex 84.9751 -86.0841 14
    endloop
  endfacet
  facet normal -0 0 1
    outer loop
      vertex 82.9408 -83.9111 14
      vertex 84.9751 -86.0841 14
      vertex 83.4498 -83.4498 14
    endloop
  endfacet
  facet normal 0 0 1
    outer loop
      vertex 84.9751 -86.0841 14
      vertex 82.9408 -83.9111 14
      vertex 84.3446 -86.5518 14
    endloop
  endfacet
  facet normal -0 0 1
    outer loop
      vertex 82.389 -84.3203 14
      vertex 84.3446 -86.5518 14
      vertex 82.9408 -83.9111 14
    endloop
  endfacet
  facet normal 0 0 1
    outer loop
      vertex 84.3446 -86.5518 14
      vertex 82.389 -84.3203 14
      vertex 83.6712 -86.9554 14
    endloop
  endfacet
  facet normal -0 0 1
    outer loop
      vertex 81.7998 -84.6734 14
      vertex 83.6712 -86.9554 14
      vertex 82.389 -84.3203 14
    endloop
  endfacet
  facet normal 0 0 1
    outer loop
      vertex 83.6712 -86.9554 14
      vertex 81.7998 -84.6734 14
      vertex 82.9615 -87.291 14
    endloop
  endfacet
  facet normal 0 0 1
    outer loop
      vertex 82.9615 -87.291 14
      vertex 81.7998 -84.6734 14
      vertex 82.2223 -87.5555 14
    endloop
  endfacet
  facet normal -0 0 1
    outer loop
      vertex 81.1788 -84.9672 14
      vertex 82.2223 -87.5555 14
      vertex 81.7998 -84.6734 14
    endloop
  endfacet
  facet normal 0 0 1
    outer loop
      vertex 82.2223 -87.5555 14
      vertex 81.1788 -84.9672 14
      vertex 81.4607 -87.7463 14
    endloop
  endfacet
  facet normal -0 0 1
    outer loop
      vertex 80.532 -85.1986 14
      vertex 81.4607 -87.7463 14
      vertex 81.1788 -84.9672 14
    endloop
  endfacet
  facet normal 0 0 1
    outer loop
      vertex 81.4607 -87.7463 14
      vertex 80.532 -85.1986 14
      vertex 80.6841 -87.8615 14
    endloop
  endfacet
  facet normal -0 0 1
    outer loop
      vertex 79.8656 -85.3655 14
      vertex 80.6841 -87.8615 14
      vertex 80.532 -85.1986 14
    endloop
  endfacet
  facet normal 0 0 1
    outer loop
      vertex 80.6841 -87.8615 14
      vertex 79.8656 -85.3655 14
      vertex 79.9 -87.9 14
    endloop
  endfacet
  facet normal -0 0 1
    outer loop
      vertex 79.1861 -85.4663 14
      vertex 79.9 -87.9 14
      vertex 79.8656 -85.3655 14
    endloop
  endfacet
  facet normal -0 0 1
    outer loop
      vertex 78.5 -85.5 14
      vertex 79.9 -87.9 14
      vertex 79.1861 -85.4663 14
    endloop
  endfacet
  facet normal -0 0 1
    outer loop
      vertex -78.5 -85.5 14
      vertex 79.9 -87.9 14
      vertex 78.5 -85.5 14
    endloop
  endfacet
  facet normal 0 0 1
    outer loop
      vertex -78.5 -85.5 14
      vertex -79.9 -87.9 14
      vertex 79.9 -87.9 14
    endloop
  endfacet
  facet normal 0 0 1
    outer loop
      vertex -79.1861 -85.4663 14
      vertex -79.9 -87.9 14
      vertex -78.5 -85.5 14
    endloop
  endfacet
  facet normal 0 0 1
    outer loop
      vertex -79.8656 -85.3655 14
      vertex -79.9 -87.9 14
      vertex -79.1861 -85.4663 14
    endloop
  endfacet
  facet normal 0 0 1
    outer loop
      vertex -80.6841 -87.8615 14
      vertex -79.8656 -85.3655 14
      vertex -80.532 -85.1986 14
    endloop
  endfacet
  facet normal 0 0 1
    outer loop
      vertex -79.8656 -85.3655 14
      vertex -80.6841 -87.8615 14
      vertex -79.9 -87.9 14
    endloop
  endfacet
  facet normal 0 0 1
    outer loop
      vertex -81.4607 -87.7463 14
      vertex -80.532 -85.1986 14
      vertex -81.1788 -84.9672 14
    endloop
  endfacet
  facet normal 0 0 1
    outer loop
      vertex -80.532 -85.1986 14
      vertex -81.4607 -87.7463 14
      vertex -80.6841 -87.8615 14
    endloop
  endfacet
  facet normal 0 0 1
    outer loop
      vertex -82.2223 -87.5555 14
      vertex -81.1788 -84.9672 14
      vertex -81.7998 -84.6734 14
    endloop
  endfacet
  facet normal 0 0 1
    outer loop
      vertex -81.1788 -84.9672 14
      vertex -82.2223 -87.5555 14
      vertex -81.4607 -87.7463 14
    endloop
  endfacet
  facet normal 0 0 1
    outer loop
      vertex -83.6712 -86.9554 14
      vertex -81.7998 -84.6734 14
      vertex -82.389 -84.3203 14
    endloop
  endfacet
  facet normal 0 0 1
    outer loop
      vertex -84.3446 -86.5518 14
      vertex -82.389 -84.3203 14
      vertex -82.9408 -83.9111 14
    endloop
  endfacet
  facet normal 0 0 1
    outer loop
      vertex -81.7998 -84.6734 14
      vertex -82.9615 -87.291 14
      vertex -82.2223 -87.5555 14
    endloop
  endfacet
  facet normal 0 0 1
    outer loop
      vertex -84.9751 -86.0841 14
      vertex -82.9408 -83.9111 14
      vertex -83.4498 -83.4498 14
    endloop
  endfacet
  facet normal 0 0 1
    outer loop
      vertex -81.7998 -84.6734 14
      vertex -83.6712 -86.9554 14
      vertex -82.9615 -87.291 14
    endloop
  endfacet
  facet normal 0 0 1
    outer loop
      vertex -86.0841 -84.9751 14
      vertex -83.4498 -83.4498 14
      vertex -83.9111 -82.9408 14
    endloop
  endfacet
  facet normal 0 0 1
    outer loop
      vertex -86.5518 -84.3446 14
      vertex -83.9111 -82.9408 14
      vertex -84.3203 -82.389 14
    endloop
  endfacet
  facet normal 0 0 1
    outer loop
      vertex -82.389 -84.3203 14
      vertex -84.3446 -86.5518 14
      vertex -83.6712 -86.9554 14
    endloop
  endfacet
  facet normal 0 0 1
    outer loop
      vertex -86.9554 -83.6712 14
      vertex -84.3203 -82.389 14
      vertex -84.6734 -81.7998 14
    endloop
  endfacet
  facet normal 0 0 1
    outer loop
      vertex -87.5555 -82.2223 14
      vertex -84.6734 -81.7998 14
      vertex -84.9672 -81.1788 14
    endloop
  endfacet
  facet normal 0 0 1
    outer loop
      vertex -82.9408 -83.9111 14
      vertex -84.9751 -86.0841 14
      vertex -84.3446 -86.5518 14
    endloop
  endfacet
  facet normal 0 0 1
    outer loop
      vertex -87.7463 -81.4607 14
      vertex -84.9672 -81.1788 14
      vertex -85.1986 -80.532 14
    endloop
  endfacet
  facet normal 0 0 1
    outer loop
      vertex -87.8615 -80.6841 14
      vertex -85.1986 -80.532 14
      vertex -85.3655 -79.8656 14
    endloop
  endfacet
  facet normal 0 0 1
    outer loop
      vertex -87.9 -79.9 14
      vertex -85.3655 -79.8656 14
      vertex -85.4663 -79.1861 14
    endloop
  endfacet
  facet normal 0 0 1
    outer loop
      vertex -83.4498 -83.4498 14
      vertex -85.5569 -85.5569 14
      vertex -84.9751 -86.0841 14
    endloop
  endfacet
  facet normal 0 0 1
    outer loop
      vertex -87.9 -79.9 14
      vertex -85.4663 -79.1861 14
      vertex -85.5 -78.5 14
    endloop
  endfacet
  facet normal 0 0 1
    outer loop
      vertex -85.5 78.5 14
      vertex -87.9 79.9 14
      vertex -85.5 -78.5 14
    endloop
  endfacet
  facet normal -0 0 1
    outer loop
      vertex -87.7463 81.4607 14
      vertex -84.9672 81.1788 14
      vertex -87.5555 82.2223 14
    endloop
  endfacet
  facet normal 0 0 1
    outer loop
      vertex -87.9 -79.9 14
      vertex -85.5 -78.5 14
      vertex -87.9 79.9 14
    endloop
  endfacet
  facet normal 0 0 1
    outer loop
      vertex -84.9672 81.1788 14
      vertex -87.7463 81.4607 14
      vertex -85.1986 80.532 14
    endloop
  endfacet
  facet normal 0 0 1
    outer loop
      vertex -85.3655 -79.8656 14
      vertex -87.9 -79.9 14
      vertex -87.8615 -80.6841 14
    endloop
  endfacet
  facet normal -0 0 1
    outer loop
      vertex -87.8615 80.6841 14
      vertex -85.1986 80.532 14
      vertex -87.7463 81.4607 14
    endloop
  endfacet
  facet normal 0 0 1
    outer loop
      vertex -83.4498 -83.4498 14
      vertex -86.0841 -84.9751 14
      vertex -85.5569 -85.5569 14
    endloop
  endfacet
  facet normal 0 0 1
    outer loop
      vertex -85.1986 80.532 14
      vertex -87.8615 80.6841 14
      vertex -85.3655 79.8656 14
    endloop
  endfacet
  facet normal 0 0 1
    outer loop
      vertex -83.9111 -82.9408 14
      vertex -86.5518 -84.3446 14
      vertex -86.0841 -84.9751 14
    endloop
  endfacet
  facet normal -0 0 1
    outer loop
      vertex -87.9 79.9 14
      vertex -85.3655 79.8656 14
      vertex -87.8615 80.6841 14
    endloop
  endfacet
  facet normal 0 0 1
    outer loop
      vertex -84.3203 -82.389 14
      vertex -86.9554 -83.6712 14
      vertex -86.5518 -84.3446 14
    endloop
  endfacet
  facet normal 0 0 1
    outer loop
      vertex -85.3655 79.8656 14
      vertex -87.9 79.9 14
      vertex -85.4663 79.1861 14
    endloop
  endfacet
  facet normal 0 0 1
    outer loop
      vertex -84.6734 -81.7998 14
      vertex -87.291 -82.9615 14
      vertex -86.9554 -83.6712 14
    endloop
  endfacet
  facet normal 0 0 1
    outer loop
      vertex -85.4663 79.1861 14
      vertex -87.9 79.9 14
      vertex -85.5 78.5 14
    endloop
  endfacet
  facet normal 0 0 1
    outer loop
      vertex -84.6734 -81.7998 14
      vertex -87.5555 -82.2223 14
      vertex -87.291 -82.9615 14
    endloop
  endfacet
  facet normal 0 0 1
    outer loop
      vertex -84.9672 -81.1788 14
      vertex -87.7463 -81.4607 14
      vertex -87.5555 -82.2223 14
    endloop
  endfacet
  facet normal 0 0 1
    outer loop
      vertex -85.1986 -80.532 14
      vertex -87.8615 -80.6841 14
      vertex -87.7463 -81.4607 14
    endloop
  endfacet
  facet normal 0.0490591 -0.998796 0
    outer loop
      vertex -79.1861 85.4663 7
      vertex -78.5 85.5 14
      vertex -79.1861 85.4663 14
    endloop
  endfacet
  facet normal 0.0490591 -0.998796 0
    outer loop
      vertex -78.5 85.5 14
      vertex -79.1861 85.4663 7
      vertex -78.5 85.5 7
    endloop
  endfacet
  facet normal 0.146739 -0.989175 0
    outer loop
      vertex -79.8656 85.3655 7
      vertex -79.1861 85.4663 14
      vertex -79.8656 85.3655 14
    endloop
  endfacet
  facet normal 0.146739 -0.989175 0
    outer loop
      vertex -79.1861 85.4663 14
      vertex -79.8656 85.3655 7
      vertex -79.1861 85.4663 7
    endloop
  endfacet
  facet normal 0.242947 -0.97004 0
    outer loop
      vertex -80.532 85.1986 7
      vertex -79.8656 85.3655 14
      vertex -80.532 85.1986 14
    endloop
  endfacet
  facet normal 0.242947 -0.97004 0
    outer loop
      vertex -79.8656 85.3655 14
      vertex -80.532 85.1986 7
      vertex -79.8656 85.3655 7
    endloop
  endfacet
  facet normal 0.336853 -0.941557 0
    outer loop
      vertex -81.1788 84.9672 7
      vertex -80.532 85.1986 14
      vertex -81.1788 84.9672 14
    endloop
  endfacet
  facet normal 0.336853 -0.941557 0
    outer loop
      vertex -80.532 85.1986 14
      vertex -81.1788 84.9672 7
      vertex -80.532 85.1986 7
    endloop
  endfacet
  facet normal 0.427661 -0.903939 0
    outer loop
      vertex -81.7998 84.6734 7
      vertex -81.1788 84.9672 14
      vertex -81.7998 84.6734 14
    endloop
  endfacet
  facet normal 0.427661 -0.903939 0
    outer loop
      vertex -81.1788 84.9672 14
      vertex -81.7998 84.6734 7
      vertex -81.1788 84.9672 7
    endloop
  endfacet
  facet normal 0.514046 -0.857763 0
    outer loop
      vertex -82.389 84.3203 7
      vertex -81.7998 84.6734 14
      vertex -82.389 84.3203 14
    endloop
  endfacet
  facet normal 0.514046 -0.857763 0
    outer loop
      vertex -81.7998 84.6734 14
      vertex -82.389 84.3203 7
      vertex -81.7998 84.6734 7
    endloop
  endfacet
  facet normal 0.595659 -0.803237 0
    outer loop
      vertex -82.9408 83.9111 7
      vertex -82.389 84.3203 14
      vertex -82.9408 83.9111 14
    endloop
  endfacet
  facet normal 0.595659 -0.803237 0
    outer loop
      vertex -82.389 84.3203 14
      vertex -82.9408 83.9111 7
      vertex -82.389 84.3203 7
    endloop
  endfacet
  facet normal 0.671534 -0.740973 0
    outer loop
      vertex -83.4498 83.4498 7
      vertex -82.9408 83.9111 14
      vertex -83.4498 83.4498 14
    endloop
  endfacet
  facet normal 0.671534 -0.740973 0
    outer loop
      vertex -82.9408 83.9111 14
      vertex -83.4498 83.4498 7
      vertex -82.9408 83.9111 7
    endloop
  endfacet
  facet normal 0.740973 -0.671534 0
    outer loop
      vertex -83.9111 82.9408 14
      vertex -83.4498 83.4498 7
      vertex -83.4498 83.4498 14
    endloop
  endfacet
  facet normal 0.740973 -0.671534 0
    outer loop
      vertex -83.4498 83.4498 7
      vertex -83.9111 82.9408 14
      vertex -83.9111 82.9408 7
    endloop
  endfacet
  facet normal 0.803237 -0.595659 0
    outer loop
      vertex -84.3203 82.389 14
      vertex -83.9111 82.9408 7
      vertex -83.9111 82.9408 14
    endloop
  endfacet
  facet normal 0.803237 -0.595659 0
    outer loop
      vertex -83.9111 82.9408 7
      vertex -84.3203 82.389 14
      vertex -84.3203 82.389 7
    endloop
  endfacet
  facet normal 0.857763 -0.514046 0
    outer loop
      vertex -84.6734 81.7998 14
      vertex -84.3203 82.389 7
      vertex -84.3203 82.389 14
    endloop
  endfacet
  facet normal 0.857763 -0.514046 0
    outer loop
      vertex -84.3203 82.389 7
      vertex -84.6734 81.7998 14
      vertex -84.6734 81.7998 7
    endloop
  endfacet
  facet normal 0.903939 -0.427661 0
    outer loop
      vertex -84.9672 81.1788 14
      vertex -84.6734 81.7998 7
      vertex -84.6734 81.7998 14
    endloop
  endfacet
  facet normal 0.903939 -0.427661 0
    outer loop
      vertex -84.6734 81.7998 7
      vertex -84.9672 81.1788 14
      vertex -84.9672 81.1788 7
    endloop
  endfacet
  facet normal 0.941557 -0.336853 0
    outer loop
      vertex -85.1986 80.532 14
      vertex -84.9672 81.1788 7
      vertex -84.9672 81.1788 14
    endloop
  endfacet
  facet normal 0.941557 -0.336853 0
    outer loop
      vertex -84.9672 81.1788 7
      vertex -85.1986 80.532 14
      vertex -85.1986 80.532 7
    endloop
  endfacet
  facet normal 0.97004 -0.242947 0
    outer loop
      vertex -85.3655 79.8656 14
      vertex -85.1986 80.532 7
      vertex -85.1986 80.532 14
    endloop
  endfacet
  facet normal 0.97004 -0.242947 0
    outer loop
      vertex -85.1986 80.532 7
      vertex -85.3655 79.8656 14
      vertex -85.3655 79.8656 7
    endloop
  endfacet
  facet normal 0.989175 -0.146739 0
    outer loop
      vertex -85.4663 79.1861 14
      vertex -85.3655 79.8656 7
      vertex -85.3655 79.8656 14
    endloop
  endfacet
  facet normal 0.989175 -0.146739 0
    outer loop
      vertex -85.3655 79.8656 7
      vertex -85.4663 79.1861 14
      vertex -85.4663 79.1861 7
    endloop
  endfacet
  facet normal 0.998796 -0.0490591 0
    outer loop
      vertex -85.5 78.5 14
      vertex -85.4663 79.1861 7
      vertex -85.4663 79.1861 14
    endloop
  endfacet
  facet normal 0.998796 -0.0490591 0
    outer loop
      vertex -85.4663 79.1861 7
      vertex -85.5 78.5 14
      vertex -85.5 78.5 7
    endloop
  endfacet
  facet normal 1 -0 0
    outer loop
      vertex -85.5 -78.5 14
      vertex -85.5 78.5 7
      vertex -85.5 78.5 14
    endloop
  endfacet
  facet normal 1 0 0
    outer loop
      vertex -85.5 78.5 7
      vertex -85.5 -78.5 14
      vertex -85.5 -78.5 7
    endloop
  endfacet
  facet normal 0.998796 0.0490591 0
    outer loop
      vertex -85.4663 -79.1861 14
      vertex -85.5 -78.5 7
      vertex -85.5 -78.5 14
    endloop
  endfacet
  facet normal 0.998796 0.0490591 0
    outer loop
      vertex -85.5 -78.5 7
      vertex -85.4663 -79.1861 14
      vertex -85.4663 -79.1861 7
    endloop
  endfacet
  facet normal 0.989175 0.146739 0
    outer loop
      vertex -85.3655 -79.8656 14
      vertex -85.4663 -79.1861 7
      vertex -85.4663 -79.1861 14
    endloop
  endfacet
  facet normal 0.989175 0.146739 0
    outer loop
      vertex -85.4663 -79.1861 7
      vertex -85.3655 -79.8656 14
      vertex -85.3655 -79.8656 7
    endloop
  endfacet
  facet normal 0.97004 0.242947 0
    outer loop
      vertex -85.1986 -80.532 14
      vertex -85.3655 -79.8656 7
      vertex -85.3655 -79.8656 14
    endloop
  endfacet
  facet normal 0.97004 0.242947 0
    outer loop
      vertex -85.3655 -79.8656 7
      vertex -85.1986 -80.532 14
      vertex -85.1986 -80.532 7
    endloop
  endfacet
  facet normal 0.941557 0.336853 0
    outer loop
      vertex -84.9672 -81.1788 14
      vertex -85.1986 -80.532 7
      vertex -85.1986 -80.532 14
    endloop
  endfacet
  facet normal 0.941557 0.336853 0
    outer loop
      vertex -85.1986 -80.532 7
      vertex -84.9672 -81.1788 14
      vertex -84.9672 -81.1788 7
    endloop
  endfacet
  facet normal 0.903939 0.427661 0
    outer loop
      vertex -84.6734 -81.7998 14
      vertex -84.9672 -81.1788 7
      vertex -84.9672 -81.1788 14
    endloop
  endfacet
  facet normal 0.903939 0.427661 0
    outer loop
      vertex -84.9672 -81.1788 7
      vertex -84.6734 -81.7998 14
      vertex -84.6734 -81.7998 7
    endloop
  endfacet
  facet normal 0.857763 0.514046 0
    outer loop
      vertex -84.3203 -82.389 14
      vertex -84.6734 -81.7998 7
      vertex -84.6734 -81.7998 14
    endloop
  endfacet
  facet normal 0.857763 0.514046 0
    outer loop
      vertex -84.6734 -81.7998 7
      vertex -84.3203 -82.389 14
      vertex -84.3203 -82.389 7
    endloop
  endfacet
  facet normal 0.803237 0.595659 0
    outer loop
      vertex -83.9111 -82.9408 14
      vertex -84.3203 -82.389 7
      vertex -84.3203 -82.389 14
    endloop
  endfacet
  facet normal 0.803237 0.595659 0
    outer loop
      vertex -84.3203 -82.389 7
      vertex -83.9111 -82.9408 14
      vertex -83.9111 -82.9408 7
    endloop
  endfacet
  facet normal 0.740973 0.671534 0
    outer loop
      vertex -83.4498 -83.4498 14
      vertex -83.9111 -82.9408 7
      vertex -83.9111 -82.9408 14
    endloop
  endfacet
  facet normal 0.740973 0.671534 0
    outer loop
      vertex -83.9111 -82.9408 7
      vertex -83.4498 -83.4498 14
      vertex -83.4498 -83.4498 7
    endloop
  endfacet
  facet normal 0.671534 0.740973 -0
    outer loop
      vertex -82.9408 -83.9111 7
      vertex -83.4498 -83.4498 14
      vertex -82.9408 -83.9111 14
    endloop
  endfacet
  facet normal 0.671534 0.740973 0
    outer loop
      vertex -83.4498 -83.4498 14
      vertex -82.9408 -83.9111 7
      vertex -83.4498 -83.4498 7
    endloop
  endfacet
  facet normal 0.595659 0.803237 -0
    outer loop
      vertex -82.389 -84.3203 7
      vertex -82.9408 -83.9111 14
      vertex -82.389 -84.3203 14
    endloop
  endfacet
  facet normal 0.595659 0.803237 0
    outer loop
      vertex -82.9408 -83.9111 14
      vertex -82.389 -84.3203 7
      vertex -82.9408 -83.9111 7
    endloop
  endfacet
  facet normal 0.514046 0.857763 -0
    outer loop
      vertex -81.7998 -84.6734 7
      vertex -82.389 -84.3203 14
      vertex -81.7998 -84.6734 14
    endloop
  endfacet
  facet normal 0.514046 0.857763 0
    outer loop
      vertex -82.389 -84.3203 14
      vertex -81.7998 -84.6734 7
      vertex -82.389 -84.3203 7
    endloop
  endfacet
  facet normal 0.427661 0.903939 -0
    outer loop
      vertex -81.1788 -84.9672 7
      vertex -81.7998 -84.6734 14
      vertex -81.1788 -84.9672 14
    endloop
  endfacet
  facet normal 0.427661 0.903939 0
    outer loop
      vertex -81.7998 -84.6734 14
      vertex -81.1788 -84.9672 7
      vertex -81.7998 -84.6734 7
    endloop
  endfacet
  facet normal 0.336853 0.941557 -0
    outer loop
      vertex -80.532 -85.1986 7
      vertex -81.1788 -84.9672 14
      vertex -80.532 -85.1986 14
    endloop
  endfacet
  facet normal 0.336853 0.941557 0
    outer loop
      vertex -81.1788 -84.9672 14
      vertex -80.532 -85.1986 7
      vertex -81.1788 -84.9672 7
    endloop
  endfacet
  facet normal 0.242947 0.97004 -0
    outer loop
      vertex -79.8656 -85.3655 7
      vertex -80.532 -85.1986 14
      vertex -79.8656 -85.3655 14
    endloop
  endfacet
  facet normal 0.242947 0.97004 0
    outer loop
      vertex -80.532 -85.1986 14
      vertex -79.8656 -85.3655 7
      vertex -80.532 -85.1986 7
    endloop
  endfacet
  facet normal 0.146739 0.989175 -0
    outer loop
      vertex -79.1861 -85.4663 7
      vertex -79.8656 -85.3655 14
      vertex -79.1861 -85.4663 14
    endloop
  endfacet
  facet normal 0.146739 0.989175 0
    outer loop
      vertex -79.8656 -85.3655 14
      vertex -79.1861 -85.4663 7
      vertex -79.8656 -85.3655 7
    endloop
  endfacet
  facet normal 0.0490591 0.998796 -0
    outer loop
      vertex -78.5 -85.5 7
      vertex -79.1861 -85.4663 14
      vertex -78.5 -85.5 14
    endloop
  endfacet
  facet normal 0.0490591 0.998796 0
    outer loop
      vertex -79.1861 -85.4663 14
      vertex -78.5 -85.5 7
      vertex -79.1861 -85.4663 7
    endloop
  endfacet
  facet normal 0 1 -0
    outer loop
      vertex 78.5 -85.5 7
      vertex -78.5 -85.5 14
      vertex 78.5 -85.5 14
    endloop
  endfacet
  facet normal 0 1 0
    outer loop
      vertex -78.5 -85.5 14
      vertex 78.5 -85.5 7
      vertex -78.5 -85.5 7
    endloop
  endfacet
  facet normal -0.0490591 0.998796 0
    outer loop
      vertex 79.1861 -85.4663 7
      vertex 78.5 -85.5 14
      vertex 79.1861 -85.4663 14
    endloop
  endfacet
  facet normal -0.0490591 0.998796 0
    outer loop
      vertex 78.5 -85.5 14
      vertex 79.1861 -85.4663 7
      vertex 78.5 -85.5 7
    endloop
  endfacet
  facet normal -0.146739 0.989175 0
    outer loop
      vertex 79.8656 -85.3655 7
      vertex 79.1861 -85.4663 14
      vertex 79.8656 -85.3655 14
    endloop
  endfacet
  facet normal -0.146739 0.989175 0
    outer loop
      vertex 79.1861 -85.4663 14
      vertex 79.8656 -85.3655 7
      vertex 79.1861 -85.4663 7
    endloop
  endfacet
  facet normal -0.242947 0.97004 0
    outer loop
      vertex 80.532 -85.1986 7
      vertex 79.8656 -85.3655 14
      vertex 80.532 -85.1986 14
    endloop
  endfacet
  facet normal -0.242947 0.97004 0
    outer loop
      vertex 79.8656 -85.3655 14
      vertex 80.532 -85.1986 7
      vertex 79.8656 -85.3655 7
    endloop
  endfacet
  facet normal -0.336853 0.941557 0
    outer loop
      vertex 81.1788 -84.9672 7
      vertex 80.532 -85.1986 14
      vertex 81.1788 -84.9672 14
    endloop
  endfacet
  facet normal -0.336853 0.941557 0
    outer loop
      vertex 80.532 -85.1986 14
      vertex 81.1788 -84.9672 7
      vertex 80.532 -85.1986 7
    endloop
  endfacet
  facet normal -0.427661 0.903939 0
    outer loop
      vertex 81.7998 -84.6734 7
      vertex 81.1788 -84.9672 14
      vertex 81.7998 -84.6734 14
    endloop
  endfacet
  facet normal -0.427661 0.903939 0
    outer loop
      vertex 81.1788 -84.9672 14
      vertex 81.7998 -84.6734 7
      vertex 81.1788 -84.9672 7
    endloop
  endfacet
  facet normal -0.514046 0.857763 0
    outer loop
      vertex 82.389 -84.3203 7
      vertex 81.7998 -84.6734 14
      vertex 82.389 -84.3203 14
    endloop
  endfacet
  facet normal -0.514046 0.857763 0
    outer loop
      vertex 81.7998 -84.6734 14
      vertex 82.389 -84.3203 7
      vertex 81.7998 -84.6734 7
    endloop
  endfacet
  facet normal -0.595659 0.803237 0
    outer loop
      vertex 82.9408 -83.9111 7
      vertex 82.389 -84.3203 14
      vertex 82.9408 -83.9111 14
    endloop
  endfacet
  facet normal -0.595659 0.803237 0
    outer loop
      vertex 82.389 -84.3203 14
      vertex 82.9408 -83.9111 7
      vertex 82.389 -84.3203 7
    endloop
  endfacet
  facet normal -0.671534 0.740973 0
    outer loop
      vertex 83.4498 -83.4498 7
      vertex 82.9408 -83.9111 14
      vertex 83.4498 -83.4498 14
    endloop
  endfacet
  facet normal -0.671534 0.740973 0
    outer loop
      vertex 82.9408 -83.9111 14
      vertex 83.4498 -83.4498 7
      vertex 82.9408 -83.9111 7
    endloop
  endfacet
  facet normal -0.740973 0.671534 0
    outer loop
      vertex 83.4498 -83.4498 7
      vertex 83.9111 -82.9408 14
      vertex 83.9111 -82.9408 7
    endloop
  endfacet
  facet normal -0.740973 0.671534 0
    outer loop
      vertex 83.9111 -82.9408 14
      vertex 83.4498 -83.4498 7
      vertex 83.4498 -83.4498 14
    endloop
  endfacet
  facet normal -0.803237 0.595659 0
    outer loop
      vertex 83.9111 -82.9408 7
      vertex 84.3203 -82.389 14
      vertex 84.3203 -82.389 7
    endloop
  endfacet
  facet normal -0.803237 0.595659 0
    outer loop
      vertex 84.3203 -82.389 14
      vertex 83.9111 -82.9408 7
      vertex 83.9111 -82.9408 14
    endloop
  endfacet
  facet normal -0.857763 0.514046 0
    outer loop
      vertex 84.3203 -82.389 7
      vertex 84.6734 -81.7998 14
      vertex 84.6734 -81.7998 7
    endloop
  endfacet
  facet normal -0.857763 0.514046 0
    outer loop
      vertex 84.6734 -81.7998 14
      vertex 84.3203 -82.389 7
      vertex 84.3203 -82.389 14
    endloop
  endfacet
  facet normal -0.903939 0.427661 0
    outer loop
      vertex 84.6734 -81.7998 7
      vertex 84.9672 -81.1788 14
      vertex 84.9672 -81.1788 7
    endloop
  endfacet
  facet normal -0.903939 0.427661 0
    outer loop
      vertex 84.9672 -81.1788 14
      vertex 84.6734 -81.7998 7
      vertex 84.6734 -81.7998 14
    endloop
  endfacet
  facet normal -0.941557 0.336853 0
    outer loop
      vertex 84.9672 -81.1788 7
      vertex 85.1986 -80.532 14
      vertex 85.1986 -80.532 7
    endloop
  endfacet
  facet normal -0.941557 0.336853 0
    outer loop
      vertex 85.1986 -80.532 14
      vertex 84.9672 -81.1788 7
      vertex 84.9672 -81.1788 14
    endloop
  endfacet
  facet normal -0.97004 0.242947 0
    outer loop
      vertex 85.1986 -80.532 7
      vertex 85.3655 -79.8656 14
      vertex 85.3655 -79.8656 7
    endloop
  endfacet
  facet normal -0.97004 0.242947 0
    outer loop
      vertex 85.3655 -79.8656 14
      vertex 85.1986 -80.532 7
      vertex 85.1986 -80.532 14
    endloop
  endfacet
  facet normal -0.989175 0.146739 0
    outer loop
      vertex 85.3655 -79.8656 7
      vertex 85.4663 -79.1861 14
      vertex 85.4663 -79.1861 7
    endloop
  endfacet
  facet normal -0.989175 0.146739 0
    outer loop
      vertex 85.4663 -79.1861 14
      vertex 85.3655 -79.8656 7
      vertex 85.3655 -79.8656 14
    endloop
  endfacet
  facet normal -0.998796 0.0490591 0
    outer loop
      vertex 85.4663 -79.1861 7
      vertex 85.5 -78.5 14
      vertex 85.5 -78.5 7
    endloop
  endfacet
  facet normal -0.998796 0.0490591 0
    outer loop
      vertex 85.5 -78.5 14
      vertex 85.4663 -79.1861 7
      vertex 85.4663 -79.1861 14
    endloop
  endfacet
  facet normal -1 0 0
    outer loop
      vertex 85.5 -78.5 7
      vertex 85.5 78.5 14
      vertex 85.5 78.5 7
    endloop
  endfacet
  facet normal -1 -0 0
    outer loop
      vertex 85.5 78.5 14
      vertex 85.5 -78.5 7
      vertex 85.5 -78.5 14
    endloop
  endfacet
  facet normal -0.998796 -0.0490591 0
    outer loop
      vertex 85.5 78.5 7
      vertex 85.4663 79.1861 14
      vertex 85.4663 79.1861 7
    endloop
  endfacet
  facet normal -0.998796 -0.0490591 0
    outer loop
      vertex 85.4663 79.1861 14
      vertex 85.5 78.5 7
      vertex 85.5 78.5 14
    endloop
  endfacet
  facet normal -0.989175 -0.146739 0
    outer loop
      vertex 85.4663 79.1861 7
      vertex 85.3655 79.8656 14
      vertex 85.3655 79.8656 7
    endloop
  endfacet
  facet normal -0.989175 -0.146739 0
    outer loop
      vertex 85.3655 79.8656 14
      vertex 85.4663 79.1861 7
      vertex 85.4663 79.1861 14
    endloop
  endfacet
  facet normal -0.97004 -0.242947 0
    outer loop
      vertex 85.3655 79.8656 7
      vertex 85.1986 80.532 14
      vertex 85.1986 80.532 7
    endloop
  endfacet
  facet normal -0.97004 -0.242947 0
    outer loop
      vertex 85.1986 80.532 14
      vertex 85.3655 79.8656 7
      vertex 85.3655 79.8656 14
    endloop
  endfacet
  facet normal -0.941557 -0.336853 0
    outer loop
      vertex 85.1986 80.532 7
      vertex 84.9672 81.1788 14
      vertex 84.9672 81.1788 7
    endloop
  endfacet
  facet normal -0.941557 -0.336853 0
    outer loop
      vertex 84.9672 81.1788 14
      vertex 85.1986 80.532 7
      vertex 85.1986 80.532 14
    endloop
  endfacet
  facet normal -0.903939 -0.427661 0
    outer loop
      vertex 84.9672 81.1788 7
      vertex 84.6734 81.7998 14
      vertex 84.6734 81.7998 7
    endloop
  endfacet
  facet normal -0.903939 -0.427661 0
    outer loop
      vertex 84.6734 81.7998 14
      vertex 84.9672 81.1788 7
      vertex 84.9672 81.1788 14
    endloop
  endfacet
  facet normal -0.857763 -0.514046 0
    outer loop
      vertex 84.6734 81.7998 7
      vertex 84.3203 82.389 14
      vertex 84.3203 82.389 7
    endloop
  endfacet
  facet normal -0.857763 -0.514046 0
    outer loop
      vertex 84.3203 82.389 14
      vertex 84.6734 81.7998 7
      vertex 84.6734 81.7998 14
    endloop
  endfacet
  facet normal -0.803237 -0.595659 0
    outer loop
      vertex 84.3203 82.389 7
      vertex 83.9111 82.9408 14
      vertex 83.9111 82.9408 7
    endloop
  endfacet
  facet normal -0.803237 -0.595659 0
    outer loop
      vertex 83.9111 82.9408 14
      vertex 84.3203 82.389 7
      vertex 84.3203 82.389 14
    endloop
  endfacet
  facet normal -0.740973 -0.671534 0
    outer loop
      vertex 83.9111 82.9408 7
      vertex 83.4498 83.4498 14
      vertex 83.4498 83.4498 7
    endloop
  endfacet
  facet normal -0.740973 -0.671534 0
    outer loop
      vertex 83.4498 83.4498 14
      vertex 83.9111 82.9408 7
      vertex 83.9111 82.9408 14
    endloop
  endfacet
  facet normal -0.671534 -0.740973 0
    outer loop
      vertex 82.9408 83.9111 7
      vertex 83.4498 83.4498 14
      vertex 82.9408 83.9111 14
    endloop
  endfacet
  facet normal -0.671534 -0.740973 -0
    outer loop
      vertex 83.4498 83.4498 14
      vertex 82.9408 83.9111 7
      vertex 83.4498 83.4498 7
    endloop
  endfacet
  facet normal -0.595659 -0.803237 0
    outer loop
      vertex 82.389 84.3203 7
      vertex 82.9408 83.9111 14
      vertex 82.389 84.3203 14
    endloop
  endfacet
  facet normal -0.595659 -0.803237 -0
    outer loop
      vertex 82.9408 83.9111 14
      vertex 82.389 84.3203 7
      vertex 82.9408 83.9111 7
    endloop
  endfacet
  facet normal -0.514046 -0.857763 0
    outer loop
      vertex 81.7998 84.6734 7
      vertex 82.389 84.3203 14
      vertex 81.7998 84.6734 14
    endloop
  endfacet
  facet normal -0.514046 -0.857763 -0
    outer loop
      vertex 82.389 84.3203 14
      vertex 81.7998 84.6734 7
      vertex 82.389 84.3203 7
    endloop
  endfacet
  facet normal -0.427661 -0.903939 0
    outer loop
      vertex 81.1788 84.9672 7
      vertex 81.7998 84.6734 14
      vertex 81.1788 84.9672 14
    endloop
  endfacet
  facet normal -0.427661 -0.903939 -0
    outer loop
      vertex 81.7998 84.6734 14
      vertex 81.1788 84.9672 7
      vertex 81.7998 84.6734 7
    endloop
  endfacet
  facet normal -0.336853 -0.941557 0
    outer loop
      vertex 80.532 85.1986 7
      vertex 81.1788 84.9672 14
      vertex 80.532 85.1986 14
    endloop
  endfacet
  facet normal -0.336853 -0.941557 -0
    outer loop
      vertex 81.1788 84.9672 14
      vertex 80.532 85.1986 7
      vertex 81.1788 84.9672 7
    endloop
  endfacet
  facet normal -0.242947 -0.97004 0
    outer loop
      vertex 79.8656 85.3655 7
      vertex 80.532 85.1986 14
      vertex 79.8656 85.3655 14
    endloop
  endfacet
  facet normal -0.242947 -0.97004 -0
    outer loop
      vertex 80.532 85.1986 14
      vertex 79.8656 85.3655 7
      vertex 80.532 85.1986 7
    endloop
  endfacet
  facet normal -0.146739 -0.989175 0
    outer loop
      vertex 79.1861 85.4663 7
      vertex 79.8656 85.3655 14
      vertex 79.1861 85.4663 14
    endloop
  endfacet
  facet normal -0.146739 -0.989175 -0
    outer loop
      vertex 79.8656 85.3655 14
      vertex 79.1861 85.4663 7
      vertex 79.8656 85.3655 7
    endloop
  endfacet
  facet normal -0.0490591 -0.998796 0
    outer loop
      vertex 78.5 85.5 7
      vertex 79.1861 85.4663 14
      vertex 78.5 85.5 14
    endloop
  endfacet
  facet normal -0.0490591 -0.998796 -0
    outer loop
      vertex 79.1861 85.4663 14
      vertex 78.5 85.5 7
      vertex 79.1861 85.4663 7
    endloop
  endfacet
  facet normal 0 -1 0
    outer loop
      vertex -78.5 85.5 7
      vertex 78.5 85.5 14
      vertex -78.5 85.5 14
    endloop
  endfacet
  facet normal 0 -1 -0
    outer loop
      vertex 78.5 85.5 14
      vertex -78.5 85.5 7
      vertex 78.5 85.5 7
    endloop
  endfacet
  facet normal 0.740906 0.671609 0
    outer loop
      vertex -1.90919 -51.9092 3.4
      vertex -2.08713 -51.7129 0
      vertex -2.08713 -51.7129 3.4
    endloop
  endfacet
  facet normal 0.740906 0.671609 0
    outer loop
      vertex -2.08713 -51.7129 0
      vertex -1.90919 -51.9092 3.4
      vertex -1.90919 -51.9092 0
    endloop
  endfacet
  facet normal 0.427603 -0.903967 0
    outer loop
      vertex -1.27277 -47.6188 0
      vertex -1.03325 -47.5055 3.4
      vertex -1.27277 -47.6188 3.4
    endloop
  endfacet
  facet normal 0.427603 -0.903967 0
    outer loop
      vertex -1.03325 -47.5055 3.4
      vertex -1.27277 -47.6188 0
      vertex -1.03325 -47.5055 0
    endloop
  endfacet
  facet normal -0.857659 0.514218 0
    outer loop
      vertex 2.24497 -51.5 0
      vertex 2.38119 -51.2728 3.4
      vertex 2.38119 -51.2728 0
    endloop
  endfacet
  facet normal -0.857659 0.514218 0
    outer loop
      vertex 2.38119 -51.2728 3.4
      vertex 2.24497 -51.5 0
      vertex 2.24497 -51.5 3.4
    endloop
  endfacet
  facet normal -0.427603 0.903967 0
    outer loop
      vertex 1.27277 -52.3812 0
      vertex 1.03325 -52.4945 3.4
      vertex 1.27277 -52.3812 3.4
    endloop
  endfacet
  facet normal -0.427603 0.903967 0
    outer loop
      vertex 1.03325 -52.4945 3.4
      vertex 1.27277 -52.3812 0
      vertex 1.03325 -52.4945 0
    endloop
  endfacet
  facet normal -0.904051 -0.427424 0
    outer loop
      vertex 2.49447 -48.9668 0
      vertex 2.38119 -48.7272 3.4
      vertex 2.38119 -48.7272 0
    endloop
  endfacet
  facet normal -0.904051 -0.427424 0
    outer loop
      vertex 2.38119 -48.7272 3.4
      vertex 2.49447 -48.9668 0
      vertex 2.49447 -48.9668 3.4
    endloop
  endfacet
  facet normal 0.336669 0.941623 -0
    outer loop
      vertex -0.783768 -52.5837 0
      vertex -1.03325 -52.4945 3.4
      vertex -0.783768 -52.5837 3.4
    endloop
  endfacet
  facet normal 0.336669 0.941623 0
    outer loop
      vertex -1.03325 -52.4945 3.4
      vertex -0.783768 -52.5837 0
      vertex -1.03325 -52.4945 0
    endloop
  endfacet
  facet normal 0.14681 0.989165 -0
    outer loop
      vertex -0.264646 -52.687 0
      vertex -0.526743 -52.6481 3.4
      vertex -0.264646 -52.687 3.4
    endloop
  endfacet
  facet normal 0.14681 0.989165 0
    outer loop
      vertex -0.526743 -52.6481 3.4
      vertex -0.264646 -52.687 0
      vertex -0.526743 -52.6481 0
    endloop
  endfacet
  facet normal 0.427603 0.903967 -0
    outer loop
      vertex -1.03325 -52.4945 0
      vertex -1.27277 -52.3812 3.4
      vertex -1.03325 -52.4945 3.4
    endloop
  endfacet
  facet normal 0.427603 0.903967 0
    outer loop
      vertex -1.27277 -52.3812 3.4
      vertex -1.03325 -52.4945 0
      vertex -1.27277 -52.3812 0
    endloop
  endfacet
  facet normal 0.904051 0.427424 0
    outer loop
      vertex -2.38119 -51.2728 3.4
      vertex -2.49447 -51.0332 0
      vertex -2.49447 -51.0332 3.4
    endloop
  endfacet
  facet normal 0.904051 0.427424 0
    outer loop
      vertex -2.49447 -51.0332 0
      vertex -2.38119 -51.2728 3.4
      vertex -2.38119 -51.2728 0
    endloop
  endfacet
  facet normal 0.14681 -0.989165 0
    outer loop
      vertex -0.526743 -47.3519 0
      vertex -0.264646 -47.313 3.4
      vertex -0.526743 -47.3519 3.4
    endloop
  endfacet
  facet normal 0.14681 -0.989165 0
    outer loop
      vertex -0.264646 -47.313 3.4
      vertex -0.526743 -47.3519 0
      vertex -0.264646 -47.313 0
    endloop
  endfacet
  facet normal 0.67147 -0.741032 0
    outer loop
      vertex -1.90919 -48.0908 0
      vertex -1.71286 -47.9129 3.4
      vertex -1.90919 -48.0908 3.4
    endloop
  endfacet
  facet normal 0.67147 -0.741032 0
    outer loop
      vertex -1.71286 -47.9129 3.4
      vertex -1.90919 -48.0908 0
      vertex -1.71286 -47.9129 0
    endloop
  endfacet
  facet normal 0.989176 -0.146735 0
    outer loop
      vertex -2.687 -49.7354 3.4
      vertex -2.64812 -49.4733 0
      vertex -2.64812 -49.4733 3.4
    endloop
  endfacet
  facet normal 0.989176 -0.146735 0
    outer loop
      vertex -2.64812 -49.4733 0
      vertex -2.687 -49.7354 3.4
      vertex -2.687 -49.7354 0
    endloop
  endfacet
  facet normal 0 0 -1
    outer loop
      vertex 2.687 -50.2646 3.4
      vertex 2.687 -49.7354 3.4
      vertex 2.7 -50 3.4
    endloop
  endfacet
  facet normal 0 0 -1
    outer loop
      vertex 2.64812 -50.5267 3.4
      vertex 2.687 -49.7354 3.4
      vertex 2.687 -50.2646 3.4
    endloop
  endfacet
  facet normal 0 0 -1
    outer loop
      vertex 2.64812 -50.5267 3.4
      vertex 2.64812 -49.4733 3.4
      vertex 2.687 -49.7354 3.4
    endloop
  endfacet
  facet normal 0 0 -1
    outer loop
      vertex 2.58374 -50.7838 3.4
      vertex 2.64812 -49.4733 3.4
      vertex 2.64812 -50.5267 3.4
    endloop
  endfacet
  facet normal 0 0 -1
    outer loop
      vertex 2.58374 -50.7838 3.4
      vertex 2.58374 -49.2162 3.4
      vertex 2.64812 -49.4733 3.4
    endloop
  endfacet
  facet normal 0 0 -1
    outer loop
      vertex 2.49447 -51.0332 3.4
      vertex 2.58374 -49.2162 3.4
      vertex 2.58374 -50.7838 3.4
    endloop
  endfacet
  facet normal 0 0 -1
    outer loop
      vertex 2.49447 -51.0332 3.4
      vertex 2.49447 -48.9668 3.4
      vertex 2.58374 -49.2162 3.4
    endloop
  endfacet
  facet normal 0 0 -1
    outer loop
      vertex 2.38119 -51.2728 3.4
      vertex 2.49447 -48.9668 3.4
      vertex 2.49447 -51.0332 3.4
    endloop
  endfacet
  facet normal 0 0 -1
    outer loop
      vertex 2.38119 -51.2728 3.4
      vertex 2.38119 -48.7272 3.4
      vertex 2.49447 -48.9668 3.4
    endloop
  endfacet
  facet normal 0 0 -1
    outer loop
      vertex 2.24497 -51.5 3.4
      vertex 2.38119 -48.7272 3.4
      vertex 2.38119 -51.2728 3.4
    endloop
  endfacet
  facet normal 0 0 -1
    outer loop
      vertex 2.24497 -51.5 3.4
      vertex 2.24497 -48.5 3.4
      vertex 2.38119 -48.7272 3.4
    endloop
  endfacet
  facet normal 0 0 -1
    outer loop
      vertex 2.08713 -51.7129 3.4
      vertex 2.24497 -48.5 3.4
      vertex 2.24497 -51.5 3.4
    endloop
  endfacet
  facet normal 0 0 -1
    outer loop
      vertex 2.08713 -51.7129 3.4
      vertex 2.08713 -48.2871 3.4
      vertex 2.24497 -48.5 3.4
    endloop
  endfacet
  facet normal 0 0 -1
    outer loop
      vertex 1.90919 -51.9092 3.4
      vertex 2.08713 -48.2871 3.4
      vertex 2.08713 -51.7129 3.4
    endloop
  endfacet
  facet normal 0 0 -1
    outer loop
      vertex 1.90919 -51.9092 3.4
      vertex 1.90919 -48.0908 3.4
      vertex 2.08713 -48.2871 3.4
    endloop
  endfacet
  facet normal 0 0 -1
    outer loop
      vertex 1.71286 -52.0871 3.4
      vertex 1.90919 -48.0908 3.4
      vertex 1.90919 -51.9092 3.4
    endloop
  endfacet
  facet normal 0 0 -1
    outer loop
      vertex 1.71286 -52.0871 3.4
      vertex 1.71286 -47.9129 3.4
      vertex 1.90919 -48.0908 3.4
    endloop
  endfacet
  facet normal 0 0 -1
    outer loop
      vertex 1.50004 -52.245 3.4
      vertex 1.71286 -47.9129 3.4
      vertex 1.71286 -52.0871 3.4
    endloop
  endfacet
  facet normal 0 0 -1
    outer loop
      vertex 1.50004 -52.245 3.4
      vertex 1.50004 -47.755 3.4
      vertex 1.71286 -47.9129 3.4
    endloop
  endfacet
  facet normal 0 0 -1
    outer loop
      vertex 1.27277 -52.3812 3.4
      vertex 1.50004 -47.755 3.4
      vertex 1.50004 -52.245 3.4
    endloop
  endfacet
  facet normal 0 0 -1
    outer loop
      vertex 1.27277 -52.3812 3.4
      vertex 1.27277 -47.6188 3.4
      vertex 1.50004 -47.755 3.4
    endloop
  endfacet
  facet normal 0 0 -1
    outer loop
      vertex 1.03325 -52.4945 3.4
      vertex 1.27277 -47.6188 3.4
      vertex 1.27277 -52.3812 3.4
    endloop
  endfacet
  facet normal 0 0 -1
    outer loop
      vertex 1.03325 -52.4945 3.4
      vertex 1.03325 -47.5055 3.4
      vertex 1.27277 -47.6188 3.4
    endloop
  endfacet
  facet normal 0 0 -1
    outer loop
      vertex 0.783768 -52.5837 3.4
      vertex 1.03325 -47.5055 3.4
      vertex 1.03325 -52.4945 3.4
    endloop
  endfacet
  facet normal 0 0 -1
    outer loop
      vertex 0.783768 -52.5837 3.4
      vertex 0.783768 -47.4163 3.4
      vertex 1.03325 -47.5055 3.4
    endloop
  endfacet
  facet normal 0 0 -1
    outer loop
      vertex 0.526743 -52.6481 3.4
      vertex 0.783768 -47.4163 3.4
      vertex 0.783768 -52.5837 3.4
    endloop
  endfacet
  facet normal 0 0 -1
    outer loop
      vertex 0.526743 -52.6481 3.4
      vertex 0.526743 -47.3519 3.4
      vertex 0.783768 -47.4163 3.4
    endloop
  endfacet
  facet normal 0 0 -1
    outer loop
      vertex 0.264646 -52.687 3.4
      vertex 0.526743 -47.3519 3.4
      vertex 0.526743 -52.6481 3.4
    endloop
  endfacet
  facet normal 0 0 -1
    outer loop
      vertex 0.264646 -52.687 3.4
      vertex 0.264646 -47.313 3.4
      vertex 0.526743 -47.3519 3.4
    endloop
  endfacet
  facet normal 0 0 -1
    outer loop
      vertex 0 -52.7 3.4
      vertex 0.264646 -47.313 3.4
      vertex 0.264646 -52.687 3.4
    endloop
  endfacet
  facet normal 0 0 -1
    outer loop
      vertex 0 -52.7 3.4
      vertex 0 -47.3 3.4
      vertex 0.264646 -47.313 3.4
    endloop
  endfacet
  facet normal 0 0 -1
    outer loop
      vertex -0.264646 -52.687 3.4
      vertex 0 -47.3 3.4
      vertex 0 -52.7 3.4
    endloop
  endfacet
  facet normal 0 0 -1
    outer loop
      vertex -0.264646 -52.687 3.4
      vertex -0.264646 -47.313 3.4
      vertex 0 -47.3 3.4
    endloop
  endfacet
  facet normal 0 0 -1
    outer loop
      vertex -0.526743 -52.6481 3.4
      vertex -0.264646 -47.313 3.4
      vertex -0.264646 -52.687 3.4
    endloop
  endfacet
  facet normal 0 0 -1
    outer loop
      vertex -0.526743 -52.6481 3.4
      vertex -0.526743 -47.3519 3.4
      vertex -0.264646 -47.313 3.4
    endloop
  endfacet
  facet normal 0 0 -1
    outer loop
      vertex -0.783768 -52.5837 3.4
      vertex -0.526743 -47.3519 3.4
      vertex -0.526743 -52.6481 3.4
    endloop
  endfacet
  facet normal 0 0 -1
    outer loop
      vertex -0.783768 -52.5837 3.4
      vertex -0.783768 -47.4163 3.4
      vertex -0.526743 -47.3519 3.4
    endloop
  endfacet
  facet normal 0 0 -1
    outer loop
      vertex -1.03325 -52.4945 3.4
      vertex -0.783768 -47.4163 3.4
      vertex -0.783768 -52.5837 3.4
    endloop
  endfacet
  facet normal 0 0 -1
    outer loop
      vertex -1.03325 -52.4945 3.4
      vertex -1.03325 -47.5055 3.4
      vertex -0.783768 -47.4163 3.4
    endloop
  endfacet
  facet normal 0 0 -1
    outer loop
      vertex -1.27277 -52.3812 3.4
      vertex -1.03325 -47.5055 3.4
      vertex -1.03325 -52.4945 3.4
    endloop
  endfacet
  facet normal 0 0 -1
    outer loop
      vertex -1.27277 -52.3812 3.4
      vertex -1.27277 -47.6188 3.4
      vertex -1.03325 -47.5055 3.4
    endloop
  endfacet
  facet normal 0 0 -1
    outer loop
      vertex -1.50004 -52.245 3.4
      vertex -1.27277 -47.6188 3.4
      vertex -1.27277 -52.3812 3.4
    endloop
  endfacet
  facet normal 0 0 -1
    outer loop
      vertex -1.50004 -52.245 3.4
      vertex -1.50004 -47.755 3.4
      vertex -1.27277 -47.6188 3.4
    endloop
  endfacet
  facet normal 0 0 -1
    outer loop
      vertex -1.71286 -52.0871 3.4
      vertex -1.50004 -47.755 3.4
      vertex -1.50004 -52.245 3.4
    endloop
  endfacet
  facet normal 0 0 -1
    outer loop
      vertex -1.71286 -52.0871 3.4
      vertex -1.71286 -47.9129 3.4
      vertex -1.50004 -47.755 3.4
    endloop
  endfacet
  facet normal 0 0 -1
    outer loop
      vertex -1.90919 -51.9092 3.4
      vertex -1.71286 -47.9129 3.4
      vertex -1.71286 -52.0871 3.4
    endloop
  endfacet
  facet normal 0 0 -1
    outer loop
      vertex -1.90919 -51.9092 3.4
      vertex -1.90919 -48.0908 3.4
      vertex -1.71286 -47.9129 3.4
    endloop
  endfacet
  facet normal 0 0 -1
    outer loop
      vertex -2.08713 -51.7129 3.4
      vertex -1.90919 -48.0908 3.4
      vertex -1.90919 -51.9092 3.4
    endloop
  endfacet
  facet normal 0 0 -1
    outer loop
      vertex -2.08713 -51.7129 3.4
      vertex -2.08713 -48.2871 3.4
      vertex -1.90919 -48.0908 3.4
    endloop
  endfacet
  facet normal 0 0 -1
    outer loop
      vertex -2.24497 -51.5 3.4
      vertex -2.08713 -48.2871 3.4
      vertex -2.08713 -51.7129 3.4
    endloop
  endfacet
  facet normal 0 0 -1
    outer loop
      vertex -2.24497 -51.5 3.4
      vertex -2.24497 -48.5 3.4
      vertex -2.08713 -48.2871 3.4
    endloop
  endfacet
  facet normal 0 0 -1
    outer loop
      vertex -2.38119 -51.2728 3.4
      vertex -2.24497 -48.5 3.4
      vertex -2.24497 -51.5 3.4
    endloop
  endfacet
  facet normal 0 0 -1
    outer loop
      vertex -2.38119 -51.2728 3.4
      vertex -2.38119 -48.7272 3.4
      vertex -2.24497 -48.5 3.4
    endloop
  endfacet
  facet normal 0 0 -1
    outer loop
      vertex -2.49447 -51.0332 3.4
      vertex -2.38119 -48.7272 3.4
      vertex -2.38119 -51.2728 3.4
    endloop
  endfacet
  facet normal 0 0 -1
    outer loop
      vertex -2.49447 -51.0332 3.4
      vertex -2.49447 -48.9668 3.4
      vertex -2.38119 -48.7272 3.4
    endloop
  endfacet
  facet normal 0 0 -1
    outer loop
      vertex -2.58374 -50.7838 3.4
      vertex -2.49447 -48.9668 3.4
      vertex -2.49447 -51.0332 3.4
    endloop
  endfacet
  facet normal 0 0 -1
    outer loop
      vertex -2.58374 -50.7838 3.4
      vertex -2.58374 -49.2162 3.4
      vertex -2.49447 -48.9668 3.4
    endloop
  endfacet
  facet normal 0 0 -1
    outer loop
      vertex -2.64812 -50.5267 3.4
      vertex -2.58374 -49.2162 3.4
      vertex -2.58374 -50.7838 3.4
    endloop
  endfacet
  facet normal 0 0 -1
    outer loop
      vertex -2.64812 -50.5267 3.4
      vertex -2.64812 -49.4733 3.4
      vertex -2.58374 -49.2162 3.4
    endloop
  endfacet
  facet normal 0 0 -1
    outer loop
      vertex -2.687 -50.2646 3.4
      vertex -2.64812 -49.4733 3.4
      vertex -2.64812 -50.5267 3.4
    endloop
  endfacet
  facet normal 0 0 -1
    outer loop
      vertex -2.687 -50.2646 3.4
      vertex -2.687 -49.7354 3.4
      vertex -2.64812 -49.4733 3.4
    endloop
  endfacet
  facet normal 0 -0 -1
    outer loop
      vertex -2.687 -49.7354 3.4
      vertex -2.687 -50.2646 3.4
      vertex -2.7 -50 3.4
    endloop
  endfacet
  facet normal -0.941504 0.337001 0
    outer loop
      vertex 2.49447 -51.0332 0
      vertex 2.58374 -50.7838 3.4
      vertex 2.58374 -50.7838 0
    endloop
  endfacet
  facet normal -0.941504 0.337001 0
    outer loop
      vertex 2.58374 -50.7838 3.4
      vertex 2.49447 -51.0332 0
      vertex 2.49447 -51.0332 3.4
    endloop
  endfacet
  facet normal -0.67147 0.741032 0
    outer loop
      vertex 1.90919 -51.9092 0
      vertex 1.71286 -52.0871 3.4
      vertex 1.90919 -51.9092 3.4
    endloop
  endfacet
  facet normal -0.67147 0.741032 0
    outer loop
      vertex 1.71286 -52.0871 3.4
      vertex 1.90919 -51.9092 0
      vertex 1.71286 -52.0871 0
    endloop
  endfacet
  facet normal -0.989176 -0.146735 0
    outer loop
      vertex 2.687 -49.7354 0
      vertex 2.64812 -49.4733 3.4
      vertex 2.64812 -49.4733 0
    endloop
  endfacet
  facet normal -0.989176 -0.146735 0
    outer loop
      vertex 2.64812 -49.4733 3.4
      vertex 2.687 -49.7354 0
      vertex 2.687 -49.7354 3.4
    endloop
  endfacet
  facet normal -0.740906 -0.671609 0
    outer loop
      vertex 2.08713 -48.2871 0
      vertex 1.90919 -48.0908 3.4
      vertex 1.90919 -48.0908 0
    endloop
  endfacet
  facet normal -0.740906 -0.671609 0
    outer loop
      vertex 1.90919 -48.0908 3.4
      vertex 2.08713 -48.2871 0
      vertex 2.08713 -48.2871 3.4
    endloop
  endfacet
  facet normal 0.243046 0.970015 -0
    outer loop
      vertex -0.526743 -52.6481 0
      vertex -0.783768 -52.5837 3.4
      vertex -0.526743 -52.6481 3.4
    endloop
  endfacet
  facet normal 0.243046 0.970015 0
    outer loop
      vertex -0.783768 -52.5837 3.4
      vertex -0.526743 -52.6481 0
      vertex -0.783768 -52.5837 0
    endloop
  endfacet
  facet normal 0.59585 0.803096 -0
    outer loop
      vertex -1.50004 -52.245 0
      vertex -1.71286 -52.0871 3.4
      vertex -1.50004 -52.245 3.4
    endloop
  endfacet
  facet normal 0.59585 0.803096 0
    outer loop
      vertex -1.71286 -52.0871 3.4
      vertex -1.50004 -52.245 0
      vertex -1.71286 -52.0871 0
    endloop
  endfacet
  facet normal 0.514046 0.857763 -0
    outer loop
      vertex -1.27277 -52.3812 0
      vertex -1.50004 -52.245 3.4
      vertex -1.27277 -52.3812 3.4
    endloop
  endfacet
  facet normal 0.514046 0.857763 0
    outer loop
      vertex -1.50004 -52.245 3.4
      vertex -1.27277 -52.3812 0
      vertex -1.50004 -52.245 0
    endloop
  endfacet
  facet normal 0.67147 0.741032 -0
    outer loop
      vertex -1.71286 -52.0871 0
      vertex -1.90919 -51.9092 3.4
      vertex -1.71286 -52.0871 3.4
    endloop
  endfacet
  facet normal 0.67147 0.741032 0
    outer loop
      vertex -1.90919 -51.9092 3.4
      vertex -1.71286 -52.0871 0
      vertex -1.90919 -51.9092 0
    endloop
  endfacet
  facet normal 0.803311 0.59556 0
    outer loop
      vertex -2.08713 -51.7129 3.4
      vertex -2.24497 -51.5 0
      vertex -2.24497 -51.5 3.4
    endloop
  endfacet
  facet normal 0.803311 0.59556 0
    outer loop
      vertex -2.24497 -51.5 0
      vertex -2.08713 -51.7129 3.4
      vertex -2.08713 -51.7129 0
    endloop
  endfacet
  facet normal 0.998795 0.0490716 0
    outer loop
      vertex -2.687 -50.2646 3.4
      vertex -2.7 -50 0
      vertex -2.7 -50 3.4
    endloop
  endfacet
  facet normal 0.998795 0.0490716 0
    outer loop
      vertex -2.7 -50 0
      vertex -2.687 -50.2646 3.4
      vertex -2.687 -50.2646 0
    endloop
  endfacet
  facet normal 0.857659 0.514218 0
    outer loop
      vertex -2.24497 -51.5 3.4
      vertex -2.38119 -51.2728 0
      vertex -2.38119 -51.2728 3.4
    endloop
  endfacet
  facet normal 0.857659 0.514218 0
    outer loop
      vertex -2.38119 -51.2728 0
      vertex -2.24497 -51.5 3.4
      vertex -2.24497 -51.5 0
    endloop
  endfacet
  facet normal 0.941504 0.337001 0
    outer loop
      vertex -2.49447 -51.0332 3.4
      vertex -2.58374 -50.7838 0
      vertex -2.58374 -50.7838 3.4
    endloop
  endfacet
  facet normal 0.941504 0.337001 0
    outer loop
      vertex -2.58374 -50.7838 0
      vertex -2.49447 -51.0332 3.4
      vertex -2.49447 -51.0332 0
    endloop
  endfacet
  facet normal 0.970049 0.242908 0
    outer loop
      vertex -2.58374 -50.7838 3.4
      vertex -2.64812 -50.5267 0
      vertex -2.64812 -50.5267 3.4
    endloop
  endfacet
  facet normal 0.970049 0.242908 0
    outer loop
      vertex -2.64812 -50.5267 0
      vertex -2.58374 -50.7838 3.4
      vertex -2.58374 -50.7838 0
    endloop
  endfacet
  facet normal 0.0490631 -0.998796 0
    outer loop
      vertex -0.264646 -47.313 0
      vertex 0 -47.3 3.4
      vertex -0.264646 -47.313 3.4
    endloop
  endfacet
  facet normal 0.0490631 -0.998796 0
    outer loop
      vertex 0 -47.3 3.4
      vertex -0.264646 -47.313 0
      vertex 0 -47.3 0
    endloop
  endfacet
  facet normal 0.336669 -0.941623 0
    outer loop
      vertex -1.03325 -47.5055 0
      vertex -0.783768 -47.4163 3.4
      vertex -1.03325 -47.5055 3.4
    endloop
  endfacet
  facet normal 0.336669 -0.941623 0
    outer loop
      vertex -0.783768 -47.4163 3.4
      vertex -1.03325 -47.5055 0
      vertex -0.783768 -47.4163 0
    endloop
  endfacet
  facet normal 0.514046 -0.857763 0
    outer loop
      vertex -1.50004 -47.755 0
      vertex -1.27277 -47.6188 3.4
      vertex -1.50004 -47.755 3.4
    endloop
  endfacet
  facet normal 0.514046 -0.857763 0
    outer loop
      vertex -1.27277 -47.6188 3.4
      vertex -1.50004 -47.755 0
      vertex -1.27277 -47.6188 0
    endloop
  endfacet
  facet normal 0.970049 -0.242908 0
    outer loop
      vertex -2.64812 -49.4733 3.4
      vertex -2.58374 -49.2162 0
      vertex -2.58374 -49.2162 3.4
    endloop
  endfacet
  facet normal 0.970049 -0.242908 0
    outer loop
      vertex -2.58374 -49.2162 0
      vertex -2.64812 -49.4733 3.4
      vertex -2.64812 -49.4733 0
    endloop
  endfacet
  facet normal 0.998795 -0.0490716 0
    outer loop
      vertex -2.7 -50 3.4
      vertex -2.687 -49.7354 0
      vertex -2.687 -49.7354 3.4
    endloop
  endfacet
  facet normal 0.998795 -0.0490716 0
    outer loop
      vertex -2.687 -49.7354 0
      vertex -2.7 -50 3.4
      vertex -2.7 -50 0
    endloop
  endfacet
  facet normal 0.803311 -0.59556 0
    outer loop
      vertex -2.24497 -48.5 3.4
      vertex -2.08713 -48.2871 0
      vertex -2.08713 -48.2871 3.4
    endloop
  endfacet
  facet normal 0.803311 -0.59556 0
    outer loop
      vertex -2.08713 -48.2871 0
      vertex -2.24497 -48.5 3.4
      vertex -2.24497 -48.5 0
    endloop
  endfacet
  facet normal 0.904051 -0.427424 0
    outer loop
      vertex -2.49447 -48.9668 3.4
      vertex -2.38119 -48.7272 0
      vertex -2.38119 -48.7272 3.4
    endloop
  endfacet
  facet normal 0.904051 -0.427424 0
    outer loop
      vertex -2.38119 -48.7272 0
      vertex -2.49447 -48.9668 3.4
      vertex -2.49447 -48.9668 0
    endloop
  endfacet
  facet normal 0.0490631 0.998796 -0
    outer loop
      vertex 0 -52.7 0
      vertex -0.264646 -52.687 3.4
      vertex 0 -52.7 3.4
    endloop
  endfacet
  facet normal 0.0490631 0.998796 0
    outer loop
      vertex -0.264646 -52.687 3.4
      vertex 0 -52.7 0
      vertex -0.264646 -52.687 0
    endloop
  endfacet
  facet normal -0.989176 0.146735 0
    outer loop
      vertex 2.64812 -50.5267 0
      vertex 2.687 -50.2646 3.4
      vertex 2.687 -50.2646 0
    endloop
  endfacet
  facet normal -0.989176 0.146735 0
    outer loop
      vertex 2.687 -50.2646 3.4
      vertex 2.64812 -50.5267 0
      vertex 2.64812 -50.5267 3.4
    endloop
  endfacet
  facet normal -0.970049 0.242908 0
    outer loop
      vertex 2.58374 -50.7838 0
      vertex 2.64812 -50.5267 3.4
      vertex 2.64812 -50.5267 0
    endloop
  endfacet
  facet normal -0.970049 0.242908 0
    outer loop
      vertex 2.64812 -50.5267 3.4
      vertex 2.58374 -50.7838 0
      vertex 2.58374 -50.7838 3.4
    endloop
  endfacet
  facet normal -0.740906 0.671609 0
    outer loop
      vertex 1.90919 -51.9092 0
      vertex 2.08713 -51.7129 3.4
      vertex 2.08713 -51.7129 0
    endloop
  endfacet
  facet normal -0.740906 0.671609 0
    outer loop
      vertex 2.08713 -51.7129 3.4
      vertex 1.90919 -51.9092 0
      vertex 1.90919 -51.9092 3.4
    endloop
  endfacet
  facet normal -0.803311 0.59556 0
    outer loop
      vertex 2.08713 -51.7129 0
      vertex 2.24497 -51.5 3.4
      vertex 2.24497 -51.5 0
    endloop
  endfacet
  facet normal -0.803311 0.59556 0
    outer loop
      vertex 2.24497 -51.5 3.4
      vertex 2.08713 -51.7129 0
      vertex 2.08713 -51.7129 3.4
    endloop
  endfacet
  facet normal -0.904051 0.427424 0
    outer loop
      vertex 2.38119 -51.2728 0
      vertex 2.49447 -51.0332 3.4
      vertex 2.49447 -51.0332 0
    endloop
  endfacet
  facet normal -0.904051 0.427424 0
    outer loop
      vertex 2.49447 -51.0332 3.4
      vertex 2.38119 -51.2728 0
      vertex 2.38119 -51.2728 3.4
    endloop
  endfacet
  facet normal -0.514046 0.857763 0
    outer loop
      vertex 1.50004 -52.245 0
      vertex 1.27277 -52.3812 3.4
      vertex 1.50004 -52.245 3.4
    endloop
  endfacet
  facet normal -0.514046 0.857763 0
    outer loop
      vertex 1.27277 -52.3812 3.4
      vertex 1.50004 -52.245 0
      vertex 1.27277 -52.3812 0
    endloop
  endfacet
  facet normal -0.59585 0.803096 0
    outer loop
      vertex 1.71286 -52.0871 0
      vertex 1.50004 -52.245 3.4
      vertex 1.71286 -52.0871 3.4
    endloop
  endfacet
  facet normal -0.59585 0.803096 0
    outer loop
      vertex 1.50004 -52.245 3.4
      vertex 1.71286 -52.0871 0
      vertex 1.50004 -52.245 0
    endloop
  endfacet
  facet normal -0.998795 -0.0490716 0
    outer loop
      vertex 2.7 -50 0
      vertex 2.687 -49.7354 3.4
      vertex 2.687 -49.7354 0
    endloop
  endfacet
  facet normal -0.998795 -0.0490716 0
    outer loop
      vertex 2.687 -49.7354 3.4
      vertex 2.7 -50 0
      vertex 2.7 -50 3.4
    endloop
  endfacet
  facet normal -0.941504 -0.337001 0
    outer loop
      vertex 2.58374 -49.2162 0
      vertex 2.49447 -48.9668 3.4
      vertex 2.49447 -48.9668 0
    endloop
  endfacet
  facet normal -0.941504 -0.337001 0
    outer loop
      vertex 2.49447 -48.9668 3.4
      vertex 2.58374 -49.2162 0
      vertex 2.58374 -49.2162 3.4
    endloop
  endfacet
  facet normal -0.857659 -0.514218 0
    outer loop
      vertex 2.38119 -48.7272 0
      vertex 2.24497 -48.5 3.4
      vertex 2.24497 -48.5 0
    endloop
  endfacet
  facet normal -0.857659 -0.514218 0
    outer loop
      vertex 2.24497 -48.5 3.4
      vertex 2.38119 -48.7272 0
      vertex 2.38119 -48.7272 3.4
    endloop
  endfacet
  facet normal -0.0490631 -0.998796 0
    outer loop
      vertex 0 -47.3 0
      vertex 0.264646 -47.313 3.4
      vertex 0 -47.3 3.4
    endloop
  endfacet
  facet normal -0.0490631 -0.998796 -0
    outer loop
      vertex 0.264646 -47.313 3.4
      vertex 0 -47.3 0
      vertex 0.264646 -47.313 0
    endloop
  endfacet
  facet normal -0.243046 -0.970015 0
    outer loop
      vertex 0.526743 -47.3519 0
      vertex 0.783768 -47.4163 3.4
      vertex 0.526743 -47.3519 3.4
    endloop
  endfacet
  facet normal -0.243046 -0.970015 -0
    outer loop
      vertex 0.783768 -47.4163 3.4
      vertex 0.526743 -47.3519 0
      vertex 0.783768 -47.4163 0
    endloop
  endfacet
  facet normal -0.14681 -0.989165 0
    outer loop
      vertex 0.264646 -47.313 0
      vertex 0.526743 -47.3519 3.4
      vertex 0.264646 -47.313 3.4
    endloop
  endfacet
  facet normal -0.14681 -0.989165 -0
    outer loop
      vertex 0.526743 -47.3519 3.4
      vertex 0.264646 -47.313 0
      vertex 0.526743 -47.3519 0
    endloop
  endfacet
  facet normal -0.59585 -0.803096 0
    outer loop
      vertex 1.50004 -47.755 0
      vertex 1.71286 -47.9129 3.4
      vertex 1.50004 -47.755 3.4
    endloop
  endfacet
  facet normal -0.59585 -0.803096 -0
    outer loop
      vertex 1.71286 -47.9129 3.4
      vertex 1.50004 -47.755 0
      vertex 1.71286 -47.9129 0
    endloop
  endfacet
  facet normal -0.427603 -0.903967 0
    outer loop
      vertex 1.03325 -47.5055 0
      vertex 1.27277 -47.6188 3.4
      vertex 1.03325 -47.5055 3.4
    endloop
  endfacet
  facet normal -0.427603 -0.903967 -0
    outer loop
      vertex 1.27277 -47.6188 3.4
      vertex 1.03325 -47.5055 0
      vertex 1.27277 -47.6188 0
    endloop
  endfacet
  facet normal -0.67147 -0.741032 0
    outer loop
      vertex 1.71286 -47.9129 0
      vertex 1.90919 -48.0908 3.4
      vertex 1.71286 -47.9129 3.4
    endloop
  endfacet
  facet normal -0.67147 -0.741032 -0
    outer loop
      vertex 1.90919 -48.0908 3.4
      vertex 1.71286 -47.9129 0
      vertex 1.90919 -48.0908 0
    endloop
  endfacet
  facet normal 0.989176 0.146735 0
    outer loop
      vertex -2.64812 -50.5267 3.4
      vertex -2.687 -50.2646 0
      vertex -2.687 -50.2646 3.4
    endloop
  endfacet
  facet normal 0.989176 0.146735 0
    outer loop
      vertex -2.687 -50.2646 0
      vertex -2.64812 -50.5267 3.4
      vertex -2.64812 -50.5267 0
    endloop
  endfacet
  facet normal 0.243046 -0.970015 0
    outer loop
      vertex -0.783768 -47.4163 0
      vertex -0.526743 -47.3519 3.4
      vertex -0.783768 -47.4163 3.4
    endloop
  endfacet
  facet normal 0.243046 -0.970015 0
    outer loop
      vertex -0.526743 -47.3519 3.4
      vertex -0.783768 -47.4163 0
      vertex -0.526743 -47.3519 0
    endloop
  endfacet
  facet normal 0.59585 -0.803096 0
    outer loop
      vertex -1.71286 -47.9129 0
      vertex -1.50004 -47.755 3.4
      vertex -1.71286 -47.9129 3.4
    endloop
  endfacet
  facet normal 0.59585 -0.803096 0
    outer loop
      vertex -1.50004 -47.755 3.4
      vertex -1.71286 -47.9129 0
      vertex -1.50004 -47.755 0
    endloop
  endfacet
  facet normal 0.941504 -0.337001 0
    outer loop
      vertex -2.58374 -49.2162 3.4
      vertex -2.49447 -48.9668 0
      vertex -2.49447 -48.9668 3.4
    endloop
  endfacet
  facet normal 0.941504 -0.337001 0
    outer loop
      vertex -2.49447 -48.9668 0
      vertex -2.58374 -49.2162 3.4
      vertex -2.58374 -49.2162 0
    endloop
  endfacet
  facet normal 0.857659 -0.514218 0
    outer loop
      vertex -2.38119 -48.7272 3.4
      vertex -2.24497 -48.5 0
      vertex -2.24497 -48.5 3.4
    endloop
  endfacet
  facet normal 0.857659 -0.514218 0
    outer loop
      vertex -2.24497 -48.5 0
      vertex -2.38119 -48.7272 3.4
      vertex -2.38119 -48.7272 0
    endloop
  endfacet
  facet normal 0.740906 -0.671609 0
    outer loop
      vertex -2.08713 -48.2871 3.4
      vertex -1.90919 -48.0908 0
      vertex -1.90919 -48.0908 3.4
    endloop
  endfacet
  facet normal 0.740906 -0.671609 0
    outer loop
      vertex -1.90919 -48.0908 0
      vertex -2.08713 -48.2871 3.4
      vertex -2.08713 -48.2871 0
    endloop
  endfacet
  facet normal -0.0490631 0.998796 0
    outer loop
      vertex 0.264646 -52.687 0
      vertex 0 -52.7 3.4
      vertex 0.264646 -52.687 3.4
    endloop
  endfacet
  facet normal -0.0490631 0.998796 0
    outer loop
      vertex 0 -52.7 3.4
      vertex 0.264646 -52.687 0
      vertex 0 -52.7 0
    endloop
  endfacet
  facet normal -0.336669 0.941623 0
    outer loop
      vertex 1.03325 -52.4945 0
      vertex 0.783768 -52.5837 3.4
      vertex 1.03325 -52.4945 3.4
    endloop
  endfacet
  facet normal -0.336669 0.941623 0
    outer loop
      vertex 0.783768 -52.5837 3.4
      vertex 1.03325 -52.4945 0
      vertex 0.783768 -52.5837 0
    endloop
  endfacet
  facet normal -0.243046 0.970015 0
    outer loop
      vertex 0.783768 -52.5837 0
      vertex 0.526743 -52.6481 3.4
      vertex 0.783768 -52.5837 3.4
    endloop
  endfacet
  facet normal -0.243046 0.970015 0
    outer loop
      vertex 0.526743 -52.6481 3.4
      vertex 0.783768 -52.5837 0
      vertex 0.526743 -52.6481 0
    endloop
  endfacet
  facet normal -0.998795 0.0490716 0
    outer loop
      vertex 2.687 -50.2646 0
      vertex 2.7 -50 3.4
      vertex 2.7 -50 0
    endloop
  endfacet
  facet normal -0.998795 0.0490716 0
    outer loop
      vertex 2.7 -50 3.4
      vertex 2.687 -50.2646 0
      vertex 2.687 -50.2646 3.4
    endloop
  endfacet
  facet normal -0.970049 -0.242908 0
    outer loop
      vertex 2.64812 -49.4733 0
      vertex 2.58374 -49.2162 3.4
      vertex 2.58374 -49.2162 0
    endloop
  endfacet
  facet normal -0.970049 -0.242908 0
    outer loop
      vertex 2.58374 -49.2162 3.4
      vertex 2.64812 -49.4733 0
      vertex 2.64812 -49.4733 3.4
    endloop
  endfacet
  facet normal -0.803311 -0.59556 0
    outer loop
      vertex 2.24497 -48.5 0
      vertex 2.08713 -48.2871 3.4
      vertex 2.08713 -48.2871 0
    endloop
  endfacet
  facet normal -0.803311 -0.59556 0
    outer loop
      vertex 2.08713 -48.2871 3.4
      vertex 2.24497 -48.5 0
      vertex 2.24497 -48.5 3.4
    endloop
  endfacet
  facet normal -0.336669 -0.941623 0
    outer loop
      vertex 0.783768 -47.4163 0
      vertex 1.03325 -47.5055 3.4
      vertex 0.783768 -47.4163 3.4
    endloop
  endfacet
  facet normal -0.336669 -0.941623 -0
    outer loop
      vertex 1.03325 -47.5055 3.4
      vertex 0.783768 -47.4163 0
      vertex 1.03325 -47.5055 0
    endloop
  endfacet
  facet normal -0.514046 -0.857763 0
    outer loop
      vertex 1.27277 -47.6188 0
      vertex 1.50004 -47.755 3.4
      vertex 1.27277 -47.6188 3.4
    endloop
  endfacet
  facet normal -0.514046 -0.857763 -0
    outer loop
      vertex 1.50004 -47.755 3.4
      vertex 1.27277 -47.6188 0
      vertex 1.50004 -47.755 0
    endloop
  endfacet
  facet normal -0.14681 0.989165 0
    outer loop
      vertex 0.526743 -52.6481 0
      vertex 0.264646 -52.687 3.4
      vertex 0.526743 -52.6481 3.4
    endloop
  endfacet
  facet normal -0.14681 0.989165 0
    outer loop
      vertex 0.264646 -52.687 3.4
      vertex 0.526743 -52.6481 0
      vertex 0.264646 -52.687 0
    endloop
  endfacet
  facet normal 0.114366 -0.993439 0
    outer loop
      vertex -43.7411 27.6639 0
      vertex -43.4779 27.6942 3.4
      vertex -43.7411 27.6639 3.4
    endloop
  endfacet
  facet normal 0.114366 -0.993439 0
    outer loop
      vertex -43.4779 27.6942 3.4
      vertex -43.7411 27.6639 0
      vertex -43.4779 27.6942 0
    endloop
  endfacet
  facet normal -0.98387 0.178885 0
    outer loop
      vertex -40.6718 24.3869 0
      vertex -40.6244 24.6476 3.4
      vertex -40.6244 24.6476 0
    endloop
  endfacet
  facet normal -0.98387 0.178885 0
    outer loop
      vertex -40.6244 24.6476 3.4
      vertex -40.6718 24.3869 0
      vertex -40.6718 24.3869 3.4
    endloop
  endfacet
  facet normal 0.917478 0.397787 0
    outer loop
      vertex -45.7228 23.8058 3.4
      vertex -45.8282 24.0489 0
      vertex -45.8282 24.0489 3.4
    endloop
  endfacet
  facet normal 0.917478 0.397787 0
    outer loop
      vertex -45.8282 24.0489 0
      vertex -45.7228 23.8058 3.4
      vertex -45.7228 23.8058 0
    endloop
  endfacet
  facet normal 0.983803 -0.179251 0
    outer loop
      vertex -45.9782 25.3524 3.4
      vertex -45.9307 25.6131 0
      vertex -45.9307 25.6131 3.4
    endloop
  endfacet
  facet normal 0.983803 -0.179251 0
    outer loop
      vertex -45.9307 25.6131 0
      vertex -45.9782 25.3524 3.4
      vertex -45.9782 25.3524 0
    endloop
  endfacet
  facet normal -0.568817 0.822464 0
    outer loop
      vertex -41.6576 22.8579 0
      vertex -41.8755 22.7072 3.4
      vertex -41.6576 22.8579 3.4
    endloop
  endfacet
  facet normal -0.568817 0.822464 0
    outer loop
      vertex -41.8755 22.7072 3.4
      vertex -41.6576 22.8579 0
      vertex -41.8755 22.7072 0
    endloop
  endfacet
  facet normal 0.178885 0.98387 -0
    outer loop
      vertex -43.6537 22.3231 0
      vertex -43.9144 22.3705 3.4
      vertex -43.6537 22.3231 3.4
    endloop
  endfacet
  facet normal 0.178885 0.98387 0
    outer loop
      vertex -43.9144 22.3705 3.4
      vertex -43.6537 22.3231 0
      vertex -43.9144 22.3705 0
    endloop
  endfacet
  facet normal 0.485867 -0.874033 0
    outer loop
      vertex -44.7271 27.2928 0
      vertex -44.4954 27.4216 3.4
      vertex -44.7271 27.2928 3.4
    endloop
  endfacet
  facet normal 0.485867 -0.874033 0
    outer loop
      vertex -44.4954 27.4216 3.4
      vertex -44.7271 27.2928 0
      vertex -44.4954 27.4216 0
    endloop
  endfacet
  facet normal -0.4567 -0.889621 0
    outer loop
      vertex -42.187 27.4593 0
      vertex -41.9513 27.3383 3.4
      vertex -42.187 27.4593 3.4
    endloop
  endfacet
  facet normal -0.4567 -0.889621 -0
    outer loop
      vertex -41.9513 27.3383 3.4
      vertex -42.187 27.4593 0
      vertex -41.9513 27.3383 0
    endloop
  endfacet
  facet normal -0.993481 -0.113994 0
    outer loop
      vertex -40.6071 25.1766 0
      vertex -40.6373 25.4398 3.4
      vertex -40.6373 25.4398 0
    endloop
  endfacet
  facet normal -0.993481 -0.113994 0
    outer loop
      vertex -40.6373 25.4398 3.4
      vertex -40.6071 25.1766 0
      vertex -40.6071 25.1766 3.4
    endloop
  endfacet
  facet normal 0.889468 -0.456998 0
    outer loop
      vertex -45.7606 26.1143 3.4
      vertex -45.6395 26.35 0
      vertex -45.6395 26.35 3.4
    endloop
  endfacet
  facet normal 0.889468 -0.456998 0
    outer loop
      vertex -45.6395 26.35 0
      vertex -45.7606 26.1143 3.4
      vertex -45.7606 26.1143 0
    endloop
  endfacet
  facet normal 0.822287 0.569073 0
    outer loop
      vertex -45.4433 23.3563 3.4
      vertex -45.5941 23.5742 0
      vertex -45.5941 23.5742 3.4
    endloop
  endfacet
  facet normal 0.822287 0.569073 0
    outer loop
      vertex -45.5941 23.5742 0
      vertex -45.4433 23.3563 3.4
      vertex -45.4433 23.3563 0
    endloop
  endfacet
  facet normal 0.993439 0.114366 0
    outer loop
      vertex -45.9652 24.5602 3.4
      vertex -45.9955 24.8234 0
      vertex -45.9955 24.8234 3.4
    endloop
  endfacet
  facet normal 0.993439 0.114366 0
    outer loop
      vertex -45.9955 24.8234 0
      vertex -45.9652 24.5602 3.4
      vertex -45.9652 24.5602 0
    endloop
  endfacet
  facet normal -0.114366 0.993439 0
    outer loop
      vertex -42.8615 22.3361 0
      vertex -43.1247 22.3058 3.4
      vertex -42.8615 22.3361 3.4
    endloop
  endfacet
  facet normal -0.114366 0.993439 0
    outer loop
      vertex -43.1247 22.3058 3.4
      vertex -42.8615 22.3361 0
      vertex -43.1247 22.3058 0
    endloop
  endfacet
  facet normal 0.783073 -0.62193 0
    outer loop
      vertex -45.496 26.5727 3.4
      vertex -45.3312 26.7802 0
      vertex -45.3312 26.7802 3.4
    endloop
  endfacet
  facet normal 0.783073 -0.62193 0
    outer loop
      vertex -45.3312 26.7802 0
      vertex -45.496 26.5727 3.4
      vertex -45.496 26.5727 0
    endloop
  endfacet
  facet normal 0.718712 -0.695308 0
    outer loop
      vertex -45.3312 26.7802 3.4
      vertex -45.147 26.9706 0
      vertex -45.147 26.9706 3.4
    endloop
  endfacet
  facet normal 0.718712 -0.695308 0
    outer loop
      vertex -45.147 26.9706 0
      vertex -45.3312 26.7802 3.4
      vertex -45.3312 26.7802 0
    endloop
  endfacet
  facet normal 0.647024 -0.76247 0
    outer loop
      vertex -45.147 26.9706 0
      vertex -44.9449 27.1421 3.4
      vertex -45.147 26.9706 3.4
    endloop
  endfacet
  facet normal 0.647024 -0.76247 0
    outer loop
      vertex -44.9449 27.1421 3.4
      vertex -45.147 26.9706 0
      vertex -44.9449 27.1421 0
    endloop
  endfacet
  facet normal 0.306131 -0.951989 0
    outer loop
      vertex -44.2523 27.5269 0
      vertex -44.0001 27.608 3.4
      vertex -44.2523 27.5269 3.4
    endloop
  endfacet
  facet normal 0.306131 -0.951989 0
    outer loop
      vertex -44.0001 27.608 3.4
      vertex -44.2523 27.5269 0
      vertex -44.0001 27.608 0
    endloop
  endfacet
  facet normal -0.0818899 -0.996641 0
    outer loop
      vertex -43.2129 27.6986 0
      vertex -42.9488 27.6769 3.4
      vertex -43.2129 27.6986 3.4
    endloop
  endfacet
  facet normal -0.0818899 -0.996641 -0
    outer loop
      vertex -42.9488 27.6769 3.4
      vertex -43.2129 27.6986 0
      vertex -42.9488 27.6769 0
    endloop
  endfacet
  facet normal -0.541921 -0.84043 0
    outer loop
      vertex -41.9513 27.3383 0
      vertex -41.7286 27.1947 3.4
      vertex -41.9513 27.3383 3.4
    endloop
  endfacet
  facet normal -0.541921 -0.84043 -0
    outer loop
      vertex -41.7286 27.1947 3.4
      vertex -41.9513 27.3383 0
      vertex -41.7286 27.1947 0
    endloop
  endfacet
  facet normal -0.274721 -0.961524 0
    outer loop
      vertex -42.6882 27.6295 0
      vertex -42.4334 27.5567 3.4
      vertex -42.6882 27.6295 3.4
    endloop
  endfacet
  facet normal -0.274721 -0.961524 -0
    outer loop
      vertex -42.4334 27.5567 3.4
      vertex -42.6882 27.6295 0
      vertex -42.4334 27.5567 0
    endloop
  endfacet
  facet normal -0.84043 0.541921 0
    outer loop
      vertex -41.1066 23.4273 0
      vertex -40.963 23.65 3.4
      vertex -40.963 23.65 0
    endloop
  endfacet
  facet normal -0.84043 0.541921 0
    outer loop
      vertex -40.963 23.65 3.4
      vertex -41.1066 23.4273 0
      vertex -41.1066 23.4273 3.4
    endloop
  endfacet
  facet normal -0.961524 0.274721 0
    outer loop
      vertex -40.7446 24.1321 0
      vertex -40.6718 24.3869 3.4
      vertex -40.6718 24.3869 0
    endloop
  endfacet
  facet normal -0.961524 0.274721 0
    outer loop
      vertex -40.6718 24.3869 3.4
      vertex -40.7446 24.1321 0
      vertex -40.7446 24.1321 3.4
    endloop
  endfacet
  facet normal -0.930108 0.367287 0
    outer loop
      vertex -40.8419 23.8857 0
      vertex -40.7446 24.1321 3.4
      vertex -40.7446 24.1321 0
    endloop
  endfacet
  facet normal -0.930108 0.367287 0
    outer loop
      vertex -40.7446 24.1321 3.4
      vertex -40.8419 23.8857 0
      vertex -40.8419 23.8857 3.4
    endloop
  endfacet
  facet normal -0.996641 0.0818899 0
    outer loop
      vertex -40.6244 24.6476 0
      vertex -40.6027 24.9117 3.4
      vertex -40.6027 24.9117 0
    endloop
  endfacet
  facet normal -0.996641 0.0818899 0
    outer loop
      vertex -40.6027 24.9117 3.4
      vertex -40.6244 24.6476 0
      vertex -40.6244 24.6476 3.4
    endloop
  endfacet
  facet normal -0.762498 -0.646991 0
    outer loop
      vertex -41.1592 26.6437 0
      vertex -41.3306 26.8457 3.4
      vertex -41.3306 26.8457 0
    endloop
  endfacet
  facet normal -0.762498 -0.646991 0
    outer loop
      vertex -41.3306 26.8457 3.4
      vertex -41.1592 26.6437 0
      vertex -41.1592 26.6437 3.4
    endloop
  endfacet
  facet normal -0.621515 -0.783403 0
    outer loop
      vertex -41.7286 27.1947 0
      vertex -41.521 27.03 3.4
      vertex -41.7286 27.1947 3.4
    endloop
  endfacet
  facet normal -0.621515 -0.783403 -0
    outer loop
      vertex -41.521 27.03 3.4
      vertex -41.7286 27.1947 0
      vertex -41.521 27.03 0
    endloop
  endfacet
  facet normal -0.952135 -0.305679 0
    outer loop
      vertex -40.6933 25.6988 0
      vertex -40.7743 25.9511 3.4
      vertex -40.7743 25.9511 0
    endloop
  endfacet
  facet normal -0.952135 -0.305679 0
    outer loop
      vertex -40.7743 25.9511 3.4
      vertex -40.6933 25.6988 0
      vertex -40.6933 25.6988 3.4
    endloop
  endfacet
  facet normal -0.874104 -0.485739 0
    outer loop
      vertex -40.8797 26.1942 0
      vertex -41.0084 26.4258 3.4
      vertex -41.0084 26.4258 0
    endloop
  endfacet
  facet normal -0.874104 -0.485739 0
    outer loop
      vertex -41.0084 26.4258 3.4
      vertex -40.8797 26.1942 0
      vertex -40.8797 26.1942 3.4
    endloop
  endfacet
  facet normal 0.840602 -0.541654 0
    outer loop
      vertex -45.6395 26.35 3.4
      vertex -45.496 26.5727 0
      vertex -45.496 26.5727 3.4
    endloop
  endfacet
  facet normal 0.840602 -0.541654 0
    outer loop
      vertex -45.496 26.5727 0
      vertex -45.6395 26.35 3.4
      vertex -45.6395 26.35 0
    endloop
  endfacet
  facet normal 0.695503 0.718523 -0
    outer loop
      vertex -45.0815 22.97 0
      vertex -45.2719 23.1543 3.4
      vertex -45.0815 22.97 3.4
    endloop
  endfacet
  facet normal 0.695503 0.718523 0
    outer loop
      vertex -45.2719 23.1543 3.4
      vertex -45.0815 22.97 0
      vertex -45.2719 23.1543 0
    endloop
  endfacet
  facet normal 0.762498 0.646991 0
    outer loop
      vertex -45.2719 23.1543 3.4
      vertex -45.4433 23.3563 0
      vertex -45.4433 23.3563 3.4
    endloop
  endfacet
  facet normal 0.762498 0.646991 0
    outer loop
      vertex -45.4433 23.3563 0
      vertex -45.2719 23.1543 3.4
      vertex -45.2719 23.1543 0
    endloop
  endfacet
  facet normal 0.977492 0.210972 0
    outer loop
      vertex -45.9093 24.3012 3.4
      vertex -45.9652 24.5602 0
      vertex -45.9652 24.5602 3.4
    endloop
  endfacet
  facet normal 0.977492 0.210972 0
    outer loop
      vertex -45.9652 24.5602 0
      vertex -45.9093 24.3012 3.4
      vertex -45.9093 24.3012 0
    endloop
  endfacet
  facet normal 0.952025 0.306021 0
    outer loop
      vertex -45.8282 24.0489 3.4
      vertex -45.9093 24.3012 0
      vertex -45.9093 24.3012 3.4
    endloop
  endfacet
  facet normal 0.952025 0.306021 0
    outer loop
      vertex -45.9093 24.3012 0
      vertex -45.8282 24.0489 3.4
      vertex -45.8282 24.0489 0
    endloop
  endfacet
  facet normal 0.874104 0.485739 0
    outer loop
      vertex -45.5941 23.5742 3.4
      vertex -45.7228 23.8058 0
      vertex -45.7228 23.8058 3.4
    endloop
  endfacet
  facet normal 0.874104 0.485739 0
    outer loop
      vertex -45.7228 23.8058 0
      vertex -45.5941 23.5742 3.4
      vertex -45.5941 23.5742 0
    endloop
  endfacet
  facet normal 0.996672 -0.081515 0
    outer loop
      vertex -45.9998 25.0883 3.4
      vertex -45.9782 25.3524 0
      vertex -45.9782 25.3524 3.4
    endloop
  endfacet
  facet normal 0.996672 -0.081515 0
    outer loop
      vertex -45.9782 25.3524 0
      vertex -45.9998 25.0883 3.4
      vertex -45.9998 25.0883 0
    endloop
  endfacet
  facet normal 0 0 -1
    outer loop
      vertex -40.6244 24.6476 3.4
      vertex -40.6071 25.1766 3.4
      vertex -40.6027 24.9117 3.4
    endloop
  endfacet
  facet normal 0 0 -1
    outer loop
      vertex -40.6244 24.6476 3.4
      vertex -40.6373 25.4398 3.4
      vertex -40.6071 25.1766 3.4
    endloop
  endfacet
  facet normal 0 0 -1
    outer loop
      vertex -40.6718 24.3869 3.4
      vertex -40.6373 25.4398 3.4
      vertex -40.6244 24.6476 3.4
    endloop
  endfacet
  facet normal 0 0 -1
    outer loop
      vertex -40.6718 24.3869 3.4
      vertex -40.6933 25.6988 3.4
      vertex -40.6373 25.4398 3.4
    endloop
  endfacet
  facet normal 0 0 -1
    outer loop
      vertex -40.7446 24.1321 3.4
      vertex -40.6933 25.6988 3.4
      vertex -40.6718 24.3869 3.4
    endloop
  endfacet
  facet normal 0 0 -1
    outer loop
      vertex -40.7446 24.1321 3.4
      vertex -40.7743 25.9511 3.4
      vertex -40.6933 25.6988 3.4
    endloop
  endfacet
  facet normal 0 0 -1
    outer loop
      vertex -40.8419 23.8857 3.4
      vertex -40.7743 25.9511 3.4
      vertex -40.7446 24.1321 3.4
    endloop
  endfacet
  facet normal 0 0 -1
    outer loop
      vertex -40.8419 23.8857 3.4
      vertex -40.8797 26.1942 3.4
      vertex -40.7743 25.9511 3.4
    endloop
  endfacet
  facet normal 0 0 -1
    outer loop
      vertex -40.963 23.65 3.4
      vertex -40.8797 26.1942 3.4
      vertex -40.8419 23.8857 3.4
    endloop
  endfacet
  facet normal 0 0 -1
    outer loop
      vertex -40.963 23.65 3.4
      vertex -41.0084 26.4258 3.4
      vertex -40.8797 26.1942 3.4
    endloop
  endfacet
  facet normal 0 0 -1
    outer loop
      vertex -41.1066 23.4273 3.4
      vertex -41.0084 26.4258 3.4
      vertex -40.963 23.65 3.4
    endloop
  endfacet
  facet normal 0 0 -1
    outer loop
      vertex -41.1066 23.4273 3.4
      vertex -41.1592 26.6437 3.4
      vertex -41.0084 26.4258 3.4
    endloop
  endfacet
  facet normal 0 0 -1
    outer loop
      vertex -41.2713 23.2198 3.4
      vertex -41.1592 26.6437 3.4
      vertex -41.1066 23.4273 3.4
    endloop
  endfacet
  facet normal 0 0 -1
    outer loop
      vertex -41.2713 23.2198 3.4
      vertex -41.3306 26.8457 3.4
      vertex -41.1592 26.6437 3.4
    endloop
  endfacet
  facet normal 0 0 -1
    outer loop
      vertex -41.4556 23.0294 3.4
      vertex -41.3306 26.8457 3.4
      vertex -41.2713 23.2198 3.4
    endloop
  endfacet
  facet normal 0 0 -1
    outer loop
      vertex -41.4556 23.0294 3.4
      vertex -41.521 27.03 3.4
      vertex -41.3306 26.8457 3.4
    endloop
  endfacet
  facet normal 0 0 -1
    outer loop
      vertex -41.6576 22.8579 3.4
      vertex -41.521 27.03 3.4
      vertex -41.4556 23.0294 3.4
    endloop
  endfacet
  facet normal 0 0 -1
    outer loop
      vertex -41.6576 22.8579 3.4
      vertex -41.7286 27.1947 3.4
      vertex -41.521 27.03 3.4
    endloop
  endfacet
  facet normal 0 0 -1
    outer loop
      vertex -41.8755 22.7072 3.4
      vertex -41.7286 27.1947 3.4
      vertex -41.6576 22.8579 3.4
    endloop
  endfacet
  facet normal 0 0 -1
    outer loop
      vertex -41.8755 22.7072 3.4
      vertex -41.9513 27.3383 3.4
      vertex -41.7286 27.1947 3.4
    endloop
  endfacet
  facet normal 0 0 -1
    outer loop
      vertex -42.1071 22.5784 3.4
      vertex -41.9513 27.3383 3.4
      vertex -41.8755 22.7072 3.4
    endloop
  endfacet
  facet normal 0 0 -1
    outer loop
      vertex -42.1071 22.5784 3.4
      vertex -42.187 27.4593 3.4
      vertex -41.9513 27.3383 3.4
    endloop
  endfacet
  facet normal 0 0 -1
    outer loop
      vertex -42.3502 22.4731 3.4
      vertex -42.187 27.4593 3.4
      vertex -42.1071 22.5784 3.4
    endloop
  endfacet
  facet normal 0 0 -1
    outer loop
      vertex -42.3502 22.4731 3.4
      vertex -42.4334 27.5567 3.4
      vertex -42.187 27.4593 3.4
    endloop
  endfacet
  facet normal 0 0 -1
    outer loop
      vertex -42.6025 22.392 3.4
      vertex -42.4334 27.5567 3.4
      vertex -42.3502 22.4731 3.4
    endloop
  endfacet
  facet normal 0 0 -1
    outer loop
      vertex -42.6025 22.392 3.4
      vertex -42.6882 27.6295 3.4
      vertex -42.4334 27.5567 3.4
    endloop
  endfacet
  facet normal 0 0 -1
    outer loop
      vertex -42.8615 22.3361 3.4
      vertex -42.6882 27.6295 3.4
      vertex -42.6025 22.392 3.4
    endloop
  endfacet
  facet normal 0 0 -1
    outer loop
      vertex -42.8615 22.3361 3.4
      vertex -42.9488 27.6769 3.4
      vertex -42.6882 27.6295 3.4
    endloop
  endfacet
  facet normal 0 0 -1
    outer loop
      vertex -43.1247 22.3058 3.4
      vertex -42.9488 27.6769 3.4
      vertex -42.8615 22.3361 3.4
    endloop
  endfacet
  facet normal 0 0 -1
    outer loop
      vertex -43.1247 22.3058 3.4
      vertex -43.2129 27.6986 3.4
      vertex -42.9488 27.6769 3.4
    endloop
  endfacet
  facet normal 0 0 -1
    outer loop
      vertex -43.3896 22.3014 3.4
      vertex -43.2129 27.6986 3.4
      vertex -43.1247 22.3058 3.4
    endloop
  endfacet
  facet normal 0 0 -1
    outer loop
      vertex -43.3896 22.3014 3.4
      vertex -43.4779 27.6942 3.4
      vertex -43.2129 27.6986 3.4
    endloop
  endfacet
  facet normal 0 0 -1
    outer loop
      vertex -43.6537 22.3231 3.4
      vertex -43.4779 27.6942 3.4
      vertex -43.3896 22.3014 3.4
    endloop
  endfacet
  facet normal 0 0 -1
    outer loop
      vertex -43.6537 22.3231 3.4
      vertex -43.7411 27.6639 3.4
      vertex -43.4779 27.6942 3.4
    endloop
  endfacet
  facet normal 0 0 -1
    outer loop
      vertex -43.9144 22.3705 3.4
      vertex -43.7411 27.6639 3.4
      vertex -43.6537 22.3231 3.4
    endloop
  endfacet
  facet normal 0 0 -1
    outer loop
      vertex -43.9144 22.3705 3.4
      vertex -44.0001 27.608 3.4
      vertex -43.7411 27.6639 3.4
    endloop
  endfacet
  facet normal 0 0 -1
    outer loop
      vertex -44.1692 22.4433 3.4
      vertex -44.0001 27.608 3.4
      vertex -43.9144 22.3705 3.4
    endloop
  endfacet
  facet normal 0 0 -1
    outer loop
      vertex -44.1692 22.4433 3.4
      vertex -44.2523 27.5269 3.4
      vertex -44.0001 27.608 3.4
    endloop
  endfacet
  facet normal 0 0 -1
    outer loop
      vertex -44.4156 22.5407 3.4
      vertex -44.2523 27.5269 3.4
      vertex -44.1692 22.4433 3.4
    endloop
  endfacet
  facet normal 0 0 -1
    outer loop
      vertex -44.4156 22.5407 3.4
      vertex -44.4954 27.4216 3.4
      vertex -44.2523 27.5269 3.4
    endloop
  endfacet
  facet normal 0 0 -1
    outer loop
      vertex -44.6513 22.6617 3.4
      vertex -44.4954 27.4216 3.4
      vertex -44.4156 22.5407 3.4
    endloop
  endfacet
  facet normal 0 0 -1
    outer loop
      vertex -44.6513 22.6617 3.4
      vertex -44.7271 27.2928 3.4
      vertex -44.4954 27.4216 3.4
    endloop
  endfacet
  facet normal 0 0 -1
    outer loop
      vertex -44.874 22.8053 3.4
      vertex -44.7271 27.2928 3.4
      vertex -44.6513 22.6617 3.4
    endloop
  endfacet
  facet normal 0 0 -1
    outer loop
      vertex -44.874 22.8053 3.4
      vertex -44.9449 27.1421 3.4
      vertex -44.7271 27.2928 3.4
    endloop
  endfacet
  facet normal 0 0 -1
    outer loop
      vertex -45.0815 22.97 3.4
      vertex -44.9449 27.1421 3.4
      vertex -44.874 22.8053 3.4
    endloop
  endfacet
  facet normal 0 0 -1
    outer loop
      vertex -45.0815 22.97 3.4
      vertex -45.147 26.9706 3.4
      vertex -44.9449 27.1421 3.4
    endloop
  endfacet
  facet normal 0 0 -1
    outer loop
      vertex -45.2719 23.1543 3.4
      vertex -45.147 26.9706 3.4
      vertex -45.0815 22.97 3.4
    endloop
  endfacet
  facet normal 0 0 -1
    outer loop
      vertex -45.2719 23.1543 3.4
      vertex -45.3312 26.7802 3.4
      vertex -45.147 26.9706 3.4
    endloop
  endfacet
  facet normal 0 0 -1
    outer loop
      vertex -45.4433 23.3563 3.4
      vertex -45.3312 26.7802 3.4
      vertex -45.2719 23.1543 3.4
    endloop
  endfacet
  facet normal 0 0 -1
    outer loop
      vertex -45.4433 23.3563 3.4
      vertex -45.496 26.5727 3.4
      vertex -45.3312 26.7802 3.4
    endloop
  endfacet
  facet normal 0 0 -1
    outer loop
      vertex -45.5941 23.5742 3.4
      vertex -45.496 26.5727 3.4
      vertex -45.4433 23.3563 3.4
    endloop
  endfacet
  facet normal 0 0 -1
    outer loop
      vertex -45.5941 23.5742 3.4
      vertex -45.6395 26.35 3.4
      vertex -45.496 26.5727 3.4
    endloop
  endfacet
  facet normal 0 0 -1
    outer loop
      vertex -45.7228 23.8058 3.4
      vertex -45.6395 26.35 3.4
      vertex -45.5941 23.5742 3.4
    endloop
  endfacet
  facet normal 0 0 -1
    outer loop
      vertex -45.7228 23.8058 3.4
      vertex -45.7606 26.1143 3.4
      vertex -45.6395 26.35 3.4
    endloop
  endfacet
  facet normal 0 0 -1
    outer loop
      vertex -45.8282 24.0489 3.4
      vertex -45.7606 26.1143 3.4
      vertex -45.7228 23.8058 3.4
    endloop
  endfacet
  facet normal 0 0 -1
    outer loop
      vertex -45.8282 24.0489 3.4
      vertex -45.858 25.8679 3.4
      vertex -45.7606 26.1143 3.4
    endloop
  endfacet
  facet normal 0 0 -1
    outer loop
      vertex -45.9093 24.3012 3.4
      vertex -45.858 25.8679 3.4
      vertex -45.8282 24.0489 3.4
    endloop
  endfacet
  facet normal 0 0 -1
    outer loop
      vertex -45.9093 24.3012 3.4
      vertex -45.9307 25.6131 3.4
      vertex -45.858 25.8679 3.4
    endloop
  endfacet
  facet normal 0 0 -1
    outer loop
      vertex -45.9652 24.5602 3.4
      vertex -45.9307 25.6131 3.4
      vertex -45.9093 24.3012 3.4
    endloop
  endfacet
  facet normal 0 0 -1
    outer loop
      vertex -45.9652 24.5602 3.4
      vertex -45.9782 25.3524 3.4
      vertex -45.9307 25.6131 3.4
    endloop
  endfacet
  facet normal 0 0 -1
    outer loop
      vertex -45.9955 24.8234 3.4
      vertex -45.9782 25.3524 3.4
      vertex -45.9652 24.5602 3.4
    endloop
  endfacet
  facet normal 0 0 -1
    outer loop
      vertex -45.9782 25.3524 3.4
      vertex -45.9955 24.8234 3.4
      vertex -45.9998 25.0883 3.4
    endloop
  endfacet
  facet normal 0.999868 0.0162304 0
    outer loop
      vertex -45.9955 24.8234 3.4
      vertex -45.9998 25.0883 0
      vertex -45.9998 25.0883 3.4
    endloop
  endfacet
  facet normal 0.999868 0.0162304 0
    outer loop
      vertex -45.9998 25.0883 0
      vertex -45.9955 24.8234 3.4
      vertex -45.9955 24.8234 0
    endloop
  endfacet
  facet normal 0.541921 0.84043 -0
    outer loop
      vertex -44.6513 22.6617 0
      vertex -44.874 22.8053 3.4
      vertex -44.6513 22.6617 3.4
    endloop
  endfacet
  facet normal 0.541921 0.84043 0
    outer loop
      vertex -44.874 22.8053 3.4
      vertex -44.6513 22.6617 0
      vertex -44.874 22.8053 0
    endloop
  endfacet
  facet normal 0.274721 0.961524 -0
    outer loop
      vertex -43.9144 22.3705 0
      vertex -44.1692 22.4433 3.4
      vertex -43.9144 22.3705 3.4
    endloop
  endfacet
  facet normal 0.274721 0.961524 0
    outer loop
      vertex -44.1692 22.4433 3.4
      vertex -43.9144 22.3705 0
      vertex -44.1692 22.4433 0
    endloop
  endfacet
  facet normal 0.367613 0.929979 -0
    outer loop
      vertex -44.1692 22.4433 0
      vertex -44.4156 22.5407 3.4
      vertex -44.1692 22.4433 3.4
    endloop
  endfacet
  facet normal 0.367613 0.929979 0
    outer loop
      vertex -44.4156 22.5407 3.4
      vertex -44.1692 22.4433 0
      vertex -44.4156 22.5407 0
    endloop
  endfacet
  facet normal 0.0818899 0.996641 -0
    outer loop
      vertex -43.3896 22.3014 0
      vertex -43.6537 22.3231 3.4
      vertex -43.3896 22.3014 3.4
    endloop
  endfacet
  facet normal 0.0818899 0.996641 0
    outer loop
      vertex -43.6537 22.3231 3.4
      vertex -43.3896 22.3014 0
      vertex -43.6537 22.3231 0
    endloop
  endfacet
  facet normal -0.0166078 0.999862 0
    outer loop
      vertex -43.1247 22.3058 0
      vertex -43.3896 22.3014 3.4
      vertex -43.1247 22.3058 3.4
    endloop
  endfacet
  facet normal -0.0166078 0.999862 0
    outer loop
      vertex -43.3896 22.3014 3.4
      vertex -43.1247 22.3058 0
      vertex -43.3896 22.3014 0
    endloop
  endfacet
  facet normal -0.783257 0.621698 0
    outer loop
      vertex -41.2713 23.2198 0
      vertex -41.1066 23.4273 3.4
      vertex -41.1066 23.4273 0
    endloop
  endfacet
  facet normal -0.783257 0.621698 0
    outer loop
      vertex -41.1066 23.4273 3.4
      vertex -41.2713 23.2198 0
      vertex -41.2713 23.2198 3.4
    endloop
  endfacet
  facet normal -0.64721 0.762312 0
    outer loop
      vertex -41.4556 23.0294 0
      vertex -41.6576 22.8579 3.4
      vertex -41.4556 23.0294 3.4
    endloop
  endfacet
  facet normal -0.64721 0.762312 0
    outer loop
      vertex -41.6576 22.8579 3.4
      vertex -41.4556 23.0294 0
      vertex -41.6576 22.8579 0
    endloop
  endfacet
  facet normal -0.718523 0.695503 0
    outer loop
      vertex -41.4556 23.0294 0
      vertex -41.2713 23.2198 3.4
      vertex -41.2713 23.2198 0
    endloop
  endfacet
  facet normal -0.718523 0.695503 0
    outer loop
      vertex -41.2713 23.2198 3.4
      vertex -41.4556 23.0294 0
      vertex -41.4556 23.0294 3.4
    endloop
  endfacet
  facet normal -0.39747 0.917615 0
    outer loop
      vertex -42.1071 22.5784 0
      vertex -42.3502 22.4731 3.4
      vertex -42.1071 22.5784 3.4
    endloop
  endfacet
  facet normal -0.39747 0.917615 0
    outer loop
      vertex -42.3502 22.4731 3.4
      vertex -42.1071 22.5784 0
      vertex -42.3502 22.4731 0
    endloop
  endfacet
  facet normal -0.306021 0.952025 0
    outer loop
      vertex -42.3502 22.4731 0
      vertex -42.6025 22.392 3.4
      vertex -42.3502 22.4731 3.4
    endloop
  endfacet
  facet normal -0.306021 0.952025 0
    outer loop
      vertex -42.6025 22.392 3.4
      vertex -42.3502 22.4731 0
      vertex -42.6025 22.392 0
    endloop
  endfacet
  facet normal -0.486027 0.873944 0
    outer loop
      vertex -41.8755 22.7072 0
      vertex -42.1071 22.5784 3.4
      vertex -41.8755 22.7072 3.4
    endloop
  endfacet
  facet normal -0.486027 0.873944 0
    outer loop
      vertex -42.1071 22.5784 3.4
      vertex -41.8755 22.7072 0
      vertex -42.1071 22.5784 0
    endloop
  endfacet
  facet normal -0.210972 0.977492 0
    outer loop
      vertex -42.6025 22.392 0
      vertex -42.8615 22.3361 3.4
      vertex -42.6025 22.392 3.4
    endloop
  endfacet
  facet normal -0.210972 0.977492 0
    outer loop
      vertex -42.8615 22.3361 3.4
      vertex -42.6025 22.392 0
      vertex -42.8615 22.3361 0
    endloop
  endfacet
  facet normal 0.568994 -0.822342 0
    outer loop
      vertex -44.9449 27.1421 0
      vertex -44.7271 27.2928 3.4
      vertex -44.9449 27.1421 3.4
    endloop
  endfacet
  facet normal 0.568994 -0.822342 0
    outer loop
      vertex -44.7271 27.2928 3.4
      vertex -44.9449 27.1421 0
      vertex -44.7271 27.2928 0
    endloop
  endfacet
  facet normal 0.39747 -0.917615 0
    outer loop
      vertex -44.4954 27.4216 0
      vertex -44.2523 27.5269 3.4
      vertex -44.4954 27.4216 3.4
    endloop
  endfacet
  facet normal 0.39747 -0.917615 0
    outer loop
      vertex -44.2523 27.5269 3.4
      vertex -44.4954 27.4216 0
      vertex -44.2523 27.5269 0
    endloop
  endfacet
  facet normal 0.210972 -0.977492 0
    outer loop
      vertex -44.0001 27.608 0
      vertex -43.7411 27.6639 3.4
      vertex -44.0001 27.608 3.4
    endloop
  endfacet
  facet normal 0.210972 -0.977492 0
    outer loop
      vertex -43.7411 27.6639 3.4
      vertex -44.0001 27.608 0
      vertex -43.7411 27.6639 0
    endloop
  endfacet
  facet normal 0.0166015 -0.999862 0
    outer loop
      vertex -43.4779 27.6942 0
      vertex -43.2129 27.6986 3.4
      vertex -43.4779 27.6942 3.4
    endloop
  endfacet
  facet normal 0.0166015 -0.999862 0
    outer loop
      vertex -43.2129 27.6986 3.4
      vertex -43.4779 27.6942 0
      vertex -43.2129 27.6986 0
    endloop
  endfacet
  facet normal -0.178952 -0.983858 0
    outer loop
      vertex -42.9488 27.6769 0
      vertex -42.6882 27.6295 3.4
      vertex -42.9488 27.6769 3.4
    endloop
  endfacet
  facet normal -0.178952 -0.983858 -0
    outer loop
      vertex -42.6882 27.6295 3.4
      vertex -42.9488 27.6769 0
      vertex -42.6882 27.6295 0
    endloop
  endfacet
  facet normal -0.367613 -0.929979 0
    outer loop
      vertex -42.4334 27.5567 0
      vertex -42.187 27.4593 3.4
      vertex -42.4334 27.5567 3.4
    endloop
  endfacet
  facet normal -0.367613 -0.929979 -0
    outer loop
      vertex -42.187 27.4593 3.4
      vertex -42.4334 27.5567 0
      vertex -42.187 27.4593 0
    endloop
  endfacet
  facet normal -0.889468 0.456998 0
    outer loop
      vertex -40.963 23.65 0
      vertex -40.8419 23.8857 3.4
      vertex -40.8419 23.8857 0
    endloop
  endfacet
  facet normal -0.889468 0.456998 0
    outer loop
      vertex -40.8419 23.8857 3.4
      vertex -40.963 23.65 0
      vertex -40.963 23.65 3.4
    endloop
  endfacet
  facet normal -0.999862 -0.0166078 0
    outer loop
      vertex -40.6027 24.9117 0
      vertex -40.6071 25.1766 3.4
      vertex -40.6071 25.1766 0
    endloop
  endfacet
  facet normal -0.999862 -0.0166078 0
    outer loop
      vertex -40.6071 25.1766 3.4
      vertex -40.6027 24.9117 0
      vertex -40.6027 24.9117 3.4
    endloop
  endfacet
  facet normal -0.822287 -0.569073 0
    outer loop
      vertex -41.0084 26.4258 0
      vertex -41.1592 26.6437 3.4
      vertex -41.1592 26.6437 0
    endloop
  endfacet
  facet normal -0.822287 -0.569073 0
    outer loop
      vertex -41.1592 26.6437 3.4
      vertex -41.0084 26.4258 0
      vertex -41.0084 26.4258 3.4
    endloop
  endfacet
  facet normal -0.695503 -0.718523 0
    outer loop
      vertex -41.521 27.03 0
      vertex -41.3306 26.8457 3.4
      vertex -41.521 27.03 3.4
    endloop
  endfacet
  facet normal -0.695503 -0.718523 -0
    outer loop
      vertex -41.3306 26.8457 3.4
      vertex -41.521 27.03 0
      vertex -41.3306 26.8457 0
    endloop
  endfacet
  facet normal -0.917478 -0.397787 0
    outer loop
      vertex -40.7743 25.9511 0
      vertex -40.8797 26.1942 3.4
      vertex -40.8797 26.1942 0
    endloop
  endfacet
  facet normal -0.917478 -0.397787 0
    outer loop
      vertex -40.8797 26.1942 3.4
      vertex -40.7743 25.9511 0
      vertex -40.7743 25.9511 3.4
    endloop
  endfacet
  facet normal -0.977414 -0.211333 0
    outer loop
      vertex -40.6373 25.4398 0
      vertex -40.6933 25.6988 3.4
      vertex -40.6933 25.6988 0
    endloop
  endfacet
  facet normal -0.977414 -0.211333 0
    outer loop
      vertex -40.6933 25.6988 3.4
      vertex -40.6373 25.4398 0
      vertex -40.6373 25.4398 3.4
    endloop
  endfacet
  facet normal 0.929979 -0.367613 0
    outer loop
      vertex -45.858 25.8679 3.4
      vertex -45.7606 26.1143 0
      vertex -45.7606 26.1143 3.4
    endloop
  endfacet
  facet normal 0.929979 -0.367613 0
    outer loop
      vertex -45.7606 26.1143 0
      vertex -45.858 25.8679 3.4
      vertex -45.858 25.8679 0
    endloop
  endfacet
  facet normal 0.961624 -0.274372 0
    outer loop
      vertex -45.9307 25.6131 3.4
      vertex -45.858 25.8679 0
      vertex -45.858 25.8679 3.4
    endloop
  endfacet
  facet normal 0.961624 -0.274372 0
    outer loop
      vertex -45.858 25.8679 0
      vertex -45.9307 25.6131 3.4
      vertex -45.9307 25.6131 0
    endloop
  endfacet
  facet normal 0.621698 0.783257 -0
    outer loop
      vertex -44.874 22.8053 0
      vertex -45.0815 22.97 3.4
      vertex -44.874 22.8053 3.4
    endloop
  endfacet
  facet normal 0.621698 0.783257 0
    outer loop
      vertex -45.0815 22.97 3.4
      vertex -44.874 22.8053 0
      vertex -45.0815 22.97 0
    endloop
  endfacet
  facet normal 0.4567 0.889621 -0
    outer loop
      vertex -44.4156 22.5407 0
      vertex -44.6513 22.6617 3.4
      vertex -44.4156 22.5407 3.4
    endloop
  endfacet
  facet normal 0.4567 0.889621 0
    outer loop
      vertex -44.6513 22.6617 3.4
      vertex -44.4156 22.5407 0
      vertex -44.6513 22.6617 0
    endloop
  endfacet
  facet normal -0.999868 0.0162304 0
    outer loop
      vertex 45.9955 24.8234 0
      vertex 45.9998 25.0883 3.4
      vertex 45.9998 25.0883 0
    endloop
  endfacet
  facet normal -0.999868 0.0162304 0
    outer loop
      vertex 45.9998 25.0883 3.4
      vertex 45.9955 24.8234 0
      vertex 45.9955 24.8234 3.4
    endloop
  endfacet
  facet normal -0.762498 0.646991 0
    outer loop
      vertex 45.2719 23.1543 0
      vertex 45.4433 23.3563 3.4
      vertex 45.4433 23.3563 0
    endloop
  endfacet
  facet normal -0.762498 0.646991 0
    outer loop
      vertex 45.4433 23.3563 3.4
      vertex 45.2719 23.1543 0
      vertex 45.2719 23.1543 3.4
    endloop
  endfacet
  facet normal -0.0818899 0.996641 0
    outer loop
      vertex 43.6537 22.3231 0
      vertex 43.3896 22.3014 3.4
      vertex 43.6537 22.3231 3.4
    endloop
  endfacet
  facet normal -0.0818899 0.996641 0
    outer loop
      vertex 43.3896 22.3014 3.4
      vertex 43.6537 22.3231 0
      vertex 43.3896 22.3014 0
    endloop
  endfacet
  facet normal 0.64721 0.762312 -0
    outer loop
      vertex 41.6576 22.8579 0
      vertex 41.4556 23.0294 3.4
      vertex 41.6576 22.8579 3.4
    endloop
  endfacet
  facet normal 0.64721 0.762312 0
    outer loop
      vertex 41.4556 23.0294 3.4
      vertex 41.6576 22.8579 0
      vertex 41.4556 23.0294 0
    endloop
  endfacet
  facet normal -0.840602 -0.541654 0
    outer loop
      vertex 45.6395 26.35 0
      vertex 45.496 26.5727 3.4
      vertex 45.496 26.5727 0
    endloop
  endfacet
  facet normal -0.840602 -0.541654 0
    outer loop
      vertex 45.496 26.5727 3.4
      vertex 45.6395 26.35 0
      vertex 45.6395 26.35 3.4
    endloop
  endfacet
  facet normal -0.541921 0.84043 0
    outer loop
      vertex 44.874 22.8053 0
      vertex 44.6513 22.6617 3.4
      vertex 44.874 22.8053 3.4
    endloop
  endfacet
  facet normal -0.541921 0.84043 0
    outer loop
      vertex 44.6513 22.6617 3.4
      vertex 44.874 22.8053 0
      vertex 44.6513 22.6617 0
    endloop
  endfacet
  facet normal -0.874104 0.485739 0
    outer loop
      vertex 45.5941 23.5742 0
      vertex 45.7228 23.8058 3.4
      vertex 45.7228 23.8058 0
    endloop
  endfacet
  facet normal -0.874104 0.485739 0
    outer loop
      vertex 45.7228 23.8058 3.4
      vertex 45.5941 23.5742 0
      vertex 45.5941 23.5742 3.4
    endloop
  endfacet
  facet normal 0.39747 0.917615 -0
    outer loop
      vertex 42.3502 22.4731 0
      vertex 42.1071 22.5784 3.4
      vertex 42.3502 22.4731 3.4
    endloop
  endfacet
  facet normal 0.39747 0.917615 0
    outer loop
      vertex 42.1071 22.5784 3.4
      vertex 42.3502 22.4731 0
      vertex 42.1071 22.5784 0
    endloop
  endfacet
  facet normal -0.274721 0.961524 0
    outer loop
      vertex 44.1692 22.4433 0
      vertex 43.9144 22.3705 3.4
      vertex 44.1692 22.4433 3.4
    endloop
  endfacet
  facet normal -0.274721 0.961524 0
    outer loop
      vertex 43.9144 22.3705 3.4
      vertex 44.1692 22.4433 0
      vertex 43.9144 22.3705 0
    endloop
  endfacet
  facet normal -0.0166015 -0.999862 0
    outer loop
      vertex 43.2129 27.6986 0
      vertex 43.4779 27.6942 3.4
      vertex 43.2129 27.6986 3.4
    endloop
  endfacet
  facet normal -0.0166015 -0.999862 -0
    outer loop
      vertex 43.4779 27.6942 3.4
      vertex 43.2129 27.6986 0
      vertex 43.4779 27.6942 0
    endloop
  endfacet
  facet normal 0.917478 -0.397787 0
    outer loop
      vertex 40.7743 25.9511 3.4
      vertex 40.8797 26.1942 0
      vertex 40.8797 26.1942 3.4
    endloop
  endfacet
  facet normal 0.917478 -0.397787 0
    outer loop
      vertex 40.8797 26.1942 0
      vertex 40.7743 25.9511 3.4
      vertex 40.7743 25.9511 0
    endloop
  endfacet
  facet normal 0.999862 -0.0166078 0
    outer loop
      vertex 40.6027 24.9117 3.4
      vertex 40.6071 25.1766 0
      vertex 40.6071 25.1766 3.4
    endloop
  endfacet
  facet normal 0.999862 -0.0166078 0
    outer loop
      vertex 40.6071 25.1766 0
      vertex 40.6027 24.9117 3.4
      vertex 40.6027 24.9117 0
    endloop
  endfacet
  facet normal -0.929979 -0.367613 0
    outer loop
      vertex 45.858 25.8679 0
      vertex 45.7606 26.1143 3.4
      vertex 45.7606 26.1143 0
    endloop
  endfacet
  facet normal -0.929979 -0.367613 0
    outer loop
      vertex 45.7606 26.1143 3.4
      vertex 45.858 25.8679 0
      vertex 45.858 25.8679 3.4
    endloop
  endfacet
  facet normal -0.983803 -0.179251 0
    outer loop
      vertex 45.9782 25.3524 0
      vertex 45.9307 25.6131 3.4
      vertex 45.9307 25.6131 0
    endloop
  endfacet
  facet normal -0.983803 -0.179251 0
    outer loop
      vertex 45.9307 25.6131 3.4
      vertex 45.9782 25.3524 0
      vertex 45.9782 25.3524 3.4
    endloop
  endfacet
  facet normal -0.993439 0.114366 0
    outer loop
      vertex 45.9652 24.5602 0
      vertex 45.9955 24.8234 3.4
      vertex 45.9955 24.8234 0
    endloop
  endfacet
  facet normal -0.993439 0.114366 0
    outer loop
      vertex 45.9955 24.8234 3.4
      vertex 45.9652 24.5602 0
      vertex 45.9652 24.5602 3.4
    endloop
  endfacet
  facet normal -0.952025 0.306021 0
    outer loop
      vertex 45.8282 24.0489 0
      vertex 45.9093 24.3012 3.4
      vertex 45.9093 24.3012 0
    endloop
  endfacet
  facet normal -0.952025 0.306021 0
    outer loop
      vertex 45.9093 24.3012 3.4
      vertex 45.8282 24.0489 0
      vertex 45.8282 24.0489 3.4
    endloop
  endfacet
  facet normal -0.977492 0.210972 0
    outer loop
      vertex 45.9093 24.3012 0
      vertex 45.9652 24.5602 3.4
      vertex 45.9652 24.5602 0
    endloop
  endfacet
  facet normal -0.977492 0.210972 0
    outer loop
      vertex 45.9652 24.5602 3.4
      vertex 45.9093 24.3012 0
      vertex 45.9093 24.3012 3.4
    endloop
  endfacet
  facet normal -0.4567 0.889621 0
    outer loop
      vertex 44.6513 22.6617 0
      vertex 44.4156 22.5407 3.4
      vertex 44.6513 22.6617 3.4
    endloop
  endfacet
  facet normal -0.4567 0.889621 0
    outer loop
      vertex 44.4156 22.5407 3.4
      vertex 44.6513 22.6617 0
      vertex 44.4156 22.5407 0
    endloop
  endfacet
  facet normal -0.695503 0.718523 0
    outer loop
      vertex 45.2719 23.1543 0
      vertex 45.0815 22.97 3.4
      vertex 45.2719 23.1543 3.4
    endloop
  endfacet
  facet normal -0.695503 0.718523 0
    outer loop
      vertex 45.0815 22.97 3.4
      vertex 45.2719 23.1543 0
      vertex 45.0815 22.97 0
    endloop
  endfacet
  facet normal -0.621698 0.783257 0
    outer loop
      vertex 45.0815 22.97 0
      vertex 44.874 22.8053 3.4
      vertex 45.0815 22.97 3.4
    endloop
  endfacet
  facet normal -0.621698 0.783257 0
    outer loop
      vertex 44.874 22.8053 3.4
      vertex 45.0815 22.97 0
      vertex 44.874 22.8053 0
    endloop
  endfacet
  facet normal -0.822287 0.569073 0
    outer loop
      vertex 45.4433 23.3563 0
      vertex 45.5941 23.5742 3.4
      vertex 45.5941 23.5742 0
    endloop
  endfacet
  facet normal -0.822287 0.569073 0
    outer loop
      vertex 45.5941 23.5742 3.4
      vertex 45.4433 23.3563 0
      vertex 45.4433 23.3563 3.4
    endloop
  endfacet
  facet normal -0.917478 0.397787 0
    outer loop
      vertex 45.7228 23.8058 0
      vertex 45.8282 24.0489 3.4
      vertex 45.8282 24.0489 0
    endloop
  endfacet
  facet normal -0.917478 0.397787 0
    outer loop
      vertex 45.8282 24.0489 3.4
      vertex 45.7228 23.8058 0
      vertex 45.7228 23.8058 3.4
    endloop
  endfacet
  facet normal 0.889468 0.456998 0
    outer loop
      vertex 40.963 23.65 3.4
      vertex 40.8419 23.8857 0
      vertex 40.8419 23.8857 3.4
    endloop
  endfacet
  facet normal 0.889468 0.456998 0
    outer loop
      vertex 40.8419 23.8857 0
      vertex 40.963 23.65 3.4
      vertex 40.963 23.65 0
    endloop
  endfacet
  facet normal 0.718523 0.695503 0
    outer loop
      vertex 41.4556 23.0294 3.4
      vertex 41.2713 23.2198 0
      vertex 41.2713 23.2198 3.4
    endloop
  endfacet
  facet normal 0.718523 0.695503 0
    outer loop
      vertex 41.2713 23.2198 0
      vertex 41.4556 23.0294 3.4
      vertex 41.4556 23.0294 0
    endloop
  endfacet
  facet normal 0.783257 0.621698 0
    outer loop
      vertex 41.2713 23.2198 3.4
      vertex 41.1066 23.4273 0
      vertex 41.1066 23.4273 3.4
    endloop
  endfacet
  facet normal 0.783257 0.621698 0
    outer loop
      vertex 41.1066 23.4273 0
      vertex 41.2713 23.2198 3.4
      vertex 41.2713 23.2198 0
    endloop
  endfacet
  facet normal 0.568817 0.822464 -0
    outer loop
      vertex 41.8755 22.7072 0
      vertex 41.6576 22.8579 3.4
      vertex 41.8755 22.7072 3.4
    endloop
  endfacet
  facet normal 0.568817 0.822464 0
    outer loop
      vertex 41.6576 22.8579 3.4
      vertex 41.8755 22.7072 0
      vertex 41.6576 22.8579 0
    endloop
  endfacet
  facet normal 0.486027 0.873944 -0
    outer loop
      vertex 42.1071 22.5784 0
      vertex 41.8755 22.7072 3.4
      vertex 42.1071 22.5784 3.4
    endloop
  endfacet
  facet normal 0.486027 0.873944 0
    outer loop
      vertex 41.8755 22.7072 3.4
      vertex 42.1071 22.5784 0
      vertex 41.8755 22.7072 0
    endloop
  endfacet
  facet normal -0.178885 0.98387 0
    outer loop
      vertex 43.9144 22.3705 0
      vertex 43.6537 22.3231 3.4
      vertex 43.9144 22.3705 3.4
    endloop
  endfacet
  facet normal -0.178885 0.98387 0
    outer loop
      vertex 43.6537 22.3231 3.4
      vertex 43.9144 22.3705 0
      vertex 43.6537 22.3231 0
    endloop
  endfacet
  facet normal -0.367613 0.929979 0
    outer loop
      vertex 44.4156 22.5407 0
      vertex 44.1692 22.4433 3.4
      vertex 44.4156 22.5407 3.4
    endloop
  endfacet
  facet normal -0.367613 0.929979 0
    outer loop
      vertex 44.1692 22.4433 3.4
      vertex 44.4156 22.5407 0
      vertex 44.1692 22.4433 0
    endloop
  endfacet
  facet normal 0.114366 0.993439 -0
    outer loop
      vertex 43.1247 22.3058 0
      vertex 42.8615 22.3361 3.4
      vertex 43.1247 22.3058 3.4
    endloop
  endfacet
  facet normal 0.114366 0.993439 0
    outer loop
      vertex 42.8615 22.3361 3.4
      vertex 43.1247 22.3058 0
      vertex 42.8615 22.3361 0
    endloop
  endfacet
  facet normal 0.210972 0.977492 -0
    outer loop
      vertex 42.8615 22.3361 0
      vertex 42.6025 22.392 3.4
      vertex 42.8615 22.3361 3.4
    endloop
  endfacet
  facet normal 0.210972 0.977492 0
    outer loop
      vertex 42.6025 22.392 3.4
      vertex 42.8615 22.3361 0
      vertex 42.6025 22.392 0
    endloop
  endfacet
  facet normal 0.0166078 0.999862 -0
    outer loop
      vertex 43.3896 22.3014 0
      vertex 43.1247 22.3058 3.4
      vertex 43.3896 22.3014 3.4
    endloop
  endfacet
  facet normal 0.0166078 0.999862 0
    outer loop
      vertex 43.1247 22.3058 3.4
      vertex 43.3896 22.3014 0
      vertex 43.1247 22.3058 0
    endloop
  endfacet
  facet normal 0.306021 0.952025 -0
    outer loop
      vertex 42.6025 22.392 0
      vertex 42.3502 22.4731 3.4
      vertex 42.6025 22.392 3.4
    endloop
  endfacet
  facet normal 0.306021 0.952025 0
    outer loop
      vertex 42.3502 22.4731 3.4
      vertex 42.6025 22.392 0
      vertex 42.3502 22.4731 0
    endloop
  endfacet
  facet normal -0.889468 -0.456998 0
    outer loop
      vertex 45.7606 26.1143 0
      vertex 45.6395 26.35 3.4
      vertex 45.6395 26.35 0
    endloop
  endfacet
  facet normal -0.889468 -0.456998 0
    outer loop
      vertex 45.6395 26.35 3.4
      vertex 45.7606 26.1143 0
      vertex 45.7606 26.1143 3.4
    endloop
  endfacet
  facet normal -0.718712 -0.695308 0
    outer loop
      vertex 45.3312 26.7802 0
      vertex 45.147 26.9706 3.4
      vertex 45.147 26.9706 0
    endloop
  endfacet
  facet normal -0.718712 -0.695308 0
    outer loop
      vertex 45.147 26.9706 3.4
      vertex 45.3312 26.7802 0
      vertex 45.3312 26.7802 3.4
    endloop
  endfacet
  facet normal 0.930108 0.367287 0
    outer loop
      vertex 40.8419 23.8857 3.4
      vertex 40.7446 24.1321 0
      vertex 40.7446 24.1321 3.4
    endloop
  endfacet
  facet normal 0.930108 0.367287 0
    outer loop
      vertex 40.7446 24.1321 0
      vertex 40.8419 23.8857 3.4
      vertex 40.8419 23.8857 0
    endloop
  endfacet
  facet normal 0.977414 -0.211333 0
    outer loop
      vertex 40.6373 25.4398 3.4
      vertex 40.6933 25.6988 0
      vertex 40.6933 25.6988 3.4
    endloop
  endfacet
  facet normal 0.977414 -0.211333 0
    outer loop
      vertex 40.6933 25.6988 0
      vertex 40.6373 25.4398 3.4
      vertex 40.6373 25.4398 0
    endloop
  endfacet
  facet normal 0.367613 -0.929979 0
    outer loop
      vertex 42.187 27.4593 0
      vertex 42.4334 27.5567 3.4
      vertex 42.187 27.4593 3.4
    endloop
  endfacet
  facet normal 0.367613 -0.929979 0
    outer loop
      vertex 42.4334 27.5567 3.4
      vertex 42.187 27.4593 0
      vertex 42.4334 27.5567 0
    endloop
  endfacet
  facet normal -0.996672 -0.081515 0
    outer loop
      vertex 45.9998 25.0883 0
      vertex 45.9782 25.3524 3.4
      vertex 45.9782 25.3524 0
    endloop
  endfacet
  facet normal -0.996672 -0.081515 0
    outer loop
      vertex 45.9782 25.3524 3.4
      vertex 45.9998 25.0883 0
      vertex 45.9998 25.0883 3.4
    endloop
  endfacet
  facet normal -0.961624 -0.274372 0
    outer loop
      vertex 45.9307 25.6131 0
      vertex 45.858 25.8679 3.4
      vertex 45.858 25.8679 0
    endloop
  endfacet
  facet normal -0.961624 -0.274372 0
    outer loop
      vertex 45.858 25.8679 3.4
      vertex 45.9307 25.6131 0
      vertex 45.9307 25.6131 3.4
    endloop
  endfacet
  facet normal 0.84043 0.541921 0
    outer loop
      vertex 41.1066 23.4273 3.4
      vertex 40.963 23.65 0
      vertex 40.963 23.65 3.4
    endloop
  endfacet
  facet normal 0.84043 0.541921 0
    outer loop
      vertex 40.963 23.65 0
      vertex 41.1066 23.4273 3.4
      vertex 41.1066 23.4273 0
    endloop
  endfacet
  facet normal -0.783073 -0.62193 0
    outer loop
      vertex 45.496 26.5727 0
      vertex 45.3312 26.7802 3.4
      vertex 45.3312 26.7802 0
    endloop
  endfacet
  facet normal -0.783073 -0.62193 0
    outer loop
      vertex 45.3312 26.7802 3.4
      vertex 45.496 26.5727 0
      vertex 45.496 26.5727 3.4
    endloop
  endfacet
  facet normal -0.39747 -0.917615 0
    outer loop
      vertex 44.2523 27.5269 0
      vertex 44.4954 27.4216 3.4
      vertex 44.2523 27.5269 3.4
    endloop
  endfacet
  facet normal -0.39747 -0.917615 -0
    outer loop
      vertex 44.4954 27.4216 3.4
      vertex 44.2523 27.5269 0
      vertex 44.4954 27.4216 0
    endloop
  endfacet
  facet normal -0.568994 -0.822342 0
    outer loop
      vertex 44.7271 27.2928 0
      vertex 44.9449 27.1421 3.4
      vertex 44.7271 27.2928 3.4
    endloop
  endfacet
  facet normal -0.568994 -0.822342 -0
    outer loop
      vertex 44.9449 27.1421 3.4
      vertex 44.7271 27.2928 0
      vertex 44.9449 27.1421 0
    endloop
  endfacet
  facet normal -0.485867 -0.874033 0
    outer loop
      vertex 44.4954 27.4216 0
      vertex 44.7271 27.2928 3.4
      vertex 44.4954 27.4216 3.4
    endloop
  endfacet
  facet normal -0.485867 -0.874033 -0
    outer loop
      vertex 44.7271 27.2928 3.4
      vertex 44.4954 27.4216 0
      vertex 44.7271 27.2928 0
    endloop
  endfacet
  facet normal 0.541921 -0.84043 0
    outer loop
      vertex 41.7286 27.1947 0
      vertex 41.9513 27.3383 3.4
      vertex 41.7286 27.1947 3.4
    endloop
  endfacet
  facet normal 0.541921 -0.84043 0
    outer loop
      vertex 41.9513 27.3383 3.4
      vertex 41.7286 27.1947 0
      vertex 41.9513 27.3383 0
    endloop
  endfacet
  facet normal 0.98387 0.178885 0
    outer loop
      vertex 40.6718 24.3869 3.4
      vertex 40.6244 24.6476 0
      vertex 40.6244 24.6476 3.4
    endloop
  endfacet
  facet normal 0.98387 0.178885 0
    outer loop
      vertex 40.6244 24.6476 0
      vertex 40.6718 24.3869 3.4
      vertex 40.6718 24.3869 0
    endloop
  endfacet
  facet normal 0.961524 0.274721 0
    outer loop
      vertex 40.7446 24.1321 3.4
      vertex 40.6718 24.3869 0
      vertex 40.6718 24.3869 3.4
    endloop
  endfacet
  facet normal 0.961524 0.274721 0
    outer loop
      vertex 40.6718 24.3869 0
      vertex 40.7446 24.1321 3.4
      vertex 40.7446 24.1321 0
    endloop
  endfacet
  facet normal 0.952135 -0.305679 0
    outer loop
      vertex 40.6933 25.6988 3.4
      vertex 40.7743 25.9511 0
      vertex 40.7743 25.9511 3.4
    endloop
  endfacet
  facet normal 0.952135 -0.305679 0
    outer loop
      vertex 40.7743 25.9511 0
      vertex 40.6933 25.6988 3.4
      vertex 40.6933 25.6988 0
    endloop
  endfacet
  facet normal 0.274721 -0.961524 0
    outer loop
      vertex 42.4334 27.5567 0
      vertex 42.6882 27.6295 3.4
      vertex 42.4334 27.5567 3.4
    endloop
  endfacet
  facet normal 0.274721 -0.961524 0
    outer loop
      vertex 42.6882 27.6295 3.4
      vertex 42.4334 27.5567 0
      vertex 42.6882 27.6295 0
    endloop
  endfacet
  facet normal 0.0818899 -0.996641 0
    outer loop
      vertex 42.9488 27.6769 0
      vertex 43.2129 27.6986 3.4
      vertex 42.9488 27.6769 3.4
    endloop
  endfacet
  facet normal 0.0818899 -0.996641 0
    outer loop
      vertex 43.2129 27.6986 3.4
      vertex 42.9488 27.6769 0
      vertex 43.2129 27.6986 0
    endloop
  endfacet
  facet normal -0.210972 -0.977492 0
    outer loop
      vertex 43.7411 27.6639 0
      vertex 44.0001 27.608 3.4
      vertex 43.7411 27.6639 3.4
    endloop
  endfacet
  facet normal -0.210972 -0.977492 -0
    outer loop
      vertex 44.0001 27.608 3.4
      vertex 43.7411 27.6639 0
      vertex 44.0001 27.608 0
    endloop
  endfacet
  facet normal -0.647024 -0.76247 0
    outer loop
      vertex 44.9449 27.1421 0
      vertex 45.147 26.9706 3.4
      vertex 44.9449 27.1421 3.4
    endloop
  endfacet
  facet normal -0.647024 -0.76247 -0
    outer loop
      vertex 45.147 26.9706 3.4
      vertex 44.9449 27.1421 0
      vertex 45.147 26.9706 0
    endloop
  endfacet
  facet normal 0.4567 -0.889621 0
    outer loop
      vertex 41.9513 27.3383 0
      vertex 42.187 27.4593 3.4
      vertex 41.9513 27.3383 3.4
    endloop
  endfacet
  facet normal 0.4567 -0.889621 0
    outer loop
      vertex 42.187 27.4593 3.4
      vertex 41.9513 27.3383 0
      vertex 42.187 27.4593 0
    endloop
  endfacet
  facet normal 0.822287 -0.569073 0
    outer loop
      vertex 41.0084 26.4258 3.4
      vertex 41.1592 26.6437 0
      vertex 41.1592 26.6437 3.4
    endloop
  endfacet
  facet normal 0.822287 -0.569073 0
    outer loop
      vertex 41.1592 26.6437 0
      vertex 41.0084 26.4258 3.4
      vertex 41.0084 26.4258 0
    endloop
  endfacet
  facet normal 0.695503 -0.718523 0
    outer loop
      vertex 41.3306 26.8457 0
      vertex 41.521 27.03 3.4
      vertex 41.3306 26.8457 3.4
    endloop
  endfacet
  facet normal 0.695503 -0.718523 0
    outer loop
      vertex 41.521 27.03 3.4
      vertex 41.3306 26.8457 0
      vertex 41.521 27.03 0
    endloop
  endfacet
  facet normal 0.996641 0.0818899 0
    outer loop
      vertex 40.6244 24.6476 3.4
      vertex 40.6027 24.9117 0
      vertex 40.6027 24.9117 3.4
    endloop
  endfacet
  facet normal 0.996641 0.0818899 0
    outer loop
      vertex 40.6027 24.9117 0
      vertex 40.6244 24.6476 3.4
      vertex 40.6244 24.6476 0
    endloop
  endfacet
  facet normal 0 0 -1
    outer loop
      vertex 45.9955 24.8234 3.4
      vertex 45.9782 25.3524 3.4
      vertex 45.9998 25.0883 3.4
    endloop
  endfacet
  facet normal 0 0 -1
    outer loop
      vertex 45.9652 24.5602 3.4
      vertex 45.9782 25.3524 3.4
      vertex 45.9955 24.8234 3.4
    endloop
  endfacet
  facet normal 0 0 -1
    outer loop
      vertex 45.9652 24.5602 3.4
      vertex 45.9307 25.6131 3.4
      vertex 45.9782 25.3524 3.4
    endloop
  endfacet
  facet normal 0 0 -1
    outer loop
      vertex 45.9093 24.3012 3.4
      vertex 45.9307 25.6131 3.4
      vertex 45.9652 24.5602 3.4
    endloop
  endfacet
  facet normal 0 0 -1
    outer loop
      vertex 45.9093 24.3012 3.4
      vertex 45.858 25.8679 3.4
      vertex 45.9307 25.6131 3.4
    endloop
  endfacet
  facet normal 0 0 -1
    outer loop
      vertex 45.8282 24.0489 3.4
      vertex 45.858 25.8679 3.4
      vertex 45.9093 24.3012 3.4
    endloop
  endfacet
  facet normal 0 0 -1
    outer loop
      vertex 45.8282 24.0489 3.4
      vertex 45.7606 26.1143 3.4
      vertex 45.858 25.8679 3.4
    endloop
  endfacet
  facet normal 0 0 -1
    outer loop
      vertex 45.7228 23.8058 3.4
      vertex 45.7606 26.1143 3.4
      vertex 45.8282 24.0489 3.4
    endloop
  endfacet
  facet normal 0 0 -1
    outer loop
      vertex 45.7228 23.8058 3.4
      vertex 45.6395 26.35 3.4
      vertex 45.7606 26.1143 3.4
    endloop
  endfacet
  facet normal 0 0 -1
    outer loop
      vertex 45.5941 23.5742 3.4
      vertex 45.6395 26.35 3.4
      vertex 45.7228 23.8058 3.4
    endloop
  endfacet
  facet normal 0 0 -1
    outer loop
      vertex 45.5941 23.5742 3.4
      vertex 45.496 26.5727 3.4
      vertex 45.6395 26.35 3.4
    endloop
  endfacet
  facet normal 0 0 -1
    outer loop
      vertex 45.4433 23.3563 3.4
      vertex 45.496 26.5727 3.4
      vertex 45.5941 23.5742 3.4
    endloop
  endfacet
  facet normal 0 0 -1
    outer loop
      vertex 45.4433 23.3563 3.4
      vertex 45.3312 26.7802 3.4
      vertex 45.496 26.5727 3.4
    endloop
  endfacet
  facet normal 0 0 -1
    outer loop
      vertex 45.2719 23.1543 3.4
      vertex 45.3312 26.7802 3.4
      vertex 45.4433 23.3563 3.4
    endloop
  endfacet
  facet normal 0 0 -1
    outer loop
      vertex 45.2719 23.1543 3.4
      vertex 45.147 26.9706 3.4
      vertex 45.3312 26.7802 3.4
    endloop
  endfacet
  facet normal 0 0 -1
    outer loop
      vertex 45.0815 22.97 3.4
      vertex 45.147 26.9706 3.4
      vertex 45.2719 23.1543 3.4
    endloop
  endfacet
  facet normal 0 0 -1
    outer loop
      vertex 45.0815 22.97 3.4
      vertex 44.9449 27.1421 3.4
      vertex 45.147 26.9706 3.4
    endloop
  endfacet
  facet normal 0 0 -1
    outer loop
      vertex 44.874 22.8053 3.4
      vertex 44.9449 27.1421 3.4
      vertex 45.0815 22.97 3.4
    endloop
  endfacet
  facet normal 0 0 -1
    outer loop
      vertex 44.874 22.8053 3.4
      vertex 44.7271 27.2928 3.4
      vertex 44.9449 27.1421 3.4
    endloop
  endfacet
  facet normal 0 0 -1
    outer loop
      vertex 44.6513 22.6617 3.4
      vertex 44.7271 27.2928 3.4
      vertex 44.874 22.8053 3.4
    endloop
  endfacet
  facet normal 0 0 -1
    outer loop
      vertex 44.6513 22.6617 3.4
      vertex 44.4954 27.4216 3.4
      vertex 44.7271 27.2928 3.4
    endloop
  endfacet
  facet normal 0 0 -1
    outer loop
      vertex 44.4156 22.5407 3.4
      vertex 44.4954 27.4216 3.4
      vertex 44.6513 22.6617 3.4
    endloop
  endfacet
  facet normal 0 0 -1
    outer loop
      vertex 44.4156 22.5407 3.4
      vertex 44.2523 27.5269 3.4
      vertex 44.4954 27.4216 3.4
    endloop
  endfacet
  facet normal 0 0 -1
    outer loop
      vertex 44.1692 22.4433 3.4
      vertex 44.2523 27.5269 3.4
      vertex 44.4156 22.5407 3.4
    endloop
  endfacet
  facet normal 0 0 -1
    outer loop
      vertex 44.1692 22.4433 3.4
      vertex 44.0001 27.608 3.4
      vertex 44.2523 27.5269 3.4
    endloop
  endfacet
  facet normal 0 0 -1
    outer loop
      vertex 43.9144 22.3705 3.4
      vertex 44.0001 27.608 3.4
      vertex 44.1692 22.4433 3.4
    endloop
  endfacet
  facet normal 0 0 -1
    outer loop
      vertex 43.9144 22.3705 3.4
      vertex 43.7411 27.6639 3.4
      vertex 44.0001 27.608 3.4
    endloop
  endfacet
  facet normal 0 0 -1
    outer loop
      vertex 43.6537 22.3231 3.4
      vertex 43.7411 27.6639 3.4
      vertex 43.9144 22.3705 3.4
    endloop
  endfacet
  facet normal 0 0 -1
    outer loop
      vertex 43.6537 22.3231 3.4
      vertex 43.4779 27.6942 3.4
      vertex 43.7411 27.6639 3.4
    endloop
  endfacet
  facet normal 0 0 -1
    outer loop
      vertex 43.3896 22.3014 3.4
      vertex 43.4779 27.6942 3.4
      vertex 43.6537 22.3231 3.4
    endloop
  endfacet
  facet normal 0 0 -1
    outer loop
      vertex 43.3896 22.3014 3.4
      vertex 43.2129 27.6986 3.4
      vertex 43.4779 27.6942 3.4
    endloop
  endfacet
  facet normal 0 0 -1
    outer loop
      vertex 43.1247 22.3058 3.4
      vertex 43.2129 27.6986 3.4
      vertex 43.3896 22.3014 3.4
    endloop
  endfacet
  facet normal 0 0 -1
    outer loop
      vertex 43.1247 22.3058 3.4
      vertex 42.9488 27.6769 3.4
      vertex 43.2129 27.6986 3.4
    endloop
  endfacet
  facet normal 0 0 -1
    outer loop
      vertex 42.8615 22.3361 3.4
      vertex 42.9488 27.6769 3.4
      vertex 43.1247 22.3058 3.4
    endloop
  endfacet
  facet normal 0 0 -1
    outer loop
      vertex 42.8615 22.3361 3.4
      vertex 42.6882 27.6295 3.4
      vertex 42.9488 27.6769 3.4
    endloop
  endfacet
  facet normal 0 0 -1
    outer loop
      vertex 42.6025 22.392 3.4
      vertex 42.6882 27.6295 3.4
      vertex 42.8615 22.3361 3.4
    endloop
  endfacet
  facet normal 0 0 -1
    outer loop
      vertex 42.6025 22.392 3.4
      vertex 42.4334 27.5567 3.4
      vertex 42.6882 27.6295 3.4
    endloop
  endfacet
  facet normal 0 0 -1
    outer loop
      vertex 42.3502 22.4731 3.4
      vertex 42.4334 27.5567 3.4
      vertex 42.6025 22.392 3.4
    endloop
  endfacet
  facet normal 0 0 -1
    outer loop
      vertex 42.3502 22.4731 3.4
      vertex 42.187 27.4593 3.4
      vertex 42.4334 27.5567 3.4
    endloop
  endfacet
  facet normal 0 0 -1
    outer loop
      vertex 42.1071 22.5784 3.4
      vertex 42.187 27.4593 3.4
      vertex 42.3502 22.4731 3.4
    endloop
  endfacet
  facet normal 0 0 -1
    outer loop
      vertex 42.1071 22.5784 3.4
      vertex 41.9513 27.3383 3.4
      vertex 42.187 27.4593 3.4
    endloop
  endfacet
  facet normal 0 0 -1
    outer loop
      vertex 41.8755 22.7072 3.4
      vertex 41.9513 27.3383 3.4
      vertex 42.1071 22.5784 3.4
    endloop
  endfacet
  facet normal 0 0 -1
    outer loop
      vertex 41.8755 22.7072 3.4
      vertex 41.7286 27.1947 3.4
      vertex 41.9513 27.3383 3.4
    endloop
  endfacet
  facet normal 0 0 -1
    outer loop
      vertex 41.6576 22.8579 3.4
      vertex 41.7286 27.1947 3.4
      vertex 41.8755 22.7072 3.4
    endloop
  endfacet
  facet normal 0 0 -1
    outer loop
      vertex 41.6576 22.8579 3.4
      vertex 41.521 27.03 3.4
      vertex 41.7286 27.1947 3.4
    endloop
  endfacet
  facet normal 0 0 -1
    outer loop
      vertex 41.4556 23.0294 3.4
      vertex 41.521 27.03 3.4
      vertex 41.6576 22.8579 3.4
    endloop
  endfacet
  facet normal 0 0 -1
    outer loop
      vertex 41.4556 23.0294 3.4
      vertex 41.3306 26.8457 3.4
      vertex 41.521 27.03 3.4
    endloop
  endfacet
  facet normal 0 0 -1
    outer loop
      vertex 41.2713 23.2198 3.4
      vertex 41.3306 26.8457 3.4
      vertex 41.4556 23.0294 3.4
    endloop
  endfacet
  facet normal 0 0 -1
    outer loop
      vertex 41.2713 23.2198 3.4
      vertex 41.1592 26.6437 3.4
      vertex 41.3306 26.8457 3.4
    endloop
  endfacet
  facet normal 0 0 -1
    outer loop
      vertex 41.1066 23.4273 3.4
      vertex 41.1592 26.6437 3.4
      vertex 41.2713 23.2198 3.4
    endloop
  endfacet
  facet normal 0 0 -1
    outer loop
      vertex 41.1066 23.4273 3.4
      vertex 41.0084 26.4258 3.4
      vertex 41.1592 26.6437 3.4
    endloop
  endfacet
  facet normal 0 0 -1
    outer loop
      vertex 40.963 23.65 3.4
      vertex 41.0084 26.4258 3.4
      vertex 41.1066 23.4273 3.4
    endloop
  endfacet
  facet normal 0 0 -1
    outer loop
      vertex 40.963 23.65 3.4
      vertex 40.8797 26.1942 3.4
      vertex 41.0084 26.4258 3.4
    endloop
  endfacet
  facet normal 0 0 -1
    outer loop
      vertex 40.8419 23.8857 3.4
      vertex 40.8797 26.1942 3.4
      vertex 40.963 23.65 3.4
    endloop
  endfacet
  facet normal 0 0 -1
    outer loop
      vertex 40.8419 23.8857 3.4
      vertex 40.7743 25.9511 3.4
      vertex 40.8797 26.1942 3.4
    endloop
  endfacet
  facet normal 0 0 -1
    outer loop
      vertex 40.7446 24.1321 3.4
      vertex 40.7743 25.9511 3.4
      vertex 40.8419 23.8857 3.4
    endloop
  endfacet
  facet normal 0 0 -1
    outer loop
      vertex 40.7446 24.1321 3.4
      vertex 40.6933 25.6988 3.4
      vertex 40.7743 25.9511 3.4
    endloop
  endfacet
  facet normal 0 0 -1
    outer loop
      vertex 40.6718 24.3869 3.4
      vertex 40.6933 25.6988 3.4
      vertex 40.7446 24.1321 3.4
    endloop
  endfacet
  facet normal 0 0 -1
    outer loop
      vertex 40.6718 24.3869 3.4
      vertex 40.6373 25.4398 3.4
      vertex 40.6933 25.6988 3.4
    endloop
  endfacet
  facet normal 0 0 -1
    outer loop
      vertex 40.6244 24.6476 3.4
      vertex 40.6373 25.4398 3.4
      vertex 40.6718 24.3869 3.4
    endloop
  endfacet
  facet normal 0 0 -1
    outer loop
      vertex 40.6244 24.6476 3.4
      vertex 40.6071 25.1766 3.4
      vertex 40.6373 25.4398 3.4
    endloop
  endfacet
  facet normal 0 -0 -1
    outer loop
      vertex 40.6071 25.1766 3.4
      vertex 40.6244 24.6476 3.4
      vertex 40.6027 24.9117 3.4
    endloop
  endfacet
  facet normal 0.993481 -0.113994 0
    outer loop
      vertex 40.6071 25.1766 3.4
      vertex 40.6373 25.4398 0
      vertex 40.6373 25.4398 3.4
    endloop
  endfacet
  facet normal 0.993481 -0.113994 0
    outer loop
      vertex 40.6373 25.4398 0
      vertex 40.6071 25.1766 3.4
      vertex 40.6071 25.1766 0
    endloop
  endfacet
  facet normal -0.306131 -0.951989 0
    outer loop
      vertex 44.0001 27.608 0
      vertex 44.2523 27.5269 3.4
      vertex 44.0001 27.608 3.4
    endloop
  endfacet
  facet normal -0.306131 -0.951989 -0
    outer loop
      vertex 44.2523 27.5269 3.4
      vertex 44.0001 27.608 0
      vertex 44.2523 27.5269 0
    endloop
  endfacet
  facet normal -0.114366 -0.993439 0
    outer loop
      vertex 43.4779 27.6942 0
      vertex 43.7411 27.6639 3.4
      vertex 43.4779 27.6942 3.4
    endloop
  endfacet
  facet normal -0.114366 -0.993439 -0
    outer loop
      vertex 43.7411 27.6639 3.4
      vertex 43.4779 27.6942 0
      vertex 43.7411 27.6639 0
    endloop
  endfacet
  facet normal 0.874104 -0.485739 0
    outer loop
      vertex 40.8797 26.1942 3.4
      vertex 41.0084 26.4258 0
      vertex 41.0084 26.4258 3.4
    endloop
  endfacet
  facet normal 0.874104 -0.485739 0
    outer loop
      vertex 41.0084 26.4258 0
      vertex 40.8797 26.1942 3.4
      vertex 40.8797 26.1942 0
    endloop
  endfacet
  facet normal 0.762498 -0.646991 0
    outer loop
      vertex 41.1592 26.6437 3.4
      vertex 41.3306 26.8457 0
      vertex 41.3306 26.8457 3.4
    endloop
  endfacet
  facet normal 0.762498 -0.646991 0
    outer loop
      vertex 41.3306 26.8457 0
      vertex 41.1592 26.6437 3.4
      vertex 41.1592 26.6437 0
    endloop
  endfacet
  facet normal 0.621515 -0.783403 0
    outer loop
      vertex 41.521 27.03 0
      vertex 41.7286 27.1947 3.4
      vertex 41.521 27.03 3.4
    endloop
  endfacet
  facet normal 0.621515 -0.783403 0
    outer loop
      vertex 41.7286 27.1947 3.4
      vertex 41.521 27.03 0
      vertex 41.7286 27.1947 0
    endloop
  endfacet
  facet normal 0.178952 -0.983858 0
    outer loop
      vertex 42.6882 27.6295 0
      vertex 42.9488 27.6769 3.4
      vertex 42.6882 27.6295 3.4
    endloop
  endfacet
  facet normal 0.178952 -0.983858 0
    outer loop
      vertex 42.9488 27.6769 3.4
      vertex 42.6882 27.6295 0
      vertex 42.9488 27.6769 0
    endloop
  endfacet
endsolid OpenSCAD_Model
